mode: set
orbyte/internal/platform/activity/service.go:57.28,63.2 1 1
orbyte/internal/platform/activity/service.go:65.117,66.111 1 1
orbyte/internal/platform/activity/service.go:66.111,68.3 1 0
orbyte/internal/platform/activity/service.go:69.2,80.18 4 1
orbyte/internal/platform/activity/service.go:83.82,84.114 1 0
orbyte/internal/platform/activity/service.go:84.114,86.3 1 0
orbyte/internal/platform/activity/service.go:87.2,90.18 4 0
orbyte/internal/platform/activity/service.go:93.113,94.114 1 1
orbyte/internal/platform/activity/service.go:94.114,96.3 1 0
orbyte/internal/platform/activity/service.go:97.2,109.18 4 1
orbyte/internal/platform/activity/service.go:112.65,113.30 1 1
orbyte/internal/platform/activity/service.go:113.30,114.50 1 1
orbyte/internal/platform/activity/service.go:114.50,115.12 1 0
orbyte/internal/platform/activity/service.go:117.3,119.30 3 1
orbyte/internal/platform/activity/service.go:121.2,121.58 1 0
orbyte/internal/platform/activity/service.go:124.73,126.34 2 1
orbyte/internal/platform/activity/service.go:126.34,127.65 1 1
orbyte/internal/platform/activity/service.go:127.65,128.12 1 0
orbyte/internal/platform/activity/service.go:130.3,133.5 1 1
orbyte/internal/platform/activity/service.go:135.2,135.36 1 1
orbyte/internal/platform/activity/service.go:135.36,136.65 1 1
orbyte/internal/platform/activity/service.go:136.65,137.12 1 0
orbyte/internal/platform/activity/service.go:139.3,142.5 1 1
orbyte/internal/platform/activity/service.go:144.2,144.40 1 1
orbyte/internal/platform/activity/service.go:144.40,144.98 1 1
orbyte/internal/platform/activity/service.go:145.2,145.14 1 1
orbyte/internal/platform/activity/service.go:148.43,149.38 1 1
orbyte/internal/platform/activity/service.go:149.38,151.3 1 0
orbyte/internal/platform/activity/service.go:152.2,152.35 1 1
orbyte/internal/platform/activity/service.go:155.52,156.21 1 1
orbyte/internal/platform/activity/service.go:156.21,158.3 1 1
orbyte/internal/platform/activity/service.go:159.2,160.32 2 0
orbyte/internal/platform/activity/service.go:160.32,162.3 1 0
orbyte/internal/platform/activity/service.go:163.2,163.15 1 0
orbyte/internal/platform/jobs/memory_repository.go:15.46,20.2 1 1
orbyte/internal/platform/jobs/memory_repository.go:22.64,25.24 3 1
orbyte/internal/platform/jobs/memory_repository.go:25.24,26.54 1 1
orbyte/internal/platform/jobs/memory_repository.go:26.54,27.46 1 1
orbyte/internal/platform/jobs/memory_repository.go:27.46,29.5 1 1
orbyte/internal/platform/jobs/memory_repository.go:32.2,33.24 2 1
orbyte/internal/platform/jobs/memory_repository.go:33.24,35.3 1 1
orbyte/internal/platform/jobs/memory_repository.go:36.2,36.33 1 1
orbyte/internal/platform/jobs/memory_repository.go:39.55,44.2 4 1
orbyte/internal/platform/jobs/memory_repository.go:46.41,50.29 4 0
orbyte/internal/platform/jobs/memory_repository.go:50.29,52.3 1 0
orbyte/internal/platform/jobs/memory_repository.go:53.2,53.40 1 0
orbyte/internal/platform/jobs/memory_repository.go:53.40,53.96 1 0
orbyte/internal/platform/jobs/memory_repository.go:54.2,54.14 1 0
orbyte/internal/platform/jobs/memory_repository.go:57.94,60.16 3 1
orbyte/internal/platform/jobs/memory_repository.go:60.16,62.3 1 0
orbyte/internal/platform/jobs/memory_repository.go:63.2,64.25 2 1
orbyte/internal/platform/jobs/memory_repository.go:64.25,66.3 1 1
orbyte/internal/platform/jobs/memory_repository.go:67.2,67.38 1 1
orbyte/internal/platform/jobs/memory_repository.go:67.38,69.3 1 0
orbyte/internal/platform/jobs/memory_repository.go:70.2,71.25 2 1
orbyte/internal/platform/jobs/memory_repository.go:71.25,73.133 2 1
orbyte/internal/platform/jobs/memory_repository.go:73.133,74.12 1 1
orbyte/internal/platform/jobs/memory_repository.go:76.3,78.29 3 1
orbyte/internal/platform/jobs/memory_repository.go:78.29,80.4 1 1
orbyte/internal/platform/jobs/memory_repository.go:81.3,85.26 5 1
orbyte/internal/platform/jobs/memory_repository.go:85.26,86.9 1 0
orbyte/internal/platform/jobs/memory_repository.go:89.2,89.14 1 1
orbyte/internal/platform/jobs/memory_repository.go:92.101,96.9 4 1
orbyte/internal/platform/jobs/memory_repository.go:96.9,98.3 1 0
orbyte/internal/platform/jobs/memory_repository.go:99.2,105.12 7 1
orbyte/internal/platform/jobs/memory_repository.go:108.92,112.40 4 1
orbyte/internal/platform/jobs/memory_repository.go:112.40,114.3 1 0
orbyte/internal/platform/jobs/memory_repository.go:115.2,117.12 3 1
orbyte/internal/platform/jobs/memory_repository.go:120.108,124.9 4 1
orbyte/internal/platform/jobs/memory_repository.go:124.9,126.3 1 0
orbyte/internal/platform/jobs/memory_repository.go:127.2,132.12 6 1
orbyte/internal/platform/jobs/memory_repository.go:135.73,139.9 4 0
orbyte/internal/platform/jobs/memory_repository.go:139.9,141.3 1 0
orbyte/internal/platform/jobs/memory_repository.go:142.2,146.28 5 0
orbyte/internal/platform/jobs/memory_repository.go:146.28,148.3 1 0
orbyte/internal/platform/jobs/memory_repository.go:149.2,150.12 2 0
orbyte/internal/platform/jobs/postgres_repository.go:15.60,17.2 1 1
orbyte/internal/platform/jobs/postgres_repository.go:19.66,20.37 1 1
orbyte/internal/platform/jobs/postgres_repository.go:20.37,21.57 1 1
orbyte/internal/platform/jobs/postgres_repository.go:21.57,23.4 1 0
orbyte/internal/platform/jobs/postgres_repository.go:25.2,26.16 2 1
orbyte/internal/platform/jobs/postgres_repository.go:26.16,28.3 1 0
orbyte/internal/platform/jobs/postgres_repository.go:29.2,34.170 2 1
orbyte/internal/platform/jobs/postgres_repository.go:34.170,35.38 1 0
orbyte/internal/platform/jobs/postgres_repository.go:35.38,36.58 1 0
orbyte/internal/platform/jobs/postgres_repository.go:36.58,38.5 1 0
orbyte/internal/platform/jobs/postgres_repository.go:40.3,40.27 1 0
orbyte/internal/platform/jobs/postgres_repository.go:42.2,42.33 1 1
orbyte/internal/platform/jobs/postgres_repository.go:45.74,53.2 2 1
orbyte/internal/platform/jobs/postgres_repository.go:55.57,63.2 2 1
orbyte/internal/platform/jobs/postgres_repository.go:65.43,73.16 3 1
orbyte/internal/platform/jobs/postgres_repository.go:73.16,75.3 1 0
orbyte/internal/platform/jobs/postgres_repository.go:76.2,78.18 3 1
orbyte/internal/platform/jobs/postgres_repository.go:78.18,79.43 1 1
orbyte/internal/platform/jobs/postgres_repository.go:79.43,81.4 1 1
orbyte/internal/platform/jobs/postgres_repository.go:83.2,83.14 1 1
orbyte/internal/platform/jobs/postgres_repository.go:86.96,87.16 1 0
orbyte/internal/platform/jobs/postgres_repository.go:87.16,89.3 1 0
orbyte/internal/platform/jobs/postgres_repository.go:90.2,111.16 3 0
orbyte/internal/platform/jobs/postgres_repository.go:111.16,113.3 1 0
orbyte/internal/platform/jobs/postgres_repository.go:114.2,116.18 3 0
orbyte/internal/platform/jobs/postgres_repository.go:116.18,118.9 2 0
orbyte/internal/platform/jobs/postgres_repository.go:118.9,120.4 1 0
orbyte/internal/platform/jobs/postgres_repository.go:122.2,122.40 1 0
orbyte/internal/platform/jobs/postgres_repository.go:122.40,122.96 1 0
orbyte/internal/platform/jobs/postgres_repository.go:123.2,123.14 1 0
orbyte/internal/platform/jobs/postgres_repository.go:126.94,133.2 3 1
orbyte/internal/platform/jobs/postgres_repository.go:135.103,137.16 2 0
orbyte/internal/platform/jobs/postgres_repository.go:137.16,139.3 1 0
orbyte/internal/platform/jobs/postgres_repository.go:140.2,145.12 3 0
orbyte/internal/platform/jobs/postgres_repository.go:148.110,155.2 3 0
orbyte/internal/platform/jobs/postgres_repository.go:157.75,164.2 3 0
orbyte/internal/platform/jobs/postgres_repository.go:170.46,179.183 2 1
orbyte/internal/platform/jobs/postgres_repository.go:179.183,181.3 1 1
orbyte/internal/platform/jobs/postgres_repository.go:182.2,184.21 3 1
orbyte/internal/platform/jobs/postgres_repository.go:184.21,186.3 1 0
orbyte/internal/platform/jobs/postgres_repository.go:187.2,187.19 1 1
orbyte/internal/platform/jobs/postgres_repository.go:187.19,189.3 1 0
orbyte/internal/platform/jobs/postgres_repository.go:190.2,190.19 1 1
orbyte/internal/platform/jobs/postgres_repository.go:190.19,192.3 1 0
orbyte/internal/platform/jobs/postgres_repository.go:193.2,193.18 1 1
orbyte/internal/platform/jobs/postgres_repository.go:196.50,198.2 1 1
orbyte/internal/platform/jobs/postgres_repository.go:200.39,201.82 1 1
orbyte/internal/platform/jobs/postgres_repository.go:201.82,203.3 1 0
orbyte/internal/platform/jobs/postgres_repository.go:204.2,204.115 1 1
orbyte/internal/platform/jobs/postgres_repository.go:204.115,206.3 1 0
orbyte/internal/platform/jobs/postgres_repository.go:207.2,207.14 1 1
orbyte/internal/platform/jobs/service.go:64.28,66.2 1 1
orbyte/internal/platform/jobs/service.go:68.57,69.17 1 1
orbyte/internal/platform/jobs/service.go:69.17,71.3 1 0
orbyte/internal/platform/jobs/service.go:72.2,78.3 1 1
orbyte/internal/platform/jobs/service.go:81.65,82.34 1 1
orbyte/internal/platform/jobs/service.go:82.34,84.3 1 0
orbyte/internal/platform/jobs/service.go:85.2,87.28 3 1
orbyte/internal/platform/jobs/service.go:90.75,91.14 1 1
orbyte/internal/platform/jobs/service.go:91.14,93.3 1 0
orbyte/internal/platform/jobs/service.go:94.2,97.25 4 1
orbyte/internal/platform/jobs/service.go:100.77,102.2 1 1
orbyte/internal/platform/jobs/service.go:104.100,107.2 2 1
orbyte/internal/platform/jobs/service.go:109.114,120.2 3 1
orbyte/internal/platform/jobs/service.go:122.46,124.2 1 1
orbyte/internal/platform/jobs/service.go:126.51,128.9 2 0
orbyte/internal/platform/jobs/service.go:128.9,130.3 1 0
orbyte/internal/platform/jobs/service.go:131.2,131.20 1 0
orbyte/internal/platform/jobs/service.go:132.21,133.62 1 0
orbyte/internal/platform/jobs/service.go:134.20,135.18 1 0
orbyte/internal/platform/jobs/service.go:137.2,137.61 1 0
orbyte/internal/platform/jobs/service.go:137.61,139.3 1 0
orbyte/internal/platform/jobs/service.go:140.2,141.17 2 0
orbyte/internal/platform/jobs/service.go:144.32,145.31 1 0
orbyte/internal/platform/jobs/service.go:145.31,147.3 1 0
orbyte/internal/platform/jobs/service.go:148.2,148.22 1 0
orbyte/internal/platform/jobs/service.go:151.37,153.31 2 0
orbyte/internal/platform/jobs/service.go:153.31,154.21 1 0
orbyte/internal/platform/jobs/service.go:155.21,156.20 1 0
orbyte/internal/platform/jobs/service.go:157.22,158.21 1 0
orbyte/internal/platform/jobs/service.go:159.24,160.23 1 0
orbyte/internal/platform/jobs/service.go:161.21,162.20 1 0
orbyte/internal/platform/jobs/service.go:163.25,164.24 1 0
orbyte/internal/platform/jobs/service.go:167.2,167.16 1 0
orbyte/internal/platform/jobs/service.go:170.49,171.14 1 1
orbyte/internal/platform/jobs/service.go:171.14,173.3 1 0
orbyte/internal/platform/jobs/service.go:174.2,175.21 2 1
orbyte/internal/platform/jobs/service.go:175.21,178.3 2 0
orbyte/internal/platform/jobs/service.go:179.2,183.16 5 1
orbyte/internal/platform/jobs/service.go:186.26,187.14 1 1
orbyte/internal/platform/jobs/service.go:187.14,189.3 1 0
orbyte/internal/platform/jobs/service.go:190.2,194.19 5 1
orbyte/internal/platform/jobs/service.go:194.19,196.3 1 1
orbyte/internal/platform/jobs/service.go:197.2,197.13 1 1
orbyte/internal/platform/jobs/service.go:200.45,204.6 4 1
orbyte/internal/platform/jobs/service.go:204.6,206.17 2 1
orbyte/internal/platform/jobs/service.go:206.17,208.11 2 0
orbyte/internal/platform/jobs/service.go:209.22,210.11 1 0
orbyte/internal/platform/jobs/service.go:211.73,211.73 0 0
orbyte/internal/platform/jobs/service.go:213.9,213.31 1 1
orbyte/internal/platform/jobs/service.go:213.31,215.4 1 1
orbyte/internal/platform/jobs/service.go:215.9,215.34 1 1
orbyte/internal/platform/jobs/service.go:215.34,217.4 1 1
orbyte/internal/platform/jobs/service.go:218.3,218.10 1 1
orbyte/internal/platform/jobs/service.go:219.21,220.10 1 1
orbyte/internal/platform/jobs/service.go:221.19,221.19 0 1
orbyte/internal/platform/jobs/service.go:226.35,229.24 3 1
orbyte/internal/platform/jobs/service.go:229.24,231.3 1 0
orbyte/internal/platform/jobs/service.go:234.44,237.24 3 1
orbyte/internal/platform/jobs/service.go:237.24,239.3 1 1
orbyte/internal/platform/jobs/service.go:242.75,246.28 4 1
orbyte/internal/platform/jobs/service.go:246.28,248.21 2 1
orbyte/internal/platform/jobs/service.go:248.21,249.121 1 1
orbyte/internal/platform/jobs/service.go:249.121,251.5 1 0
orbyte/internal/platform/jobs/service.go:252.4,253.12 2 1
orbyte/internal/platform/jobs/service.go:255.3,258.36 4 1
orbyte/internal/platform/jobs/service.go:258.36,260.4 1 0
orbyte/internal/platform/jobs/service.go:261.3,261.17 1 1
orbyte/internal/platform/jobs/service.go:261.17,263.39 2 1
orbyte/internal/platform/jobs/service.go:263.39,265.5 1 1
orbyte/internal/platform/jobs/service.go:265.10,267.5 1 1
orbyte/internal/platform/jobs/service.go:268.4,268.99 1 1
orbyte/internal/platform/jobs/service.go:268.99,270.5 1 0
orbyte/internal/platform/jobs/service.go:271.4,272.12 2 1
orbyte/internal/platform/jobs/service.go:274.3,274.87 1 1
orbyte/internal/platform/jobs/service.go:274.87,276.4 1 0
orbyte/internal/platform/jobs/service.go:277.3,277.22 1 1
orbyte/internal/platform/jobs/service.go:279.2,279.21 1 1
orbyte/internal/platform/jobs/service.go:282.109,283.47 1 1
orbyte/internal/platform/jobs/service.go:283.47,284.31 1 0
orbyte/internal/platform/jobs/service.go:284.31,284.45 1 0
orbyte/internal/platform/jobs/service.go:286.2,287.19 2 1
orbyte/internal/platform/jobs/service.go:287.19,289.3 1 0
orbyte/internal/platform/jobs/service.go:290.2,293.12 4 1
orbyte/internal/platform/jobs/service.go:293.12,297.7 4 1
orbyte/internal/platform/jobs/service.go:297.7,298.11 1 1
orbyte/internal/platform/jobs/service.go:299.22,300.11 1 1
orbyte/internal/platform/jobs/service.go:301.20,302.79 1 1
orbyte/internal/platform/jobs/service.go:302.79,303.13 1 0
orbyte/internal/platform/jobs/service.go:304.24,304.24 0 0
orbyte/internal/platform/jobs/service.go:305.14,305.14 0 0
orbyte/internal/platform/jobs/service.go:307.6,308.12 2 0
orbyte/internal/platform/jobs/service.go:313.2,313.27 1 1
orbyte/internal/platform/jobs/service.go:313.27,316.10 3 1
orbyte/internal/platform/jobs/service.go:317.23,318.14 1 0
orbyte/internal/platform/jobs/service.go:319.11,320.14 1 1
orbyte/internal/platform/jobs/service.go:325.48,329.2 3 1
orbyte/internal/platform/jobs/service.go:331.52,332.18 1 1
orbyte/internal/platform/jobs/service.go:332.18,334.3 1 1
orbyte/internal/platform/jobs/service.go:335.2,336.32 2 1
orbyte/internal/platform/jobs/service.go:336.32,338.3 1 1
orbyte/internal/platform/jobs/service.go:339.2,339.12 1 1
orbyte/internal/platform/jobs/service.go:342.28,346.2 3 1
orbyte/internal/platform/jobs/service.go:348.52,349.11 1 0
orbyte/internal/platform/jobs/service.go:349.11,351.3 1 0
orbyte/internal/platform/jobs/service.go:352.2,352.10 1 0
orbyte/internal/platform/observability/service.go:71.28,80.2 1 1
orbyte/internal/platform/observability/service.go:82.36,84.2 1 0
orbyte/internal/platform/observability/service.go:86.49,90.2 3 0
orbyte/internal/platform/observability/service.go:92.57,99.2 6 0
orbyte/internal/platform/observability/service.go:101.39,105.31 4 1
orbyte/internal/platform/observability/service.go:105.31,107.3 1 1
orbyte/internal/platform/observability/service.go:108.2,109.30 2 1
orbyte/internal/platform/observability/service.go:109.30,111.18 2 1
orbyte/internal/platform/observability/service.go:111.18,113.4 1 1
orbyte/internal/platform/observability/service.go:114.3,114.95 1 1
orbyte/internal/platform/observability/service.go:116.2,116.77 1 1
orbyte/internal/platform/observability/service.go:119.66,120.19 1 1
orbyte/internal/platform/observability/service.go:120.19,122.3 1 0
orbyte/internal/platform/observability/service.go:123.2,126.106 4 1
orbyte/internal/platform/observability/service.go:129.70,130.19 1 1
orbyte/internal/platform/observability/service.go:130.19,132.3 1 0
orbyte/internal/platform/observability/service.go:133.2,136.103 4 1
orbyte/internal/platform/observability/service.go:139.76,140.20 1 1
orbyte/internal/platform/observability/service.go:140.20,142.3 1 0
orbyte/internal/platform/observability/service.go:143.2,146.107 4 1
orbyte/internal/platform/observability/service.go:149.58,153.32 4 0
orbyte/internal/platform/observability/service.go:153.32,155.3 1 0
orbyte/internal/platform/observability/service.go:156.2,156.40 1 0
orbyte/internal/platform/observability/service.go:156.40,156.78 1 0
orbyte/internal/platform/observability/service.go:157.2,157.14 1 0
orbyte/internal/platform/observability/service.go:160.62,164.29 4 0
orbyte/internal/platform/observability/service.go:164.29,166.3 1 0
orbyte/internal/platform/observability/service.go:167.2,167.40 1 0
orbyte/internal/platform/observability/service.go:167.40,167.78 1 0
orbyte/internal/platform/observability/service.go:168.2,168.14 1 0
orbyte/internal/platform/observability/service.go:171.68,175.31 4 0
orbyte/internal/platform/observability/service.go:175.31,177.3 1 0
orbyte/internal/platform/observability/service.go:178.2,178.40 1 0
orbyte/internal/platform/observability/service.go:178.40,178.80 1 0
orbyte/internal/platform/observability/service.go:179.2,179.14 1 0
orbyte/internal/platform/observability/service.go:182.55,186.36 4 1
orbyte/internal/platform/observability/service.go:186.36,188.3 1 1
orbyte/internal/platform/observability/service.go:189.2,189.40 1 1
orbyte/internal/platform/observability/service.go:189.40,189.78 1 1
orbyte/internal/platform/observability/service.go:190.2,190.14 1 1
orbyte/internal/platform/observability/service.go:193.89,197.9 4 1
orbyte/internal/platform/observability/service.go:197.9,199.3 1 0
orbyte/internal/platform/observability/service.go:200.2,200.38 1 1
orbyte/internal/platform/observability/service.go:200.38,201.37 1 1
orbyte/internal/platform/observability/service.go:201.37,203.4 1 1
orbyte/internal/platform/observability/service.go:205.2,205.31 1 1
orbyte/internal/platform/observability/service.go:205.31,206.38 1 1
orbyte/internal/platform/observability/service.go:206.38,208.4 1 0
orbyte/internal/platform/observability/service.go:210.2,218.12 9 1
orbyte/internal/platform/observability/service.go:221.94,225.9 4 1
orbyte/internal/platform/observability/service.go:225.9,227.3 1 0
orbyte/internal/platform/observability/service.go:228.2,228.26 1 1
orbyte/internal/platform/observability/service.go:228.26,230.3 1 1
orbyte/internal/platform/observability/service.go:231.2,231.38 1 1
orbyte/internal/platform/observability/service.go:231.38,232.37 1 1
orbyte/internal/platform/observability/service.go:232.37,234.4 1 0
orbyte/internal/platform/observability/service.go:236.2,236.31 1 1
orbyte/internal/platform/observability/service.go:236.31,237.38 1 1
orbyte/internal/platform/observability/service.go:237.38,239.4 1 0
orbyte/internal/platform/observability/service.go:241.2,253.12 13 1
orbyte/internal/platform/observability/service.go:256.73,260.9 4 1
orbyte/internal/platform/observability/service.go:260.9,262.3 1 0
orbyte/internal/platform/observability/service.go:263.2,263.46 1 1
orbyte/internal/platform/observability/service.go:263.46,264.37 1 1
orbyte/internal/platform/observability/service.go:264.37,266.4 1 1
orbyte/internal/platform/observability/service.go:268.2,276.12 9 1
orbyte/internal/platform/observability/service.go:279.82,283.9 4 1
orbyte/internal/platform/observability/service.go:283.9,285.3 1 0
orbyte/internal/platform/observability/service.go:286.2,286.48 1 1
orbyte/internal/platform/observability/service.go:286.48,288.3 1 1
orbyte/internal/platform/observability/service.go:289.2,297.12 9 1
orbyte/internal/platform/observability/service.go:300.73,308.2 7 1
orbyte/internal/platform/observability/service.go:310.70,318.2 7 1
orbyte/internal/platform/observability/service.go:320.72,328.2 7 1
orbyte/internal/platform/observability/service.go:330.54,331.29 1 1
orbyte/internal/platform/observability/service.go:331.29,332.24 1 1
orbyte/internal/platform/observability/service.go:332.24,334.4 1 1
orbyte/internal/platform/observability/service.go:336.2,336.14 1 0
orbyte/internal/platform/observability/service.go:339.45,343.31 4 1
orbyte/internal/platform/observability/service.go:343.31,345.3 1 1
orbyte/internal/platform/observability/service.go:346.2,347.27 2 1
orbyte/internal/platform/observability/service.go:347.27,350.3 2 1
orbyte/internal/platform/observability/service.go:351.2,352.30 2 1
orbyte/internal/platform/observability/service.go:352.30,354.3 1 1
orbyte/internal/platform/observability/service.go:355.2,356.33 2 1
orbyte/internal/platform/observability/service.go:356.33,362.3 5 1
orbyte/internal/platform/observability/service.go:363.2,363.41 1 1
orbyte/internal/platform/observability/service.go:366.38,369.2 2 1
orbyte/internal/platform/observability/service.go:371.73,372.24 1 1
orbyte/internal/platform/observability/service.go:372.24,373.34 1 1
orbyte/internal/platform/observability/service.go:373.34,375.4 1 1
orbyte/internal/platform/observability/service.go:377.2,377.18 1 0
orbyte/internal/platform/observability/service.go:380.80,381.24 1 1
orbyte/internal/platform/observability/service.go:381.24,382.34 1 1
orbyte/internal/platform/observability/service.go:382.34,384.4 1 1
orbyte/internal/platform/observability/service.go:386.2,386.18 1 0
orbyte/internal/platform/logging/service.go:21.28,23.2 1 0
orbyte/internal/platform/logging/service.go:25.54,26.19 1 1
orbyte/internal/platform/logging/service.go:26.19,28.3 1 0
orbyte/internal/platform/logging/service.go:29.2,29.33 1 1
orbyte/internal/platform/logging/service.go:32.63,34.2 1 1
orbyte/internal/platform/logging/service.go:36.64,38.2 1 0
orbyte/internal/platform/logging/service.go:40.69,46.33 2 1
orbyte/internal/platform/logging/service.go:46.33,48.3 1 1
orbyte/internal/platform/logging/service.go:49.2,50.16 2 1
orbyte/internal/platform/logging/service.go:50.16,52.3 1 0
orbyte/internal/platform/logging/service.go:53.2,55.46 3 1
orbyte/internal/platform/logging/service.go:58.83,60.2 1 1
orbyte/internal/platform/logging/service.go:62.48,65.2 2 1
orbyte/internal/platform/organization/memory_repository.go:8.85,10.2 1 1
orbyte/internal/platform/organization/memory_repository.go:12.48,14.2 1 1
orbyte/internal/platform/organization/memory_repository.go:16.51,18.2 1 1
orbyte/internal/platform/organization/postgres_repository.go:12.60,14.2 1 1
orbyte/internal/platform/organization/postgres_repository.go:16.50,32.16 4 1
orbyte/internal/platform/organization/postgres_repository.go:32.16,34.3 1 0
orbyte/internal/platform/organization/postgres_repository.go:35.2,35.13 1 1
orbyte/internal/platform/organization/postgres_repository.go:38.53,45.16 3 1
orbyte/internal/platform/organization/postgres_repository.go:45.16,47.3 1 0
orbyte/internal/platform/organization/postgres_repository.go:48.2,51.18 3 1
orbyte/internal/platform/organization/postgres_repository.go:51.18,63.17 2 1
orbyte/internal/platform/organization/postgres_repository.go:63.17,64.12 1 0
orbyte/internal/platform/organization/postgres_repository.go:66.3,66.38 1 1
orbyte/internal/platform/organization/postgres_repository.go:68.2,68.18 1 1
orbyte/internal/platform/organization/service.go:9.28,30.2 4 1
orbyte/internal/platform/organization/service.go:32.57,34.2 1 1
orbyte/internal/platform/organization/service.go:36.39,38.2 1 1
orbyte/internal/platform/organization/service.go:40.42,42.2 1 1
orbyte/internal/platform/organization/service.go:44.59,49.46 2 1
orbyte/internal/platform/organization/service.go:49.46,51.32 2 1
orbyte/internal/platform/organization/service.go:51.32,54.4 2 1
orbyte/internal/platform/organization/service.go:56.2,56.12 1 1
orbyte/internal/platform/audit/memory_repository.go:9.46,11.2 1 1
orbyte/internal/platform/audit/memory_repository.go:13.52,16.2 2 1
orbyte/internal/platform/audit/memory_repository.go:18.43,20.40 2 1
orbyte/internal/platform/audit/memory_repository.go:20.40,22.3 1 0
orbyte/internal/platform/audit/memory_repository.go:23.2,23.14 1 1
orbyte/internal/platform/audit/postgres_repository.go:14.60,16.2 1 1
orbyte/internal/platform/audit/postgres_repository.go:18.54,20.16 2 1
orbyte/internal/platform/audit/postgres_repository.go:20.16,22.3 1 0
orbyte/internal/platform/audit/postgres_repository.go:23.2,40.12 3 1
orbyte/internal/platform/audit/postgres_repository.go:43.45,50.16 3 1
orbyte/internal/platform/audit/postgres_repository.go:50.16,52.3 1 0
orbyte/internal/platform/audit/postgres_repository.go:53.2,55.18 3 1
orbyte/internal/platform/audit/postgres_repository.go:55.18,58.190 3 1
orbyte/internal/platform/audit/postgres_repository.go:58.190,59.12 1 0
orbyte/internal/platform/audit/postgres_repository.go:61.3,62.30 2 1
orbyte/internal/platform/audit/postgres_repository.go:64.2,64.40 1 1
orbyte/internal/platform/audit/postgres_repository.go:64.40,66.3 1 0
orbyte/internal/platform/audit/postgres_repository.go:67.2,67.14 1 1
orbyte/internal/platform/audit/service.go:7.28,9.2 1 1
orbyte/internal/platform/audit/service.go:11.57,13.2 1 1
orbyte/internal/platform/audit/service.go:15.45,17.2 1 1
orbyte/internal/platform/audit/service.go:19.34,21.2 1 1
orbyte/cmd/migrate/main.go:18.13,19.22 1 0
orbyte/cmd/migrate/main.go:19.22,21.3 1 0
orbyte/cmd/migrate/main.go:22.2,23.16 2 0
orbyte/cmd/migrate/main.go:23.16,25.3 1 0
orbyte/cmd/migrate/main.go:26.2,26.43 1 0
orbyte/cmd/migrate/main.go:26.43,28.3 1 0
orbyte/cmd/migrate/main.go:29.2,29.15 1 0
orbyte/cmd/migrate/main.go:29.15,29.39 1 0
orbyte/cmd/migrate/main.go:31.2,31.20 1 0
orbyte/cmd/migrate/main.go:32.12,33.62 1 0
orbyte/cmd/migrate/main.go:33.62,35.4 1 0
orbyte/cmd/migrate/main.go:36.16,37.64 1 0
orbyte/cmd/migrate/main.go:37.64,39.4 1 0
orbyte/cmd/migrate/main.go:40.10,41.47 1 0
orbyte/cmd/migrate/main.go:45.46,46.49 1 0
orbyte/cmd/migrate/main.go:46.49,48.3 1 0
orbyte/cmd/migrate/main.go:49.2,50.16 2 0
orbyte/cmd/migrate/main.go:50.16,52.3 1 0
orbyte/cmd/migrate/main.go:53.2,54.16 2 0
orbyte/cmd/migrate/main.go:54.16,56.3 1 0
orbyte/cmd/migrate/main.go:57.2,57.29 1 0
orbyte/cmd/migrate/main.go:57.29,59.17 2 0
orbyte/cmd/migrate/main.go:59.17,61.4 1 0
orbyte/cmd/migrate/main.go:62.3,64.32 3 0
orbyte/cmd/migrate/main.go:64.32,66.12 2 0
orbyte/cmd/migrate/main.go:68.3,68.55 1 0
orbyte/cmd/migrate/main.go:68.55,70.4 1 0
orbyte/cmd/migrate/main.go:71.3,72.17 2 0
orbyte/cmd/migrate/main.go:72.17,74.4 1 0
orbyte/cmd/migrate/main.go:75.3,75.82 1 0
orbyte/cmd/migrate/main.go:75.82,78.4 2 0
orbyte/cmd/migrate/main.go:79.3,82.52 1 0
orbyte/cmd/migrate/main.go:82.52,85.4 2 0
orbyte/cmd/migrate/main.go:86.3,86.37 1 0
orbyte/cmd/migrate/main.go:86.37,88.4 1 0
orbyte/cmd/migrate/main.go:89.3,89.35 1 0
orbyte/cmd/migrate/main.go:91.2,91.12 1 0
orbyte/cmd/migrate/main.go:94.48,95.49 1 0
orbyte/cmd/migrate/main.go:95.49,97.3 1 0
orbyte/cmd/migrate/main.go:98.2,99.16 2 0
orbyte/cmd/migrate/main.go:99.16,101.3 1 0
orbyte/cmd/migrate/main.go:102.2,103.16 2 0
orbyte/cmd/migrate/main.go:103.16,105.3 1 0
orbyte/cmd/migrate/main.go:106.2,106.29 1 0
orbyte/cmd/migrate/main.go:106.29,109.26 3 0
orbyte/cmd/migrate/main.go:109.26,111.4 1 0
orbyte/cmd/migrate/main.go:112.3,112.37 1 0
orbyte/cmd/migrate/main.go:114.2,114.12 1 0
orbyte/cmd/migrate/main.go:117.45,126.2 2 0
orbyte/cmd/migrate/main.go:128.63,130.16 2 0
orbyte/cmd/migrate/main.go:130.16,132.3 1 0
orbyte/cmd/migrate/main.go:133.2,135.18 3 0
orbyte/cmd/migrate/main.go:135.18,138.57 3 0
orbyte/cmd/migrate/main.go:138.57,140.4 1 0
orbyte/cmd/migrate/main.go:141.3,141.29 1 0
orbyte/cmd/migrate/main.go:143.2,143.19 1 0
orbyte/cmd/migrate/main.go:146.51,148.16 2 0
orbyte/cmd/migrate/main.go:148.16,150.3 1 0
orbyte/cmd/migrate/main.go:151.2,152.32 2 0
orbyte/cmd/migrate/main.go:152.32,153.64 1 0
orbyte/cmd/migrate/main.go:153.64,154.12 1 0
orbyte/cmd/migrate/main.go:156.3,156.58 1 0
orbyte/cmd/migrate/main.go:158.2,159.19 2 0
orbyte/cmd/migrate/main.go:162.41,165.2 2 0
orbyte/cmd/migrate/main.go:167.41,170.2 2 0
orbyte/cmd/modulegen/main.go:32.13,33.48 1 0
orbyte/cmd/modulegen/main.go:33.48,35.3 1 0
orbyte/cmd/modulegen/main.go:36.2,38.16 3 0
orbyte/cmd/modulegen/main.go:38.16,40.3 1 0
orbyte/cmd/modulegen/main.go:41.2,42.16 2 0
orbyte/cmd/modulegen/main.go:42.16,44.3 1 0
orbyte/cmd/modulegen/main.go:45.2,46.16 2 0
orbyte/cmd/modulegen/main.go:46.16,48.3 1 0
orbyte/cmd/modulegen/main.go:49.2,49.17 1 0
orbyte/cmd/modulegen/main.go:50.17,52.17 2 0
orbyte/cmd/modulegen/main.go:52.17,54.4 1 0
orbyte/cmd/modulegen/main.go:55.3,55.30 1 0
orbyte/cmd/modulegen/main.go:56.18,57.58 1 0
orbyte/cmd/modulegen/main.go:58.14,60.17 2 0
orbyte/cmd/modulegen/main.go:60.17,62.4 1 0
orbyte/cmd/modulegen/main.go:63.3,64.35 2 0
orbyte/cmd/modulegen/main.go:64.35,67.4 2 0
orbyte/cmd/modulegen/main.go:68.14,70.17 2 0
orbyte/cmd/modulegen/main.go:70.17,72.4 1 0
orbyte/cmd/modulegen/main.go:73.3,74.35 2 0
orbyte/cmd/modulegen/main.go:74.35,77.4 2 0
orbyte/cmd/modulegen/main.go:78.10,79.44 1 0
orbyte/cmd/modulegen/main.go:83.61,113.39 30 0
orbyte/cmd/modulegen/main.go:113.39,115.3 1 0
orbyte/cmd/modulegen/main.go:116.2,117.18 2 0
orbyte/cmd/modulegen/main.go:120.40,121.35 1 0
orbyte/cmd/modulegen/main.go:121.35,123.3 1 0
orbyte/cmd/modulegen/main.go:124.2,124.32 1 0
orbyte/cmd/modulegen/main.go:127.41,130.2 2 0
orbyte/cmd/modulegen/main.go:132.53,142.42 2 0
orbyte/cmd/modulegen/main.go:142.42,144.51 2 0
orbyte/cmd/modulegen/main.go:144.51,150.4 1 0
orbyte/cmd/modulegen/main.go:152.2,152.12 1 0
orbyte/internal/modules/clinic.go:12.63,14.2 1 1
orbyte/internal/modules/clinic.go:16.59,308.2 1 1
orbyte/internal/modules/registry.go:16.31,18.2 1 0
orbyte/internal/modules/registry.go:20.68,21.17 1 1
orbyte/internal/modules/registry.go:22.22,23.45 1 1
orbyte/internal/modules/registry.go:24.21,25.68 1 1
orbyte/internal/modules/registry.go:26.18,27.62 1 1
orbyte/internal/modules/registry.go:28.10,29.63 1 1
orbyte/internal/modules/registry.go:33.47,39.2 2 1
orbyte/internal/modules/registry.go:41.50,43.2 1 1
orbyte/internal/modules/registry.go:45.47,47.2 1 1
orbyte/internal/modules/registry.go:49.84,51.2 1 1
orbyte/internal/modules/registry.go:53.119,55.21 2 1
orbyte/internal/modules/registry.go:55.21,57.3 1 1
orbyte/internal/modules/registry.go:58.2,58.19 1 1
orbyte/internal/modulegen/generator.go:22.55,24.49 2 1
orbyte/internal/modulegen/generator.go:24.49,26.3 1 0
orbyte/internal/modulegen/generator.go:27.2,32.16 5 1
orbyte/internal/modulegen/generator.go:32.16,34.3 1 0
orbyte/internal/modulegen/generator.go:35.2,38.16 3 1
orbyte/internal/modulegen/generator.go:38.16,40.3 1 0
orbyte/internal/modulegen/generator.go:41.2,43.33 2 1
orbyte/internal/modulegen/generator.go:43.33,45.17 2 1
orbyte/internal/modulegen/generator.go:45.17,47.4 1 0
orbyte/internal/modulegen/generator.go:48.3,48.120 1 1
orbyte/internal/modulegen/generator.go:51.2,51.29 1 1
orbyte/internal/modulegen/generator.go:51.29,53.17 2 1
orbyte/internal/modulegen/generator.go:53.17,55.4 1 0
orbyte/internal/modulegen/generator.go:56.3,56.112 1 1
orbyte/internal/modulegen/generator.go:59.2,59.46 1 1
orbyte/internal/modulegen/generator.go:59.46,61.70 2 1
orbyte/internal/modulegen/generator.go:61.70,63.4 1 0
orbyte/internal/modulegen/generator.go:64.3,64.105 1 1
orbyte/internal/modulegen/generator.go:67.2,67.26 1 1
orbyte/internal/modulegen/generator.go:67.26,69.17 2 1
orbyte/internal/modulegen/generator.go:69.17,71.4 1 0
orbyte/internal/modulegen/generator.go:72.3,72.110 1 1
orbyte/internal/modulegen/generator.go:75.2,75.30 1 1
orbyte/internal/modulegen/generator.go:75.30,77.17 2 1
orbyte/internal/modulegen/generator.go:77.17,79.4 1 0
orbyte/internal/modulegen/generator.go:80.3,80.127 1 1
orbyte/internal/modulegen/generator.go:83.2,84.16 2 1
orbyte/internal/modulegen/generator.go:84.16,86.3 1 0
orbyte/internal/modulegen/generator.go:87.2,88.40 2 1
orbyte/internal/modulegen/generator.go:88.40,88.80 1 1
orbyte/internal/modulegen/generator.go:89.2,89.44 1 1
orbyte/internal/modulegen/generator.go:92.53,94.16 2 1
orbyte/internal/modulegen/generator.go:94.16,96.3 1 0
orbyte/internal/modulegen/generator.go:97.2,97.34 1 1
orbyte/internal/modulegen/generator.go:97.34,98.69 1 1
orbyte/internal/modulegen/generator.go:98.69,100.4 1 0
orbyte/internal/modulegen/generator.go:101.3,101.78 1 1
orbyte/internal/modulegen/generator.go:101.78,103.4 1 0
orbyte/internal/modulegen/generator.go:105.2,105.18 1 1
orbyte/internal/modulegen/generator.go:108.68,111.16 3 1
orbyte/internal/modulegen/generator.go:111.16,113.3 1 0
orbyte/internal/modulegen/generator.go:114.2,116.40 3 1
orbyte/internal/modulegen/generator.go:116.40,118.3 1 0
orbyte/internal/modulegen/generator.go:119.2,119.55 1 1
orbyte/internal/modulegen/generator.go:119.55,121.3 1 0
orbyte/internal/modulegen/generator.go:122.2,122.128 1 1
orbyte/internal/modulegen/generator.go:122.128,124.3 1 0
orbyte/internal/modulegen/generator.go:125.2,125.53 1 1
orbyte/internal/modulegen/generator.go:125.53,127.3 1 0
orbyte/internal/modulegen/generator.go:128.2,130.18 3 1
orbyte/internal/modulegen/generator.go:133.80,135.16 2 1
orbyte/internal/modulegen/generator.go:135.16,137.3 1 0
orbyte/internal/modulegen/generator.go:138.2,138.31 1 1
orbyte/internal/modulegen/spec.go:29.48,30.51 1 0
orbyte/internal/modulegen/spec.go:31.37,34.13 3 0
orbyte/internal/modulegen/spec.go:35.38,38.13 3 0
orbyte/internal/modulegen/spec.go:39.10,40.49 1 0
orbyte/internal/modulegen/spec.go:44.40,45.12 1 0
orbyte/internal/modulegen/spec.go:45.12,47.3 1 0
orbyte/internal/modulegen/spec.go:48.2,48.13 1 0
orbyte/internal/modulegen/spec.go:48.13,50.3 1 0
orbyte/internal/modulegen/spec.go:51.2,51.16 1 0
orbyte/internal/modulegen/spec.go:162.42,164.35 2 0
orbyte/internal/modulegen/spec.go:164.35,166.3 1 0
orbyte/internal/modulegen/spec.go:167.2,168.16 2 0
orbyte/internal/modulegen/spec.go:168.16,170.3 1 0
orbyte/internal/modulegen/spec.go:171.2,171.55 1 0
orbyte/internal/modulegen/spec.go:171.55,173.3 1 0
orbyte/internal/modulegen/spec.go:174.2,174.18 1 0
orbyte/internal/modulegen/spec.go:177.57,179.39 2 1
orbyte/internal/modulegen/spec.go:179.39,181.3 1 1
orbyte/internal/modulegen/spec.go:182.2,182.40 1 1
orbyte/internal/modulegen/spec.go:182.40,184.3 1 1
orbyte/internal/modulegen/spec.go:185.2,185.43 1 1
orbyte/internal/modulegen/spec.go:185.43,187.3 1 0
orbyte/internal/modulegen/spec.go:188.2,188.48 1 1
orbyte/internal/modulegen/spec.go:188.48,190.3 1 1
orbyte/internal/modulegen/spec.go:191.2,191.40 1 1
orbyte/internal/modulegen/spec.go:191.40,193.3 1 1
orbyte/internal/modulegen/spec.go:194.2,194.31 1 1
orbyte/internal/modulegen/spec.go:194.31,196.3 1 1
orbyte/internal/modulegen/spec.go:197.2,197.36 1 1
orbyte/internal/modulegen/spec.go:197.36,199.3 1 1
orbyte/internal/modulegen/spec.go:200.2,200.28 1 1
orbyte/internal/modulegen/spec.go:200.28,202.3 1 1
orbyte/internal/modulegen/spec.go:203.2,204.43 2 1
orbyte/internal/modulegen/spec.go:204.43,205.78 1 1
orbyte/internal/modulegen/spec.go:205.78,207.4 1 0
orbyte/internal/modulegen/spec.go:209.2,231.59 23 1
orbyte/internal/modulegen/spec.go:234.49,235.38 1 1
orbyte/internal/modulegen/spec.go:235.38,237.3 1 0
orbyte/internal/modulegen/spec.go:238.2,238.47 1 1
orbyte/internal/modulegen/spec.go:238.47,240.3 1 0
orbyte/internal/modulegen/spec.go:241.2,241.26 1 1
orbyte/internal/modulegen/spec.go:242.60,242.60 0 1
orbyte/internal/modulegen/spec.go:243.10,244.68 1 0
orbyte/internal/modulegen/spec.go:246.2,247.46 2 1
orbyte/internal/modulegen/spec.go:247.46,249.3 1 0
orbyte/internal/modulegen/spec.go:250.2,251.54 2 1
orbyte/internal/modulegen/spec.go:251.54,252.70 1 1
orbyte/internal/modulegen/spec.go:252.70,254.4 1 0
orbyte/internal/modulegen/spec.go:256.2,257.59 2 1
orbyte/internal/modulegen/spec.go:257.59,258.81 1 1
orbyte/internal/modulegen/spec.go:258.81,260.4 1 0
orbyte/internal/modulegen/spec.go:261.3,261.67 1 1
orbyte/internal/modulegen/spec.go:261.67,263.4 1 0
orbyte/internal/modulegen/spec.go:265.2,265.72 1 1
orbyte/internal/modulegen/spec.go:265.72,266.50 1 1
orbyte/internal/modulegen/spec.go:266.50,268.4 1 0
orbyte/internal/modulegen/spec.go:270.2,270.69 1 1
orbyte/internal/modulegen/spec.go:270.69,271.46 1 1
orbyte/internal/modulegen/spec.go:271.46,273.4 1 0
orbyte/internal/modulegen/spec.go:274.3,274.34 1 1
orbyte/internal/modulegen/spec.go:274.34,276.4 1 0
orbyte/internal/modulegen/spec.go:277.3,278.43 2 1
orbyte/internal/modulegen/spec.go:278.43,279.42 1 1
orbyte/internal/modulegen/spec.go:279.42,281.5 1 0
orbyte/internal/modulegen/spec.go:282.4,282.43 1 1
orbyte/internal/modulegen/spec.go:282.43,284.5 1 0
orbyte/internal/modulegen/spec.go:285.4,285.23 1 1
orbyte/internal/modulegen/spec.go:285.23,287.5 1 0
orbyte/internal/modulegen/spec.go:288.4,288.26 1 1
orbyte/internal/modulegen/spec.go:291.2,291.12 1 1
orbyte/internal/modulegen/spec.go:294.36,295.26 1 1
orbyte/internal/modulegen/spec.go:296.20,297.241 1 1
orbyte/internal/modulegen/spec.go:297.241,299.4 1 1
orbyte/internal/modulegen/spec.go:300.3,300.103 1 1
orbyte/internal/modulegen/spec.go:301.17,302.241 1 1
orbyte/internal/modulegen/spec.go:302.241,304.4 1 1
orbyte/internal/modulegen/spec.go:305.3,305.90 1 1
orbyte/internal/modulegen/spec.go:306.18,307.241 1 1
orbyte/internal/modulegen/spec.go:307.241,309.4 1 1
orbyte/internal/modulegen/spec.go:310.3,310.103 1 1
orbyte/internal/modulegen/spec.go:311.23,312.241 1 0
orbyte/internal/modulegen/spec.go:312.241,314.4 1 0
orbyte/internal/modulegen/spec.go:315.3,315.90 1 0
orbyte/internal/modulegen/spec.go:317.2,317.43 1 1
orbyte/internal/modulegen/spec.go:317.43,319.41 2 1
orbyte/internal/modulegen/spec.go:319.41,325.4 1 1
orbyte/internal/modulegen/spec.go:329.38,330.102 1 1
orbyte/internal/modulegen/spec.go:330.102,332.3 1 1
orbyte/internal/modulegen/spec.go:333.2,333.65 1 1
orbyte/internal/modulegen/spec.go:333.65,335.3 1 1
orbyte/internal/modulegen/spec.go:336.2,336.95 1 1
orbyte/internal/modulegen/spec.go:336.95,338.3 1 1
orbyte/internal/modulegen/spec.go:339.2,339.58 1 1
orbyte/internal/modulegen/spec.go:339.58,341.3 1 1
orbyte/internal/modulegen/spec.go:342.2,342.102 1 1
orbyte/internal/modulegen/spec.go:342.102,347.3 1 1
orbyte/internal/modulegen/spec.go:350.39,355.2 4 1
orbyte/internal/modulegen/spec.go:357.39,366.2 8 1
orbyte/internal/modulegen/spec.go:368.55,369.18 1 1
orbyte/internal/modulegen/spec.go:369.18,371.3 1 1
orbyte/internal/modulegen/spec.go:372.2,372.18 1 1
orbyte/internal/modulegen/spec.go:375.38,378.2 2 1
orbyte/internal/modulegen/spec.go:380.61,381.18 1 1
orbyte/internal/modulegen/spec.go:381.18,383.3 1 1
orbyte/internal/modulegen/spec.go:386.65,387.18 1 1
orbyte/internal/modulegen/spec.go:387.18,390.3 2 1
orbyte/internal/modulegen/spec.go:393.73,394.22 1 1
orbyte/internal/modulegen/spec.go:394.22,396.3 1 0
orbyte/internal/modulegen/spec.go:397.2,397.43 1 1
orbyte/internal/modulegen/spec.go:400.53,401.53 1 1
orbyte/internal/modulegen/spec.go:402.21,403.13 1 0
orbyte/internal/modulegen/spec.go:404.17,428.13 10 1
orbyte/internal/modulegen/spec.go:429.20,453.13 10 0
orbyte/internal/modulegen/spec.go:454.22,478.13 10 0
orbyte/internal/modulegen/spec.go:479.27,504.13 11 1
orbyte/internal/modulegen/spec.go:505.10,506.55 1 0
orbyte/internal/modulegen/spec.go:510.40,511.35 1 1
orbyte/internal/modulegen/spec.go:511.35,513.3 1 0
orbyte/internal/modulegen/spec.go:514.2,514.13 1 1
orbyte/internal/modulegen/templates.go:47.48,87.2 6 1
orbyte/internal/modulegen/templates.go:89.68,91.31 2 1
orbyte/internal/modulegen/templates.go:91.31,97.21 2 1
orbyte/internal/modulegen/templates.go:97.21,99.4 1 1
orbyte/internal/modulegen/templates.go:100.3,100.21 1 1
orbyte/internal/modulegen/templates.go:100.21,102.4 1 0
orbyte/internal/modulegen/templates.go:103.3,103.20 1 1
orbyte/internal/modulegen/templates.go:103.20,105.4 1 0
orbyte/internal/modulegen/templates.go:106.3,106.22 1 1
orbyte/internal/modulegen/templates.go:106.22,108.4 1 1
orbyte/internal/modulegen/templates.go:109.3,109.51 1 1
orbyte/internal/modulegen/templates.go:109.51,111.4 1 0
orbyte/internal/modulegen/templates.go:112.3,112.49 1 1
orbyte/internal/modulegen/templates.go:112.49,114.4 1 1
orbyte/internal/modulegen/templates.go:115.3,115.33 1 1
orbyte/internal/modulegen/templates.go:115.33,117.4 1 1
orbyte/internal/modulegen/templates.go:118.3,118.33 1 1
orbyte/internal/modulegen/templates.go:118.33,120.4 1 1
orbyte/internal/modulegen/templates.go:121.3,121.55 1 1
orbyte/internal/modulegen/templates.go:121.55,123.4 1 1
orbyte/internal/modulegen/templates.go:124.3,124.56 1 1
orbyte/internal/modulegen/templates.go:124.56,126.4 1 1
orbyte/internal/modulegen/templates.go:127.3,127.32 1 1
orbyte/internal/modulegen/templates.go:127.32,129.4 1 1
orbyte/internal/modulegen/templates.go:130.3,130.52 1 1
orbyte/internal/modulegen/templates.go:130.52,132.4 1 0
orbyte/internal/modulegen/templates.go:133.3,133.52 1 1
orbyte/internal/modulegen/templates.go:133.52,135.4 1 0
orbyte/internal/modulegen/templates.go:136.3,136.40 1 1
orbyte/internal/modulegen/templates.go:136.40,138.49 2 0
orbyte/internal/modulegen/templates.go:138.49,140.5 1 0
orbyte/internal/modulegen/templates.go:141.4,141.87 1 0
orbyte/internal/modulegen/templates.go:143.3,143.55 1 1
orbyte/internal/modulegen/templates.go:145.2,145.12 1 1
orbyte/internal/modulegen/templates.go:148.78,149.31 1 1
orbyte/internal/modulegen/templates.go:149.31,150.29 1 1
orbyte/internal/modulegen/templates.go:150.29,152.4 1 1
orbyte/internal/modulegen/templates.go:154.2,154.22 1 1
orbyte/internal/modulegen/templates.go:154.22,156.3 1 1
orbyte/internal/modulegen/templates.go:157.2,157.22 1 1
orbyte/internal/modulegen/templates.go:160.38,161.31 1 1
orbyte/internal/modulegen/templates.go:162.14,163.30 1 1
orbyte/internal/modulegen/templates.go:164.12,165.12 1 0
orbyte/internal/modulegen/templates.go:165.12,167.4 1 0
orbyte/internal/modulegen/templates.go:168.3,168.17 1 0
orbyte/internal/modulegen/templates.go:169.11,170.29 1 0
orbyte/internal/modulegen/templates.go:171.13,172.34 1 0
orbyte/internal/modulegen/templates.go:173.15,174.49 1 0
orbyte/internal/modulegen/templates.go:175.15,176.58 1 0
orbyte/internal/modulegen/templates.go:177.10,178.49 1 0
orbyte/internal/modulegen/templates.go:182.45,183.31 1 1
orbyte/internal/modulegen/templates.go:183.31,184.37 1 1
orbyte/internal/modulegen/templates.go:184.37,186.4 1 1
orbyte/internal/modulegen/templates.go:188.2,188.11 1 0
orbyte/internal/modulegen/templates.go:191.40,192.55 1 1
orbyte/internal/modulegen/templates.go:192.55,194.3 1 1
orbyte/internal/modulegen/templates.go:195.2,195.21 1 1
orbyte/internal/modulegen/templates.go:195.21,197.3 1 0
orbyte/internal/modulegen/templates.go:198.2,199.29 2 1
orbyte/internal/modulegen/templates.go:199.29,200.17 1 1
orbyte/internal/modulegen/templates.go:200.17,201.12 1 0
orbyte/internal/modulegen/templates.go:203.3,204.20 2 1
orbyte/internal/modulegen/templates.go:204.20,206.4 1 1
orbyte/internal/modulegen/templates.go:208.2,208.18 1 1
orbyte/internal/modulegen/templates.go:208.18,210.3 1 0
orbyte/internal/modulegen/templates.go:211.2,211.19 1 1
orbyte/internal/modulegen/templates.go:214.73,216.16 2 1
orbyte/internal/modulegen/templates.go:216.16,218.3 1 0
orbyte/internal/modulegen/templates.go:219.2,220.48 2 1
orbyte/internal/modulegen/templates.go:220.48,222.3 1 0
orbyte/internal/modulegen/templates.go:223.2,224.16 2 1
orbyte/internal/modulegen/templates.go:224.16,226.3 1 0
orbyte/internal/modulegen/templates.go:227.2,227.31 1 1
orbyte/internal/modulegen/templates.go:230.67,234.2 1 1
orbyte/cmd/server/main.go:17.13,20.16 3 0
orbyte/cmd/server/main.go:20.16,23.3 2 0
orbyte/cmd/server/main.go:24.2,28.16 2 0
orbyte/cmd/server/main.go:28.16,31.3 2 0
orbyte/cmd/server/main.go:32.2,32.15 1 0
orbyte/cmd/server/main.go:32.15,33.45 1 0
orbyte/cmd/server/main.go:33.45,35.4 1 0
orbyte/cmd/server/main.go:37.2,50.12 5 0
orbyte/cmd/server/main.go:50.12,55.54 5 0
orbyte/cmd/server/main.go:55.54,57.4 1 0
orbyte/cmd/server/main.go:60.2,61.79 2 0
orbyte/cmd/server/main.go:61.79,64.3 2 0
orbyte/cmd/server/main.go:65.2,65.30 1 0
orbyte/cmd/server/main.go:68.72,70.15 2 0
orbyte/cmd/server/main.go:70.15,72.3 1 0
orbyte/cmd/server/main.go:73.2,74.16 2 0
orbyte/cmd/server/main.go:74.16,76.3 1 0
orbyte/cmd/server/main.go:77.2,78.31 2 0
orbyte/cmd/server/main.go:78.31,80.3 1 0
orbyte/cmd/server/main.go:81.2,81.45 1 0
orbyte/internal/platform/analytics/delivery_adapters.go:30.66,32.2 1 1
orbyte/internal/platform/analytics/delivery_adapters.go:36.83,37.21 1 1
orbyte/internal/platform/analytics/delivery_adapters.go:37.21,39.3 1 1
orbyte/internal/platform/analytics/delivery_adapters.go:40.2,40.57 1 1
orbyte/internal/platform/analytics/delivery_adapters.go:47.82,48.21 1 1
orbyte/internal/platform/analytics/delivery_adapters.go:48.21,50.3 1 0
orbyte/internal/platform/analytics/delivery_adapters.go:51.2,52.19 2 1
orbyte/internal/platform/analytics/delivery_adapters.go:52.19,54.3 1 1
orbyte/internal/platform/analytics/delivery_adapters.go:55.2,56.16 2 1
orbyte/internal/platform/analytics/delivery_adapters.go:56.16,58.3 1 0
orbyte/internal/platform/analytics/delivery_adapters.go:59.2,62.16 4 1
orbyte/internal/platform/analytics/delivery_adapters.go:62.16,64.3 1 0
orbyte/internal/platform/analytics/delivery_adapters.go:65.2,66.53 2 1
orbyte/internal/platform/analytics/delivery_adapters.go:66.53,68.3 1 0
orbyte/internal/platform/analytics/delivery_adapters.go:69.2,69.12 1 1
orbyte/internal/platform/analytics/delivery_adapters.go:78.101,80.2 1 0
orbyte/internal/platform/analytics/delivery_adapters.go:95.80,96.21 1 1
orbyte/internal/platform/analytics/delivery_adapters.go:96.21,98.3 1 0
orbyte/internal/platform/analytics/delivery_adapters.go:99.2,102.30 4 1
orbyte/internal/platform/analytics/delivery_adapters.go:102.30,104.3 1 1
orbyte/internal/platform/analytics/delivery_adapters.go:105.2,110.16 6 0
orbyte/internal/platform/analytics/delivery_adapters.go:110.16,112.3 1 0
orbyte/internal/platform/analytics/delivery_adapters.go:113.2,114.20 2 0
orbyte/internal/platform/analytics/delivery_adapters.go:114.20,116.3 1 0
orbyte/internal/platform/analytics/delivery_adapters.go:117.2,117.12 1 0
orbyte/internal/platform/analytics/delivery_adapters.go:117.12,118.91 1 0
orbyte/internal/platform/analytics/delivery_adapters.go:118.91,120.4 1 0
orbyte/internal/platform/analytics/delivery_adapters.go:121.3,121.13 1 0
orbyte/internal/platform/analytics/delivery_adapters.go:123.2,124.19 2 0
orbyte/internal/platform/analytics/delivery_adapters.go:124.19,126.3 1 0
orbyte/internal/platform/analytics/delivery_adapters.go:127.2,127.68 1 0
orbyte/internal/platform/analytics/delivery_adapters.go:130.89,132.21 2 1
orbyte/internal/platform/analytics/delivery_adapters.go:132.21,134.17 2 1
orbyte/internal/platform/analytics/delivery_adapters.go:134.17,136.4 1 0
orbyte/internal/platform/analytics/delivery_adapters.go:137.3,137.22 1 1
orbyte/internal/platform/analytics/delivery_adapters.go:138.8,139.55 1 0
orbyte/internal/platform/analytics/delivery_adapters.go:139.55,141.4 1 0
orbyte/internal/platform/analytics/delivery_adapters.go:143.2,144.16 2 1
orbyte/internal/platform/analytics/delivery_adapters.go:144.16,146.3 1 0
orbyte/internal/platform/analytics/delivery_adapters.go:147.2,148.73 2 1
orbyte/internal/platform/analytics/delivery_adapters.go:151.89,152.56 1 1
orbyte/internal/platform/analytics/delivery_adapters.go:152.56,154.3 1 0
orbyte/internal/platform/analytics/delivery_adapters.go:155.2,165.16 10 1
orbyte/internal/platform/analytics/delivery_adapters.go:165.16,167.3 1 0
orbyte/internal/platform/analytics/delivery_adapters.go:168.2,176.16 4 1
orbyte/internal/platform/analytics/delivery_adapters.go:176.16,178.3 1 0
orbyte/internal/platform/analytics/delivery_adapters.go:179.2,182.39 4 1
orbyte/internal/platform/analytics/delivery_adapters.go:182.39,184.3 1 0
orbyte/internal/platform/analytics/delivery_adapters.go:185.2,185.26 1 1
orbyte/internal/platform/analytics/delivery_adapters.go:188.65,190.27 2 1
orbyte/internal/platform/analytics/delivery_adapters.go:190.27,192.3 1 1
orbyte/internal/platform/analytics/delivery_adapters.go:193.2,193.15 1 1
orbyte/internal/platform/analytics/delivery_adapters.go:196.97,198.16 2 0
orbyte/internal/platform/analytics/delivery_adapters.go:198.16,200.3 1 0
orbyte/internal/platform/analytics/delivery_adapters.go:201.2,203.16 3 0
orbyte/internal/platform/analytics/delivery_adapters.go:203.16,205.3 1 0
orbyte/internal/platform/analytics/delivery_adapters.go:206.2,207.17 2 0
orbyte/internal/platform/analytics/delivery_adapters.go:207.17,208.43 1 0
orbyte/internal/platform/analytics/delivery_adapters.go:208.43,210.4 1 0
orbyte/internal/platform/analytics/delivery_adapters.go:212.2,212.42 1 0
orbyte/internal/platform/analytics/delivery_adapters.go:212.42,214.3 1 0
orbyte/internal/platform/analytics/delivery_adapters.go:215.2,215.31 1 0
orbyte/internal/platform/analytics/delivery_adapters.go:215.31,216.48 1 0
orbyte/internal/platform/analytics/delivery_adapters.go:216.48,218.4 1 0
orbyte/internal/platform/analytics/delivery_adapters.go:220.2,221.16 2 0
orbyte/internal/platform/analytics/delivery_adapters.go:221.16,223.3 1 0
orbyte/internal/platform/analytics/delivery_adapters.go:224.2,224.45 1 0
orbyte/internal/platform/analytics/delivery_adapters.go:224.45,226.3 1 0
orbyte/internal/platform/analytics/delivery_adapters.go:227.2,227.39 1 0
orbyte/internal/platform/analytics/delivery_adapters.go:227.39,229.3 1 0
orbyte/internal/platform/analytics/delivery_adapters.go:230.2,230.22 1 0
orbyte/internal/platform/analytics/delivery_adapters.go:248.86,249.21 1 1
orbyte/internal/platform/analytics/delivery_adapters.go:249.21,251.3 1 0
orbyte/internal/platform/analytics/delivery_adapters.go:252.2,253.16 2 1
orbyte/internal/platform/analytics/delivery_adapters.go:253.16,255.3 1 0
orbyte/internal/platform/analytics/delivery_adapters.go:256.2,256.19 1 1
orbyte/internal/platform/analytics/delivery_adapters.go:256.19,258.3 1 1
orbyte/internal/platform/analytics/delivery_adapters.go:259.2,260.16 2 0
orbyte/internal/platform/analytics/delivery_adapters.go:260.16,262.3 1 0
orbyte/internal/platform/analytics/delivery_adapters.go:263.2,265.16 3 0
orbyte/internal/platform/analytics/delivery_adapters.go:265.16,267.3 1 0
orbyte/internal/platform/analytics/delivery_adapters.go:268.2,268.13 1 0
orbyte/internal/platform/analytics/delivery_adapters.go:268.13,269.83 1 0
orbyte/internal/platform/analytics/delivery_adapters.go:269.83,271.4 1 0
orbyte/internal/platform/analytics/delivery_adapters.go:273.2,274.12 2 0
orbyte/internal/platform/analytics/delivery_adapters.go:277.75,278.21 1 1
orbyte/internal/platform/analytics/delivery_adapters.go:278.21,280.3 1 0
orbyte/internal/platform/analytics/delivery_adapters.go:281.2,282.20 2 1
orbyte/internal/platform/analytics/delivery_adapters.go:282.20,284.3 1 1
orbyte/internal/platform/analytics/delivery_adapters.go:285.2,289.16 5 0
orbyte/internal/platform/analytics/delivery_adapters.go:289.16,291.3 1 0
orbyte/internal/platform/analytics/delivery_adapters.go:292.2,292.20 1 0
orbyte/internal/platform/analytics/delivery_adapters.go:295.95,297.16 2 1
orbyte/internal/platform/analytics/delivery_adapters.go:297.16,299.17 2 1
orbyte/internal/platform/analytics/delivery_adapters.go:299.17,301.4 1 0
orbyte/internal/platform/analytics/delivery_adapters.go:302.3,302.17 1 1
orbyte/internal/platform/analytics/delivery_adapters.go:304.2,305.67 2 1
orbyte/internal/platform/analytics/delivery_adapters.go:305.67,307.3 1 0
orbyte/internal/platform/analytics/delivery_adapters.go:308.2,308.56 1 1
orbyte/internal/platform/analytics/delivery_adapters.go:311.74,313.57 2 0
orbyte/internal/platform/analytics/delivery_adapters.go:313.57,315.3 1 0
orbyte/internal/platform/analytics/delivery_adapters.go:316.2,316.32 1 0
orbyte/internal/platform/analytics/delivery_adapters.go:319.45,320.31 1 1
orbyte/internal/platform/analytics/delivery_adapters.go:320.31,321.18 1 1
orbyte/internal/platform/analytics/delivery_adapters.go:321.18,323.4 1 1
orbyte/internal/platform/analytics/delivery_adapters.go:325.2,325.11 1 1
orbyte/internal/platform/analytics/export.go:14.97,18.161 4 1
orbyte/internal/platform/analytics/export.go:18.161,20.3 1 0
orbyte/internal/platform/analytics/export.go:21.2,21.27 1 1
orbyte/internal/platform/analytics/export.go:21.27,33.46 2 1
orbyte/internal/platform/analytics/export.go:33.46,35.4 1 0
orbyte/internal/platform/analytics/export.go:37.2,38.39 2 1
orbyte/internal/platform/analytics/export.go:38.39,40.3 1 0
orbyte/internal/platform/analytics/export.go:41.2,41.25 1 1
orbyte/internal/platform/analytics/export.go:44.98,49.33 5 1
orbyte/internal/platform/analytics/export.go:49.33,51.61 2 1
orbyte/internal/platform/analytics/export.go:51.61,53.4 1 0
orbyte/internal/platform/analytics/export.go:55.2,55.34 1 1
orbyte/internal/platform/analytics/export.go:55.34,57.39 2 1
orbyte/internal/platform/analytics/export.go:57.39,59.61 2 1
orbyte/internal/platform/analytics/export.go:59.61,61.5 1 0
orbyte/internal/platform/analytics/export.go:64.2,65.16 2 1
orbyte/internal/platform/analytics/export.go:65.16,67.3 1 0
orbyte/internal/platform/analytics/export.go:68.2,68.25 1 1
orbyte/internal/platform/analytics/export.go:71.97,85.33 13 1
orbyte/internal/platform/analytics/export.go:85.33,87.3 1 1
orbyte/internal/platform/analytics/export.go:88.2,90.27 3 1
orbyte/internal/platform/analytics/export.go:90.27,102.32 2 1
orbyte/internal/platform/analytics/export.go:102.32,104.4 1 1
orbyte/internal/platform/analytics/export.go:105.3,105.13 1 1
orbyte/internal/platform/analytics/export.go:107.2,108.40 2 1
orbyte/internal/platform/analytics/export.go:108.40,110.3 1 0
orbyte/internal/platform/analytics/export.go:111.2,111.25 1 1
orbyte/internal/platform/analytics/export.go:114.90,115.18 1 1
orbyte/internal/platform/analytics/export.go:115.18,117.3 1 1
orbyte/internal/platform/analytics/export.go:118.2,118.20 1 1
orbyte/internal/platform/analytics/export.go:118.20,120.3 1 0
orbyte/internal/platform/analytics/export.go:121.2,121.25 1 1
orbyte/internal/platform/analytics/export.go:121.25,123.3 1 0
orbyte/internal/platform/analytics/export.go:124.2,124.22 1 1
orbyte/internal/platform/analytics/export.go:124.22,126.3 1 0
orbyte/internal/platform/analytics/export.go:127.2,127.22 1 1
orbyte/internal/platform/analytics/export.go:127.22,129.3 1 1
orbyte/internal/platform/analytics/export.go:130.2,130.24 1 1
orbyte/internal/platform/analytics/export.go:130.24,132.3 1 0
orbyte/internal/platform/analytics/export.go:133.2,133.28 1 1
orbyte/internal/platform/analytics/export.go:133.28,135.3 1 1
orbyte/internal/platform/analytics/export.go:136.2,137.57 2 1
orbyte/internal/platform/analytics/export.go:137.57,139.3 1 0
orbyte/internal/platform/analytics/export.go:140.2,140.17 1 1
orbyte/internal/platform/analytics/export.go:143.90,144.53 1 0
orbyte/internal/platform/analytics/export.go:144.53,145.44 1 0
orbyte/internal/platform/analytics/export.go:145.44,147.4 1 0
orbyte/internal/platform/analytics/export.go:148.3,148.50 1 0
orbyte/internal/platform/analytics/export.go:148.50,150.4 1 0
orbyte/internal/platform/analytics/export.go:152.2,152.38 1 0
orbyte/internal/platform/analytics/export.go:155.62,156.19 1 1
orbyte/internal/platform/analytics/export.go:156.19,158.3 1 0
orbyte/internal/platform/analytics/export.go:159.2,159.39 1 1
orbyte/internal/platform/analytics/export.go:162.48,163.19 1 1
orbyte/internal/platform/analytics/export.go:163.19,165.3 1 0
orbyte/internal/platform/analytics/export.go:166.2,166.32 1 1
orbyte/internal/platform/analytics/export.go:169.58,170.19 1 1
orbyte/internal/platform/analytics/export.go:170.19,172.3 1 0
orbyte/internal/platform/analytics/export.go:173.2,173.37 1 1
orbyte/internal/platform/analytics/export.go:176.59,177.19 1 1
orbyte/internal/platform/analytics/export.go:177.19,179.3 1 0
orbyte/internal/platform/analytics/export.go:180.2,180.38 1 1
orbyte/internal/platform/analytics/export.go:183.78,184.19 1 1
orbyte/internal/platform/analytics/export.go:184.19,186.3 1 0
orbyte/internal/platform/analytics/export.go:187.2,187.47 1 1
orbyte/internal/platform/analytics/export.go:190.98,192.9 2 1
orbyte/internal/platform/analytics/export.go:192.9,194.3 1 0
orbyte/internal/platform/analytics/export.go:195.2,195.19 1 1
orbyte/internal/platform/analytics/export.go:195.19,197.3 1 0
orbyte/internal/platform/analytics/export.go:198.2,199.49 2 1
orbyte/internal/platform/analytics/export.go:199.49,200.135 1 1
orbyte/internal/platform/analytics/export.go:200.135,202.4 1 1
orbyte/internal/platform/analytics/export.go:204.2,208.20 5 1
orbyte/internal/platform/analytics/export.go:208.20,210.3 1 0
orbyte/internal/platform/analytics/export.go:210.8,210.68 1 1
orbyte/internal/platform/analytics/export.go:210.68,212.3 1 1
orbyte/internal/platform/analytics/export.go:212.8,215.3 2 1
orbyte/internal/platform/analytics/export.go:216.2,216.27 1 1
orbyte/internal/platform/analytics/export.go:216.27,217.24 1 1
orbyte/internal/platform/analytics/export.go:217.24,219.4 1 1
orbyte/internal/platform/analytics/export.go:219.9,221.4 1 1
orbyte/internal/platform/analytics/export.go:223.2,234.60 2 1
orbyte/internal/platform/analytics/export.go:234.60,236.3 1 0
orbyte/internal/platform/analytics/export.go:237.2,237.29 1 1
orbyte/internal/platform/analytics/export.go:237.29,246.18 1 1
orbyte/internal/platform/analytics/export.go:246.18,248.4 1 0
orbyte/internal/platform/analytics/export.go:250.2,250.27 1 1
orbyte/internal/platform/analytics/export.go:250.27,252.3 1 1
orbyte/internal/platform/analytics/export.go:253.2,253.46 1 1
orbyte/internal/platform/analytics/export.go:256.67,257.17 1 1
orbyte/internal/platform/analytics/export.go:258.18,259.27 1 1
orbyte/internal/platform/analytics/export.go:260.20,261.29 1 1
orbyte/internal/platform/analytics/export.go:262.17,263.26 1 1
orbyte/internal/platform/analytics/export.go:264.15,265.24 1 1
orbyte/internal/platform/analytics/export.go:266.22,267.30 1 1
orbyte/internal/platform/analytics/export.go:268.10,269.13 1 0
orbyte/internal/platform/analytics/export.go:273.71,274.19 1 1
orbyte/internal/platform/analytics/export.go:274.19,276.3 1 0
orbyte/internal/platform/analytics/export.go:277.2,277.37 1 1
orbyte/internal/platform/analytics/export.go:280.78,286.20 3 1
orbyte/internal/platform/analytics/export.go:287.14,288.69 1 1
orbyte/internal/platform/analytics/export.go:289.13,290.68 1 0
orbyte/internal/platform/analytics/export.go:291.10,292.68 1 0
orbyte/internal/platform/analytics/export.go:294.2,294.16 1 1
orbyte/internal/platform/analytics/export.go:294.16,296.3 1 0
orbyte/internal/platform/analytics/export.go:297.2,306.32 2 1
orbyte/internal/platform/analytics/export.go:306.32,308.3 1 0
orbyte/internal/platform/analytics/export.go:309.2,311.50 3 1
orbyte/internal/platform/analytics/export.go:311.50,313.3 1 0
orbyte/internal/platform/analytics/export.go:314.2,314.60 1 1
orbyte/internal/platform/analytics/export.go:314.60,316.3 1 0
orbyte/internal/platform/analytics/export.go:317.2,317.31 1 1
orbyte/internal/platform/analytics/export.go:317.31,318.100 1 0
orbyte/internal/platform/analytics/export.go:318.100,320.4 1 0
orbyte/internal/platform/analytics/export.go:322.2,322.26 1 1
orbyte/internal/platform/analytics/export.go:325.54,326.48 1 1
orbyte/internal/platform/analytics/export.go:326.48,327.47 1 1
orbyte/internal/platform/analytics/export.go:327.47,328.12 1 0
orbyte/internal/platform/analytics/export.go:330.3,330.48 1 1
orbyte/internal/platform/analytics/export.go:330.48,332.4 1 0
orbyte/internal/platform/analytics/export.go:333.3,334.60 2 1
orbyte/internal/platform/analytics/export.go:334.60,336.4 1 0
orbyte/internal/platform/analytics/export.go:338.2,338.12 1 1
orbyte/internal/platform/analytics/export.go:341.61,342.19 1 1
orbyte/internal/platform/analytics/export.go:342.19,344.3 1 0
orbyte/internal/platform/analytics/export.go:345.2,345.41 1 1
orbyte/internal/platform/analytics/jobs.go:19.52,21.19 2 1
orbyte/internal/platform/analytics/jobs.go:21.19,23.3 1 0
orbyte/internal/platform/analytics/jobs.go:24.2,24.111 1 1
orbyte/internal/platform/analytics/jobs.go:24.111,26.17 2 0
orbyte/internal/platform/analytics/jobs.go:26.17,28.4 1 0
orbyte/internal/platform/analytics/jobs.go:29.3,29.57 1 0
orbyte/internal/platform/analytics/jobs.go:31.2,31.115 1 1
orbyte/internal/platform/analytics/jobs.go:31.115,33.17 2 0
orbyte/internal/platform/analytics/jobs.go:33.17,35.4 1 0
orbyte/internal/platform/analytics/jobs.go:36.3,36.46 1 0
orbyte/internal/platform/analytics/jobs.go:36.46,38.4 1 0
orbyte/internal/platform/analytics/jobs.go:39.3,39.65 1 0
orbyte/internal/platform/analytics/jobs.go:41.2,41.118 1 1
orbyte/internal/platform/analytics/jobs.go:41.118,43.17 2 0
orbyte/internal/platform/analytics/jobs.go:43.17,45.4 1 0
orbyte/internal/platform/analytics/jobs.go:46.3,46.51 1 0
orbyte/internal/platform/analytics/jobs.go:46.51,48.4 1 0
orbyte/internal/platform/analytics/jobs.go:49.3,49.68 1 0
orbyte/internal/platform/analytics/jobs.go:51.2,51.116 1 1
orbyte/internal/platform/analytics/jobs.go:51.116,53.17 2 0
orbyte/internal/platform/analytics/jobs.go:53.17,55.4 1 0
orbyte/internal/platform/analytics/jobs.go:56.3,56.53 1 0
orbyte/internal/platform/analytics/jobs.go:56.53,58.4 1 0
orbyte/internal/platform/analytics/jobs.go:59.3,59.68 1 0
orbyte/internal/platform/analytics/jobs.go:61.2,61.110 1 1
orbyte/internal/platform/analytics/jobs.go:61.110,63.17 2 0
orbyte/internal/platform/analytics/jobs.go:63.17,65.4 1 0
orbyte/internal/platform/analytics/jobs.go:66.3,66.57 1 0
orbyte/internal/platform/analytics/jobs.go:70.69,72.15 2 0
orbyte/internal/platform/analytics/jobs.go:72.15,74.3 1 0
orbyte/internal/platform/analytics/jobs.go:75.2,76.16 2 0
orbyte/internal/platform/analytics/jobs.go:76.16,78.3 1 0
orbyte/internal/platform/analytics/jobs.go:79.2,79.20 1 0
orbyte/internal/platform/analytics/memory_repository.go:20.46,22.2 1 1
orbyte/internal/platform/analytics/memory_repository.go:24.77,27.2 2 1
orbyte/internal/platform/analytics/memory_repository.go:29.66,32.2 2 1
orbyte/internal/platform/analytics/memory_repository.go:34.55,36.40 2 1
orbyte/internal/platform/analytics/memory_repository.go:36.40,36.100 1 1
orbyte/internal/platform/analytics/memory_repository.go:37.2,37.14 1 1
orbyte/internal/platform/analytics/memory_repository.go:40.67,43.33 3 1
orbyte/internal/platform/analytics/memory_repository.go:43.33,44.60 1 1
orbyte/internal/platform/analytics/memory_repository.go:44.60,45.12 1 0
orbyte/internal/platform/analytics/memory_repository.go:47.3,47.70 1 1
orbyte/internal/platform/analytics/memory_repository.go:47.70,48.12 1 0
orbyte/internal/platform/analytics/memory_repository.go:50.3,50.65 1 1
orbyte/internal/platform/analytics/memory_repository.go:50.65,51.12 1 1
orbyte/internal/platform/analytics/memory_repository.go:53.3,53.40 1 1
orbyte/internal/platform/analytics/memory_repository.go:55.2,55.52 1 1
orbyte/internal/platform/analytics/memory_repository.go:55.52,57.3 1 0
orbyte/internal/platform/analytics/memory_repository.go:58.2,58.17 1 1
orbyte/internal/platform/analytics/memory_repository.go:61.61,63.39 2 0
orbyte/internal/platform/analytics/memory_repository.go:63.39,65.3 1 0
orbyte/internal/platform/analytics/memory_repository.go:66.2,66.61 1 0
orbyte/internal/platform/analytics/memory_repository.go:69.68,71.39 2 1
orbyte/internal/platform/analytics/memory_repository.go:71.39,72.42 1 1
orbyte/internal/platform/analytics/memory_repository.go:72.42,73.12 1 0
orbyte/internal/platform/analytics/memory_repository.go:75.3,75.40 1 1
orbyte/internal/platform/analytics/memory_repository.go:77.2,78.12 2 1
orbyte/internal/platform/analytics/memory_repository.go:81.62,84.2 2 1
orbyte/internal/platform/analytics/memory_repository.go:86.80,88.2 1 0
orbyte/internal/platform/analytics/memory_repository.go:90.101,92.35 2 1
orbyte/internal/platform/analytics/memory_repository.go:92.35,93.61 1 1
orbyte/internal/platform/analytics/memory_repository.go:93.61,94.12 1 1
orbyte/internal/platform/analytics/memory_repository.go:96.3,96.56 1 1
orbyte/internal/platform/analytics/memory_repository.go:96.56,97.12 1 0
orbyte/internal/platform/analytics/memory_repository.go:99.3,99.51 1 1
orbyte/internal/platform/analytics/memory_repository.go:99.51,100.12 1 0
orbyte/internal/platform/analytics/memory_repository.go:102.3,102.32 1 1
orbyte/internal/platform/analytics/memory_repository.go:104.2,104.40 1 1
orbyte/internal/platform/analytics/memory_repository.go:104.40,104.100 1 0
orbyte/internal/platform/analytics/memory_repository.go:105.2,105.37 1 1
orbyte/internal/platform/analytics/memory_repository.go:105.37,107.3 1 0
orbyte/internal/platform/analytics/memory_repository.go:108.2,108.14 1 1
orbyte/internal/platform/analytics/memory_repository.go:111.62,116.2 4 1
orbyte/internal/platform/analytics/memory_repository.go:118.67,120.41 2 1
orbyte/internal/platform/analytics/memory_repository.go:120.41,121.65 1 1
orbyte/internal/platform/analytics/memory_repository.go:121.65,122.12 1 0
orbyte/internal/platform/analytics/memory_repository.go:124.3,124.60 1 1
orbyte/internal/platform/analytics/memory_repository.go:124.60,125.12 1 0
orbyte/internal/platform/analytics/memory_repository.go:127.3,127.68 1 1
orbyte/internal/platform/analytics/memory_repository.go:127.68,128.12 1 0
orbyte/internal/platform/analytics/memory_repository.go:130.3,130.74 1 1
orbyte/internal/platform/analytics/memory_repository.go:130.74,131.12 1 0
orbyte/internal/platform/analytics/memory_repository.go:133.3,133.52 1 1
orbyte/internal/platform/analytics/memory_repository.go:135.2,135.40 1 1
orbyte/internal/platform/analytics/memory_repository.go:135.40,136.65 1 1
orbyte/internal/platform/analytics/memory_repository.go:136.65,137.12 1 0
orbyte/internal/platform/analytics/memory_repository.go:139.3,139.60 1 1
orbyte/internal/platform/analytics/memory_repository.go:139.60,140.12 1 0
orbyte/internal/platform/analytics/memory_repository.go:142.3,142.50 1 1
orbyte/internal/platform/analytics/memory_repository.go:144.2,144.43 1 1
orbyte/internal/platform/analytics/memory_repository.go:144.43,145.65 1 1
orbyte/internal/platform/analytics/memory_repository.go:145.65,146.12 1 0
orbyte/internal/platform/analytics/memory_repository.go:148.3,148.60 1 1
orbyte/internal/platform/analytics/memory_repository.go:148.60,149.12 1 0
orbyte/internal/platform/analytics/memory_repository.go:151.3,151.56 1 1
orbyte/internal/platform/analytics/memory_repository.go:153.2,153.15 1 1
orbyte/internal/platform/analytics/memory_repository.go:156.97,158.53 2 1
orbyte/internal/platform/analytics/memory_repository.go:158.53,160.20 2 1
orbyte/internal/platform/analytics/memory_repository.go:161.19,163.17 2 0
orbyte/internal/platform/analytics/memory_repository.go:163.17,164.13 1 0
orbyte/internal/platform/analytics/memory_repository.go:166.4,166.15 1 0
orbyte/internal/platform/analytics/memory_repository.go:167.11,169.17 2 1
orbyte/internal/platform/analytics/memory_repository.go:169.17,170.13 1 1
orbyte/internal/platform/analytics/memory_repository.go:172.4,173.31 2 1
orbyte/internal/platform/analytics/memory_repository.go:175.3,176.17 2 1
orbyte/internal/platform/analytics/memory_repository.go:176.17,179.4 2 1
orbyte/internal/platform/analytics/memory_repository.go:180.3,185.34 6 1
orbyte/internal/platform/analytics/memory_repository.go:187.2,188.27 2 1
orbyte/internal/platform/analytics/memory_repository.go:188.27,190.3 1 1
orbyte/internal/platform/analytics/memory_repository.go:191.2,191.40 1 1
orbyte/internal/platform/analytics/memory_repository.go:191.40,191.96 1 0
orbyte/internal/platform/analytics/memory_repository.go:192.2,192.14 1 1
orbyte/internal/platform/analytics/memory_repository.go:195.77,198.2 2 1
orbyte/internal/platform/analytics/memory_repository.go:200.71,202.40 2 1
orbyte/internal/platform/analytics/memory_repository.go:202.40,202.96 1 0
orbyte/internal/platform/analytics/memory_repository.go:203.2,203.14 1 1
orbyte/internal/platform/analytics/memory_repository.go:206.79,207.27 1 1
orbyte/internal/platform/analytics/memory_repository.go:207.27,208.32 1 1
orbyte/internal/platform/analytics/memory_repository.go:208.32,211.4 2 1
orbyte/internal/platform/analytics/memory_repository.go:213.2,213.12 1 0
orbyte/internal/platform/analytics/memory_repository.go:216.63,219.2 2 1
orbyte/internal/platform/analytics/memory_repository.go:221.57,223.40 2 1
orbyte/internal/platform/analytics/memory_repository.go:223.40,223.100 1 1
orbyte/internal/platform/analytics/memory_repository.go:224.2,224.14 1 1
orbyte/internal/platform/analytics/memory_repository.go:227.78,230.2 2 1
orbyte/internal/platform/analytics/memory_repository.go:232.67,234.40 2 1
orbyte/internal/platform/analytics/memory_repository.go:234.40,234.96 1 0
orbyte/internal/platform/analytics/memory_repository.go:235.2,235.14 1 1
orbyte/internal/platform/analytics/memory_repository.go:238.80,239.39 1 1
orbyte/internal/platform/analytics/memory_repository.go:239.39,240.24 1 1
orbyte/internal/platform/analytics/memory_repository.go:240.24,242.4 1 1
orbyte/internal/platform/analytics/memory_repository.go:244.2,244.32 1 0
orbyte/internal/platform/analytics/memory_repository.go:247.78,250.2 2 1
orbyte/internal/platform/analytics/memory_repository.go:252.68,254.40 2 1
orbyte/internal/platform/analytics/memory_repository.go:254.40,254.96 1 1
orbyte/internal/platform/analytics/memory_repository.go:255.2,255.14 1 1
orbyte/internal/platform/analytics/memory_repository.go:258.96,261.2 2 1
orbyte/internal/platform/analytics/memory_repository.go:263.87,265.40 2 1
orbyte/internal/platform/analytics/memory_repository.go:265.40,265.96 1 0
orbyte/internal/platform/analytics/memory_repository.go:266.2,266.14 1 1
orbyte/internal/platform/analytics/memory_repository.go:269.70,272.29 3 1
orbyte/internal/platform/analytics/memory_repository.go:272.29,273.37 1 1
orbyte/internal/platform/analytics/memory_repository.go:273.37,274.12 1 1
orbyte/internal/platform/analytics/memory_repository.go:276.3,277.34 2 0
orbyte/internal/platform/analytics/memory_repository.go:279.2,283.39 4 1
orbyte/internal/platform/analytics/memory_repository.go:283.39,284.40 1 1
orbyte/internal/platform/analytics/memory_repository.go:284.40,285.12 1 1
orbyte/internal/platform/analytics/memory_repository.go:287.3,287.53 1 0
orbyte/internal/platform/analytics/memory_repository.go:287.53,288.12 1 0
orbyte/internal/platform/analytics/memory_repository.go:290.3,291.44 2 0
orbyte/internal/platform/analytics/memory_repository.go:293.2,296.40 3 1
orbyte/internal/platform/analytics/memory_repository.go:296.40,297.40 1 1
orbyte/internal/platform/analytics/memory_repository.go:297.40,298.12 1 1
orbyte/internal/platform/analytics/memory_repository.go:300.3,300.57 1 0
orbyte/internal/platform/analytics/memory_repository.go:300.57,301.12 1 0
orbyte/internal/platform/analytics/memory_repository.go:303.3,303.56 1 0
orbyte/internal/platform/analytics/memory_repository.go:305.2,308.47 3 1
orbyte/internal/platform/analytics/memory_repository.go:308.47,309.38 1 1
orbyte/internal/platform/analytics/memory_repository.go:309.38,310.12 1 1
orbyte/internal/platform/analytics/memory_repository.go:312.3,312.55 1 0
orbyte/internal/platform/analytics/memory_repository.go:312.55,313.12 1 0
orbyte/internal/platform/analytics/memory_repository.go:315.3,315.42 1 0
orbyte/internal/platform/analytics/memory_repository.go:317.2,318.12 2 1
orbyte/internal/platform/analytics/postgres_repository.go:17.60,19.2 1 1
orbyte/internal/platform/analytics/postgres_repository.go:21.79,22.48 1 1
orbyte/internal/platform/analytics/postgres_repository.go:22.48,24.111 2 1
orbyte/internal/platform/analytics/postgres_repository.go:24.111,26.4 1 0
orbyte/internal/platform/analytics/postgres_repository.go:28.2,28.44 1 1
orbyte/internal/platform/analytics/postgres_repository.go:28.44,30.102 2 1
orbyte/internal/platform/analytics/postgres_repository.go:30.102,32.4 1 0
orbyte/internal/platform/analytics/postgres_repository.go:34.2,34.12 1 1
orbyte/internal/platform/analytics/postgres_repository.go:37.79,41.2 3 1
orbyte/internal/platform/analytics/postgres_repository.go:43.73,46.16 3 1
orbyte/internal/platform/analytics/postgres_repository.go:46.16,48.3 1 0
orbyte/internal/platform/analytics/postgres_repository.go:49.2,51.18 3 1
orbyte/internal/platform/analytics/postgres_repository.go:51.18,53.233 2 1
orbyte/internal/platform/analytics/postgres_repository.go:53.233,55.4 1 1
orbyte/internal/platform/analytics/postgres_repository.go:57.2,57.14 1 1
orbyte/internal/platform/analytics/postgres_repository.go:60.81,64.2 3 1
orbyte/internal/platform/analytics/postgres_repository.go:66.65,70.2 3 1
orbyte/internal/platform/analytics/postgres_repository.go:72.59,75.16 3 1
orbyte/internal/platform/analytics/postgres_repository.go:75.16,77.3 1 0
orbyte/internal/platform/analytics/postgres_repository.go:78.2,80.18 3 1
orbyte/internal/platform/analytics/postgres_repository.go:80.18,82.124 2 1
orbyte/internal/platform/analytics/postgres_repository.go:82.124,84.4 1 1
orbyte/internal/platform/analytics/postgres_repository.go:86.2,86.14 1 1
orbyte/internal/platform/analytics/postgres_repository.go:89.80,93.2 3 1
orbyte/internal/platform/analytics/postgres_repository.go:95.69,98.16 3 1
orbyte/internal/platform/analytics/postgres_repository.go:98.16,100.3 1 0
orbyte/internal/platform/analytics/postgres_repository.go:101.2,103.18 3 1
orbyte/internal/platform/analytics/postgres_repository.go:103.18,105.149 2 1
orbyte/internal/platform/analytics/postgres_repository.go:105.149,107.4 1 1
orbyte/internal/platform/analytics/postgres_repository.go:109.2,109.14 1 1
orbyte/internal/platform/analytics/postgres_repository.go:112.82,116.16 4 1
orbyte/internal/platform/analytics/postgres_repository.go:116.16,118.3 1 0
orbyte/internal/platform/analytics/postgres_repository.go:119.2,119.19 1 1
orbyte/internal/platform/analytics/postgres_repository.go:122.80,126.2 3 1
orbyte/internal/platform/analytics/postgres_repository.go:128.70,131.16 3 1
orbyte/internal/platform/analytics/postgres_repository.go:131.16,133.3 1 0
orbyte/internal/platform/analytics/postgres_repository.go:134.2,136.18 3 1
orbyte/internal/platform/analytics/postgres_repository.go:136.18,139.177 3 1
orbyte/internal/platform/analytics/postgres_repository.go:139.177,140.25 1 1
orbyte/internal/platform/analytics/postgres_repository.go:140.25,142.5 1 1
orbyte/internal/platform/analytics/postgres_repository.go:143.4,143.31 1 1
orbyte/internal/platform/analytics/postgres_repository.go:146.2,146.14 1 1
orbyte/internal/platform/analytics/postgres_repository.go:149.98,153.2 3 1
orbyte/internal/platform/analytics/postgres_repository.go:155.89,158.16 3 1
orbyte/internal/platform/analytics/postgres_repository.go:158.16,160.3 1 0
orbyte/internal/platform/analytics/postgres_repository.go:161.2,163.18 3 1
orbyte/internal/platform/analytics/postgres_repository.go:163.18,165.146 2 1
orbyte/internal/platform/analytics/postgres_repository.go:165.146,167.4 1 1
orbyte/internal/platform/analytics/postgres_repository.go:169.2,169.14 1 1
orbyte/internal/platform/analytics/postgres_repository.go:172.68,174.16 2 1
orbyte/internal/platform/analytics/postgres_repository.go:174.16,176.3 1 0
orbyte/internal/platform/analytics/postgres_repository.go:177.2,179.12 3 1
orbyte/internal/platform/analytics/postgres_repository.go:182.57,185.2 2 1
orbyte/internal/platform/analytics/postgres_repository.go:187.69,191.24 4 1
orbyte/internal/platform/analytics/postgres_repository.go:191.24,194.3 2 1
orbyte/internal/platform/analytics/postgres_repository.go:195.2,195.26 1 1
orbyte/internal/platform/analytics/postgres_repository.go:195.26,198.3 2 1
orbyte/internal/platform/analytics/postgres_repository.go:199.2,199.24 1 1
orbyte/internal/platform/analytics/postgres_repository.go:199.24,202.3 2 1
orbyte/internal/platform/analytics/postgres_repository.go:203.2,203.22 1 1
orbyte/internal/platform/analytics/postgres_repository.go:203.22,205.3 1 1
orbyte/internal/platform/analytics/postgres_repository.go:206.2,207.21 2 1
orbyte/internal/platform/analytics/postgres_repository.go:207.21,210.3 2 1
orbyte/internal/platform/analytics/postgres_repository.go:211.2,211.37 1 1
orbyte/internal/platform/analytics/postgres_repository.go:214.63,215.16 1 1
orbyte/internal/platform/analytics/postgres_repository.go:215.16,217.3 1 0
orbyte/internal/platform/analytics/postgres_repository.go:218.2,220.40 3 1
orbyte/internal/platform/analytics/postgres_repository.go:220.40,220.100 1 0
orbyte/internal/platform/analytics/postgres_repository.go:221.2,221.14 1 1
orbyte/internal/platform/analytics/postgres_repository.go:224.70,228.2 3 1
orbyte/internal/platform/analytics/postgres_repository.go:230.64,232.16 2 1
orbyte/internal/platform/analytics/postgres_repository.go:232.16,234.3 1 0
orbyte/internal/platform/analytics/postgres_repository.go:235.2,246.12 3 1
orbyte/internal/platform/analytics/postgres_repository.go:249.82,251.2 1 1
orbyte/internal/platform/analytics/postgres_repository.go:253.103,257.23 4 1
orbyte/internal/platform/analytics/postgres_repository.go:257.23,260.3 2 1
orbyte/internal/platform/analytics/postgres_repository.go:261.2,261.20 1 1
orbyte/internal/platform/analytics/postgres_repository.go:261.20,264.3 2 1
orbyte/internal/platform/analytics/postgres_repository.go:265.2,265.18 1 1
orbyte/internal/platform/analytics/postgres_repository.go:265.18,268.3 2 1
orbyte/internal/platform/analytics/postgres_repository.go:269.2,269.22 1 1
orbyte/internal/platform/analytics/postgres_repository.go:269.22,271.3 1 1
orbyte/internal/platform/analytics/postgres_repository.go:272.2,273.15 2 1
orbyte/internal/platform/analytics/postgres_repository.go:273.15,274.21 1 1
orbyte/internal/platform/analytics/postgres_repository.go:274.21,276.4 1 0
orbyte/internal/platform/analytics/postgres_repository.go:276.9,278.4 1 1
orbyte/internal/platform/analytics/postgres_repository.go:279.3,279.29 1 1
orbyte/internal/platform/analytics/postgres_repository.go:281.2,282.16 2 1
orbyte/internal/platform/analytics/postgres_repository.go:282.16,284.3 1 0
orbyte/internal/platform/analytics/postgres_repository.go:285.2,287.18 3 1
orbyte/internal/platform/analytics/postgres_repository.go:287.18,289.45 2 1
orbyte/internal/platform/analytics/postgres_repository.go:289.45,290.12 1 0
orbyte/internal/platform/analytics/postgres_repository.go:292.3,293.56 2 1
orbyte/internal/platform/analytics/postgres_repository.go:293.56,294.12 1 0
orbyte/internal/platform/analytics/postgres_repository.go:296.3,296.30 1 1
orbyte/internal/platform/analytics/postgres_repository.go:298.2,298.40 1 1
orbyte/internal/platform/analytics/postgres_repository.go:298.40,298.100 1 0
orbyte/internal/platform/analytics/postgres_repository.go:299.2,299.14 1 1
orbyte/internal/platform/analytics/postgres_repository.go:302.64,303.39 1 1
orbyte/internal/platform/analytics/postgres_repository.go:303.39,305.232 2 1
orbyte/internal/platform/analytics/postgres_repository.go:305.232,307.4 1 0
orbyte/internal/platform/analytics/postgres_repository.go:309.2,309.38 1 1
orbyte/internal/platform/analytics/postgres_repository.go:309.38,311.168 2 1
orbyte/internal/platform/analytics/postgres_repository.go:311.168,313.4 1 0
orbyte/internal/platform/analytics/postgres_repository.go:315.2,315.41 1 1
orbyte/internal/platform/analytics/postgres_repository.go:315.41,317.190 2 1
orbyte/internal/platform/analytics/postgres_repository.go:317.190,319.4 1 0
orbyte/internal/platform/analytics/postgres_repository.go:321.2,321.12 1 1
orbyte/internal/platform/analytics/postgres_repository.go:324.69,328.26 4 1
orbyte/internal/platform/analytics/postgres_repository.go:328.26,331.3 2 0
orbyte/internal/platform/analytics/postgres_repository.go:332.2,332.24 1 1
orbyte/internal/platform/analytics/postgres_repository.go:332.24,335.3 2 0
orbyte/internal/platform/analytics/postgres_repository.go:336.2,336.28 1 1
orbyte/internal/platform/analytics/postgres_repository.go:336.28,339.3 2 0
orbyte/internal/platform/analytics/postgres_repository.go:340.2,340.30 1 1
orbyte/internal/platform/analytics/postgres_repository.go:340.30,343.3 2 0
orbyte/internal/platform/analytics/postgres_repository.go:344.2,345.22 2 1
orbyte/internal/platform/analytics/postgres_repository.go:345.22,347.3 1 0
orbyte/internal/platform/analytics/postgres_repository.go:348.2,349.16 2 1
orbyte/internal/platform/analytics/postgres_repository.go:349.16,351.19 2 1
orbyte/internal/platform/analytics/postgres_repository.go:351.19,353.204 2 1
orbyte/internal/platform/analytics/postgres_repository.go:353.204,355.5 1 1
orbyte/internal/platform/analytics/postgres_repository.go:358.2,359.16 2 1
orbyte/internal/platform/analytics/postgres_repository.go:359.16,361.21 2 1
orbyte/internal/platform/analytics/postgres_repository.go:361.21,363.137 2 1
orbyte/internal/platform/analytics/postgres_repository.go:363.137,365.5 1 1
orbyte/internal/platform/analytics/postgres_repository.go:368.2,369.16 2 1
orbyte/internal/platform/analytics/postgres_repository.go:369.16,371.22 2 1
orbyte/internal/platform/analytics/postgres_repository.go:371.22,373.161 2 1
orbyte/internal/platform/analytics/postgres_repository.go:373.161,375.5 1 1
orbyte/internal/platform/analytics/postgres_repository.go:378.2,378.15 1 1
orbyte/internal/platform/analytics/postgres_repository.go:381.99,384.26 3 1
orbyte/internal/platform/analytics/postgres_repository.go:384.26,387.3 2 0
orbyte/internal/platform/analytics/postgres_repository.go:388.2,388.24 1 1
orbyte/internal/platform/analytics/postgres_repository.go:388.24,391.3 2 0
orbyte/internal/platform/analytics/postgres_repository.go:392.2,392.28 1 1
orbyte/internal/platform/analytics/postgres_repository.go:392.28,395.3 2 0
orbyte/internal/platform/analytics/postgres_repository.go:396.2,396.30 1 1
orbyte/internal/platform/analytics/postgres_repository.go:396.30,399.3 2 0
orbyte/internal/platform/analytics/postgres_repository.go:401.2,408.29 4 1
orbyte/internal/platform/analytics/postgres_repository.go:408.29,416.3 3 0
orbyte/internal/platform/analytics/postgres_repository.go:416.8,418.3 1 1
orbyte/internal/platform/analytics/postgres_repository.go:419.2,419.22 1 1
orbyte/internal/platform/analytics/postgres_repository.go:419.22,421.3 1 0
orbyte/internal/platform/analytics/postgres_repository.go:422.2,424.16 3 1
orbyte/internal/platform/analytics/postgres_repository.go:424.16,426.3 1 0
orbyte/internal/platform/analytics/postgres_repository.go:427.2,429.18 3 1
orbyte/internal/platform/analytics/postgres_repository.go:429.18,432.162 3 1
orbyte/internal/platform/analytics/postgres_repository.go:432.162,433.12 1 0
orbyte/internal/platform/analytics/postgres_repository.go:435.3,435.30 1 1
orbyte/internal/platform/analytics/postgres_repository.go:437.2,437.14 1 1
orbyte/internal/platform/analytics/postgres_repository.go:440.80,442.16 2 1
orbyte/internal/platform/analytics/postgres_repository.go:442.16,444.3 1 0
orbyte/internal/platform/analytics/postgres_repository.go:445.2,447.18 3 1
orbyte/internal/platform/analytics/postgres_repository.go:447.18,449.45 2 1
orbyte/internal/platform/analytics/postgres_repository.go:449.45,450.12 1 0
orbyte/internal/platform/analytics/postgres_repository.go:452.3,453.56 2 1
orbyte/internal/platform/analytics/postgres_repository.go:453.56,454.12 1 0
orbyte/internal/platform/analytics/postgres_repository.go:456.3,456.30 1 1
orbyte/internal/platform/analytics/postgres_repository.go:458.2,458.40 1 1
orbyte/internal/platform/analytics/postgres_repository.go:458.40,458.100 1 0
orbyte/internal/platform/analytics/postgres_repository.go:459.2,459.14 1 1
orbyte/internal/platform/analytics/postgres_repository.go:462.43,463.23 1 1
orbyte/internal/platform/analytics/postgres_repository.go:463.23,465.3 1 0
orbyte/internal/platform/analytics/postgres_repository.go:466.2,467.36 2 1
orbyte/internal/platform/analytics/postgres_repository.go:467.36,469.3 1 1
orbyte/internal/platform/analytics/postgres_repository.go:470.2,470.15 1 1
orbyte/internal/platform/analytics/postgres_repository.go:473.55,475.2 1 1
orbyte/internal/platform/analytics/postgres_repository.go:477.26,477.52 1 0
orbyte/internal/platform/analytics/postgres_repository.go:479.46,480.20 1 1
orbyte/internal/platform/analytics/postgres_repository.go:480.20,482.3 1 0
orbyte/internal/platform/analytics/postgres_repository.go:483.2,483.14 1 1
orbyte/internal/platform/analytics/postgres_repository.go:486.72,493.32 2 1
orbyte/internal/platform/analytics/postgres_repository.go:493.32,494.82 1 1
orbyte/internal/platform/analytics/postgres_repository.go:494.82,496.4 1 0
orbyte/internal/platform/analytics/postgres_repository.go:498.2,498.12 1 1
orbyte/internal/platform/analytics/runtime.go:5.55,7.2 1 0
orbyte/internal/platform/analytics/scheduler.go:17.83,18.19 1 1
orbyte/internal/platform/analytics/scheduler.go:18.19,20.3 1 0
orbyte/internal/platform/analytics/scheduler.go:21.2,21.20 1 1
orbyte/internal/platform/analytics/scheduler.go:21.20,23.3 1 0
orbyte/internal/platform/analytics/scheduler.go:24.2,24.79 1 1
orbyte/internal/platform/analytics/scheduler.go:27.77,28.14 1 1
orbyte/internal/platform/analytics/scheduler.go:28.14,30.3 1 0
orbyte/internal/platform/analytics/scheduler.go:31.2,32.25 2 1
orbyte/internal/platform/analytics/scheduler.go:35.51,38.12 3 1
orbyte/internal/platform/analytics/scheduler.go:38.12,41.7 3 1
orbyte/internal/platform/analytics/scheduler.go:41.7,42.11 1 1
orbyte/internal/platform/analytics/scheduler.go:43.22,44.11 1 1
orbyte/internal/platform/analytics/scheduler.go:45.20,46.59 1 1
orbyte/internal/platform/analytics/scheduler.go:46.59,47.28 1 1
orbyte/internal/platform/analytics/scheduler.go:47.28,49.7 1 1
orbyte/internal/platform/analytics/scheduler.go:50.6,50.14 1 1
orbyte/internal/platform/analytics/scheduler.go:52.5,52.27 1 1
orbyte/internal/platform/analytics/scheduler.go:52.27,54.6 1 0
orbyte/internal/platform/analytics/scheduler.go:60.28,61.21 1 1
orbyte/internal/platform/analytics/scheduler.go:61.21,63.3 1 1
orbyte/internal/platform/analytics/scheduler.go:66.54,67.47 1 1
orbyte/internal/platform/analytics/scheduler.go:67.47,70.3 2 1
orbyte/internal/platform/analytics/scheduler.go:71.2,74.80 4 1
orbyte/internal/platform/analytics/scheduler.go:74.80,76.3 1 1
orbyte/internal/platform/analytics/scheduler.go:77.2,77.120 1 1
orbyte/internal/platform/analytics/scheduler.go:77.120,79.3 1 1
orbyte/internal/platform/analytics/scheduler.go:80.2,80.111 1 1
orbyte/internal/platform/analytics/scheduler.go:80.111,82.3 1 1
orbyte/internal/platform/analytics/scheduler.go:83.2,83.107 1 1
orbyte/internal/platform/analytics/scheduler.go:83.107,85.3 1 1
orbyte/internal/platform/analytics/scheduler.go:86.2,86.16 1 1
orbyte/internal/platform/analytics/scheduler.go:89.121,91.16 2 1
orbyte/internal/platform/analytics/scheduler.go:91.16,92.14 1 1
orbyte/internal/platform/analytics/scheduler.go:92.14,94.4 1 1
orbyte/internal/platform/analytics/scheduler.go:94.9,94.26 1 1
orbyte/internal/platform/analytics/scheduler.go:94.26,96.4 1 1
orbyte/internal/platform/analytics/scheduler.go:97.3,97.9 1 1
orbyte/internal/platform/analytics/scheduler.go:99.2,100.39 2 1
orbyte/internal/platform/analytics/scheduler.go:100.39,102.3 1 1
orbyte/internal/platform/analytics/scheduler.go:103.2,103.21 1 1
orbyte/internal/platform/analytics/scheduler.go:103.21,105.3 1 1
orbyte/internal/platform/analytics/scheduler.go:108.50,113.2 4 1
orbyte/internal/platform/analytics/service.go:255.46,256.30 1 1
orbyte/internal/platform/analytics/service.go:256.30,258.3 1 0
orbyte/internal/platform/analytics/service.go:259.2,259.16 1 1
orbyte/internal/platform/analytics/service.go:273.197,275.2 1 1
orbyte/internal/platform/analytics/service.go:277.228,279.2 1 1
orbyte/internal/platform/analytics/service.go:281.53,282.14 1 1
orbyte/internal/platform/analytics/service.go:282.14,284.3 1 0
orbyte/internal/platform/analytics/service.go:285.2,285.18 1 1
orbyte/internal/platform/analytics/service.go:288.39,292.33 4 1
orbyte/internal/platform/analytics/service.go:292.33,300.24 8 1
orbyte/internal/platform/analytics/service.go:300.24,302.4 1 0
orbyte/internal/platform/analytics/service.go:303.3,306.49 4 1
orbyte/internal/platform/analytics/service.go:309.2,310.46 2 1
orbyte/internal/platform/analytics/service.go:310.46,311.22 1 1
orbyte/internal/platform/analytics/service.go:312.15,313.18 1 1
orbyte/internal/platform/analytics/service.go:314.20,315.23 1 0
orbyte/internal/platform/analytics/service.go:318.2,320.37 3 1
orbyte/internal/platform/analytics/service.go:320.37,321.26 1 1
orbyte/internal/platform/analytics/service.go:322.18,323.25 1 1
orbyte/internal/platform/analytics/service.go:324.19,325.14 1 0
orbyte/internal/platform/analytics/service.go:326.19,327.14 1 0
orbyte/internal/platform/analytics/service.go:330.2,330.61 1 1
orbyte/internal/platform/analytics/service.go:330.61,333.3 2 0
orbyte/internal/platform/analytics/service.go:335.2,338.30 4 1
orbyte/internal/platform/analytics/service.go:338.30,339.31 1 1
orbyte/internal/platform/analytics/service.go:339.31,341.4 1 0
orbyte/internal/platform/analytics/service.go:343.2,343.18 1 1
orbyte/internal/platform/analytics/service.go:343.18,348.24 5 1
orbyte/internal/platform/analytics/service.go:348.24,350.4 1 1
orbyte/internal/platform/analytics/service.go:353.2,357.22 2 1
orbyte/internal/platform/analytics/service.go:357.22,359.3 1 1
orbyte/internal/platform/analytics/service.go:361.2,362.18 2 1
orbyte/internal/platform/analytics/service.go:362.18,363.47 1 1
orbyte/internal/platform/analytics/service.go:363.47,365.4 1 1
orbyte/internal/platform/analytics/service.go:368.2,378.3 1 1
orbyte/internal/platform/analytics/service.go:381.60,382.16 1 1
orbyte/internal/platform/analytics/service.go:383.15,384.14 1 1
orbyte/internal/platform/analytics/service.go:385.19,386.18 1 1
orbyte/internal/platform/analytics/service.go:387.18,388.17 1 0
orbyte/internal/platform/analytics/service.go:389.18,390.17 1 0
orbyte/internal/platform/analytics/service.go:391.19,392.18 1 0
orbyte/internal/platform/analytics/service.go:396.55,398.19 2 1
orbyte/internal/platform/analytics/service.go:398.19,399.76 1 1
orbyte/internal/platform/analytics/service.go:399.76,401.4 1 0
orbyte/internal/platform/analytics/service.go:402.3,402.55 1 1
orbyte/internal/platform/analytics/service.go:402.55,404.4 1 0
orbyte/internal/platform/analytics/service.go:405.3,405.66 1 1
orbyte/internal/platform/analytics/service.go:405.66,407.4 1 0
orbyte/internal/platform/analytics/service.go:408.3,408.44 1 1
orbyte/internal/platform/analytics/service.go:408.44,410.4 1 0
orbyte/internal/platform/analytics/service.go:412.2,412.24 1 1
orbyte/internal/platform/analytics/service.go:412.24,414.3 1 1
orbyte/internal/platform/analytics/service.go:415.2,415.22 1 1
orbyte/internal/platform/analytics/service.go:418.58,419.19 1 1
orbyte/internal/platform/analytics/service.go:419.19,421.3 1 0
orbyte/internal/platform/analytics/service.go:422.2,422.33 1 1
orbyte/internal/platform/analytics/service.go:425.88,426.19 1 1
orbyte/internal/platform/analytics/service.go:426.19,428.3 1 0
orbyte/internal/platform/analytics/service.go:429.2,429.52 1 1
orbyte/internal/platform/analytics/service.go:432.46,433.19 1 1
orbyte/internal/platform/analytics/service.go:433.19,435.3 1 0
orbyte/internal/platform/analytics/service.go:436.2,436.31 1 1
orbyte/internal/platform/analytics/service.go:439.58,440.19 1 1
orbyte/internal/platform/analytics/service.go:440.19,442.3 1 0
orbyte/internal/platform/analytics/service.go:443.2,443.37 1 1
orbyte/internal/platform/analytics/service.go:446.52,447.19 1 0
orbyte/internal/platform/analytics/service.go:447.19,449.3 1 0
orbyte/internal/platform/analytics/service.go:450.2,450.33 1 0
orbyte/internal/platform/analytics/service.go:453.59,454.19 1 1
orbyte/internal/platform/analytics/service.go:454.19,456.3 1 0
orbyte/internal/platform/analytics/service.go:457.2,457.39 1 1
orbyte/internal/platform/analytics/service.go:460.50,462.2 1 1
orbyte/internal/platform/analytics/service.go:464.59,467.37 3 1
orbyte/internal/platform/analytics/service.go:467.37,476.3 1 1
orbyte/internal/platform/analytics/service.go:477.2,477.15 1 1
orbyte/internal/platform/analytics/service.go:480.64,482.25 2 1
orbyte/internal/platform/analytics/service.go:482.25,484.3 1 1
orbyte/internal/platform/analytics/service.go:485.2,485.42 1 1
orbyte/internal/platform/analytics/service.go:488.89,490.9 2 1
orbyte/internal/platform/analytics/service.go:490.9,492.3 1 0
orbyte/internal/platform/analytics/service.go:493.2,493.17 1 1
orbyte/internal/platform/analytics/service.go:494.23,495.48 1 0
orbyte/internal/platform/analytics/service.go:496.18,497.44 1 1
orbyte/internal/platform/analytics/service.go:498.10,499.20 1 0
orbyte/internal/platform/analytics/service.go:503.42,504.69 1 1
orbyte/internal/platform/analytics/service.go:504.69,505.73 1 1
orbyte/internal/platform/analytics/service.go:505.73,506.54 1 1
orbyte/internal/platform/analytics/service.go:506.54,508.5 1 0
orbyte/internal/platform/analytics/service.go:511.2,511.12 1 1
orbyte/internal/platform/analytics/service.go:514.61,516.2 1 0
orbyte/internal/platform/analytics/service.go:518.51,526.30 2 0
orbyte/internal/platform/analytics/service.go:526.30,528.3 1 0
orbyte/internal/platform/analytics/service.go:529.2,531.56 3 0
orbyte/internal/platform/analytics/service.go:531.56,533.3 1 0
orbyte/internal/platform/analytics/service.go:534.2,536.15 3 0
orbyte/internal/platform/analytics/service.go:539.71,540.19 1 1
orbyte/internal/platform/analytics/service.go:540.19,542.3 1 0
orbyte/internal/platform/analytics/service.go:543.2,543.74 1 1
orbyte/internal/platform/analytics/service.go:546.83,548.37 2 1
orbyte/internal/platform/analytics/service.go:548.37,552.10 4 1
orbyte/internal/platform/analytics/service.go:552.10,555.4 2 1
orbyte/internal/platform/analytics/service.go:556.3,571.77 16 1
orbyte/internal/platform/analytics/service.go:573.2,574.33 2 1
orbyte/internal/platform/analytics/service.go:574.33,576.3 1 1
orbyte/internal/platform/analytics/service.go:577.2,577.40 1 1
orbyte/internal/platform/analytics/service.go:577.40,577.100 1 0
orbyte/internal/platform/analytics/service.go:578.2,578.14 1 1
orbyte/internal/platform/analytics/service.go:581.83,582.20 1 1
orbyte/internal/platform/analytics/service.go:582.20,584.3 1 0
orbyte/internal/platform/analytics/service.go:585.2,585.33 1 1
orbyte/internal/platform/analytics/service.go:585.33,594.3 8 1
orbyte/internal/platform/analytics/service.go:597.106,599.23 2 1
orbyte/internal/platform/analytics/service.go:599.23,601.3 1 0
orbyte/internal/platform/analytics/service.go:602.2,603.17 2 1
orbyte/internal/platform/analytics/service.go:604.23,605.46 1 1
orbyte/internal/platform/analytics/service.go:606.18,607.42 1 0
orbyte/internal/platform/analytics/service.go:608.10,609.20 1 0
orbyte/internal/platform/analytics/service.go:613.59,615.9 2 1
orbyte/internal/platform/analytics/service.go:615.9,617.3 1 0
orbyte/internal/platform/analytics/service.go:618.2,624.9 7 1
orbyte/internal/platform/analytics/service.go:624.9,628.3 1 1
orbyte/internal/platform/analytics/service.go:629.2,639.9 1 0
orbyte/internal/platform/analytics/service.go:642.79,644.17 2 1
orbyte/internal/platform/analytics/service.go:644.17,646.3 1 0
orbyte/internal/platform/analytics/service.go:647.2,648.19 2 1
orbyte/internal/platform/analytics/service.go:648.19,650.3 1 0
orbyte/internal/platform/analytics/service.go:651.2,651.17 1 1
orbyte/internal/platform/analytics/service.go:654.75,656.21 2 1
orbyte/internal/platform/analytics/service.go:657.16,659.19 2 1
orbyte/internal/platform/analytics/service.go:659.19,661.4 1 0
orbyte/internal/platform/analytics/service.go:662.3,663.39 2 1
orbyte/internal/platform/analytics/service.go:664.17,666.39 2 1
orbyte/internal/platform/analytics/service.go:667.10,669.39 2 1
orbyte/internal/platform/analytics/service.go:673.60,675.66 2 1
orbyte/internal/platform/analytics/service.go:675.66,687.3 1 1
orbyte/internal/platform/analytics/service.go:688.2,688.60 1 1
orbyte/internal/platform/analytics/service.go:688.60,700.3 1 1
orbyte/internal/platform/analytics/service.go:701.2,716.15 3 1
orbyte/internal/platform/analytics/service.go:719.70,721.61 2 1
orbyte/internal/platform/analytics/service.go:721.61,723.3 1 1
orbyte/internal/platform/analytics/service.go:724.2,724.55 1 1
orbyte/internal/platform/analytics/service.go:724.55,726.3 1 1
orbyte/internal/platform/analytics/service.go:727.2,727.55 1 1
orbyte/internal/platform/analytics/service.go:727.55,729.3 1 0
orbyte/internal/platform/analytics/service.go:730.2,730.51 1 1
orbyte/internal/platform/analytics/service.go:730.51,730.125 1 0
orbyte/internal/platform/analytics/service.go:731.2,731.15 1 1
orbyte/internal/platform/analytics/service.go:734.57,735.18 1 1
orbyte/internal/platform/analytics/service.go:736.16,737.29 1 0
orbyte/internal/platform/analytics/service.go:738.16,739.31 1 0
orbyte/internal/platform/analytics/service.go:740.17,741.31 1 0
orbyte/internal/platform/analytics/service.go:742.10,743.34 1 1
orbyte/internal/platform/config/memory_repository.go:9.61,11.32 2 1
orbyte/internal/platform/config/memory_repository.go:11.32,13.3 1 1
orbyte/internal/platform/config/memory_repository.go:14.2,14.43 1 1
orbyte/internal/platform/config/memory_repository.go:17.74,20.2 2 1
orbyte/internal/platform/config/memory_repository.go:22.43,24.34 2 1
orbyte/internal/platform/config/memory_repository.go:24.34,26.3 1 1
orbyte/internal/platform/config/memory_repository.go:27.2,27.42 1 1
orbyte/internal/platform/config/memory_repository.go:27.42,28.39 1 1
orbyte/internal/platform/config/memory_repository.go:28.39,29.44 1 0
orbyte/internal/platform/config/memory_repository.go:29.44,31.5 1 0
orbyte/internal/platform/config/memory_repository.go:32.4,32.46 1 0
orbyte/internal/platform/config/memory_repository.go:34.3,34.41 1 1
orbyte/internal/platform/config/memory_repository.go:36.2,36.16 1 1
orbyte/internal/platform/config/memory_repository.go:39.52,42.2 2 1
orbyte/internal/platform/config/memory_repository.go:44.55,46.2 1 1
orbyte/internal/platform/config/postgres_repository.go:13.60,15.2 1 0
orbyte/internal/platform/config/postgres_repository.go:17.76,37.16 4 0
orbyte/internal/platform/config/postgres_repository.go:37.16,39.3 1 0
orbyte/internal/platform/config/postgres_repository.go:40.2,41.20 2 0
orbyte/internal/platform/config/postgres_repository.go:44.45,50.16 3 0
orbyte/internal/platform/config/postgres_repository.go:50.16,52.3 1 0
orbyte/internal/platform/config/postgres_repository.go:53.2,55.18 3 0
orbyte/internal/platform/config/postgres_repository.go:55.18,60.180 2 0
orbyte/internal/platform/config/postgres_repository.go:60.180,61.12 1 0
orbyte/internal/platform/config/postgres_repository.go:63.3,64.31 2 0
orbyte/internal/platform/config/postgres_repository.go:66.2,66.14 1 0
orbyte/internal/platform/config/postgres_repository.go:69.54,71.16 2 0
orbyte/internal/platform/config/postgres_repository.go:71.16,73.3 1 0
orbyte/internal/platform/config/postgres_repository.go:74.2,86.12 3 0
orbyte/internal/platform/config/service.go:75.28,77.43 2 1
orbyte/internal/platform/config/service.go:77.43,79.3 1 1
orbyte/internal/platform/config/service.go:80.2,81.44 2 1
orbyte/internal/platform/config/service.go:81.44,83.3 1 1
orbyte/internal/platform/config/service.go:84.2,84.12 1 1
orbyte/internal/platform/config/service.go:87.57,89.43 2 1
orbyte/internal/platform/config/service.go:89.43,91.3 1 1
orbyte/internal/platform/config/service.go:92.2,92.12 1 1
orbyte/internal/platform/config/service.go:95.40,236.2 1 1
orbyte/internal/platform/config/service.go:238.44,326.2 1 1
orbyte/internal/platform/config/service.go:328.60,329.38 1 1
orbyte/internal/platform/config/service.go:329.38,331.3 1 0
orbyte/internal/platform/config/service.go:332.2,332.44 1 1
orbyte/internal/platform/config/service.go:332.44,334.3 1 0
orbyte/internal/platform/config/service.go:335.2,335.33 1 1
orbyte/internal/platform/config/service.go:335.33,337.3 1 0
orbyte/internal/platform/config/service.go:338.2,338.29 1 1
orbyte/internal/platform/config/service.go:338.29,340.3 1 0
orbyte/internal/platform/config/service.go:341.2,342.12 2 1
orbyte/internal/platform/config/service.go:345.61,348.2 2 1
orbyte/internal/platform/config/service.go:350.46,352.36 2 1
orbyte/internal/platform/config/service.go:352.36,354.3 1 1
orbyte/internal/platform/config/service.go:355.2,355.40 1 1
orbyte/internal/platform/config/service.go:355.40,355.78 1 1
orbyte/internal/platform/config/service.go:356.2,356.14 1 1
orbyte/internal/platform/config/service.go:359.49,361.2 1 1
orbyte/internal/platform/config/service.go:363.35,365.33 2 1
orbyte/internal/platform/config/service.go:365.33,367.3 1 1
orbyte/internal/platform/config/service.go:368.2,369.13 2 1
orbyte/internal/platform/config/service.go:372.37,374.2 1 1
orbyte/internal/platform/config/service.go:376.43,378.9 2 1
orbyte/internal/platform/config/service.go:378.9,380.3 1 1
orbyte/internal/platform/config/service.go:381.2,381.23 1 1
orbyte/internal/platform/config/service.go:381.23,383.3 1 0
orbyte/internal/platform/config/service.go:384.2,384.52 1 1
orbyte/internal/platform/config/service.go:384.52,386.3 1 1
orbyte/internal/platform/config/service.go:387.2,387.63 1 1
orbyte/internal/platform/config/service.go:387.63,389.3 1 1
orbyte/internal/platform/config/service.go:390.2,390.27 1 1
orbyte/internal/platform/config/service.go:390.27,392.3 1 0
orbyte/internal/platform/config/service.go:393.2,393.26 1 1
orbyte/internal/platform/config/service.go:393.26,395.3 1 0
orbyte/internal/platform/config/service.go:396.2,396.30 1 1
orbyte/internal/platform/config/service.go:396.30,398.3 1 0
orbyte/internal/platform/config/service.go:399.2,399.27 1 1
orbyte/internal/platform/config/service.go:399.27,401.3 1 0
orbyte/internal/platform/config/service.go:402.2,402.24 1 1
orbyte/internal/platform/config/service.go:402.24,404.3 1 0
orbyte/internal/platform/config/service.go:405.2,405.27 1 1
orbyte/internal/platform/config/service.go:408.90,410.9 2 1
orbyte/internal/platform/config/service.go:410.9,412.3 1 0
orbyte/internal/platform/config/service.go:413.2,423.4 4 1
orbyte/internal/platform/config/service.go:423.4,424.65 1 1
orbyte/internal/platform/config/service.go:424.65,425.12 1 1
orbyte/internal/platform/config/service.go:427.3,427.57 1 1
orbyte/internal/platform/config/service.go:427.57,428.12 1 1
orbyte/internal/platform/config/service.go:430.3,431.10 2 1
orbyte/internal/platform/config/service.go:431.10,432.12 1 1
orbyte/internal/platform/config/service.go:434.3,436.36 3 1
orbyte/internal/platform/config/service.go:438.2,446.9 1 1
orbyte/internal/platform/config/service.go:449.82,452.27 3 1
orbyte/internal/platform/config/service.go:452.27,453.66 1 1
orbyte/internal/platform/config/service.go:453.66,455.4 1 1
orbyte/internal/platform/config/service.go:457.2,457.14 1 1
orbyte/internal/platform/config/service.go:460.83,462.38 2 1
orbyte/internal/platform/config/service.go:462.38,464.10 2 1
orbyte/internal/platform/config/service.go:464.10,471.12 3 0
orbyte/internal/platform/config/service.go:473.3,473.64 1 1
orbyte/internal/platform/config/service.go:473.64,480.4 2 0
orbyte/internal/platform/config/service.go:481.3,481.36 1 1
orbyte/internal/platform/config/service.go:481.36,482.23 1 1
orbyte/internal/platform/config/service.go:482.23,483.13 1 1
orbyte/internal/platform/config/service.go:485.4,486.40 2 1
orbyte/internal/platform/config/service.go:486.40,494.5 2 0
orbyte/internal/platform/config/service.go:496.3,496.81 1 1
orbyte/internal/platform/config/service.go:496.81,497.81 1 1
orbyte/internal/platform/config/service.go:497.81,500.5 2 1
orbyte/internal/platform/config/service.go:501.4,501.157 1 1
orbyte/internal/platform/config/service.go:501.157,504.5 2 1
orbyte/internal/platform/config/service.go:505.4,505.85 1 1
orbyte/internal/platform/config/service.go:505.85,508.5 2 1
orbyte/internal/platform/config/service.go:509.4,509.84 1 1
orbyte/internal/platform/config/service.go:509.84,512.5 2 1
orbyte/internal/platform/config/service.go:513.4,513.80 1 1
orbyte/internal/platform/config/service.go:513.80,516.5 2 0
orbyte/internal/platform/config/service.go:517.4,517.81 1 1
orbyte/internal/platform/config/service.go:517.81,520.5 2 0
orbyte/internal/platform/config/service.go:521.4,521.80 1 1
orbyte/internal/platform/config/service.go:521.80,524.5 2 0
orbyte/internal/platform/config/service.go:527.2,527.15 1 1
orbyte/internal/platform/config/service.go:530.43,549.9 3 1
orbyte/internal/platform/config/service.go:549.9,551.3 1 0
orbyte/internal/platform/config/service.go:552.2,552.66 1 1
orbyte/internal/platform/config/service.go:552.66,554.3 1 1
orbyte/internal/platform/config/service.go:555.2,555.66 1 1
orbyte/internal/platform/config/service.go:555.66,557.3 1 1
orbyte/internal/platform/config/service.go:558.2,558.77 1 1
orbyte/internal/platform/config/service.go:558.77,560.3 1 1
orbyte/internal/platform/config/service.go:561.2,561.72 1 1
orbyte/internal/platform/config/service.go:561.72,563.3 1 1
orbyte/internal/platform/config/service.go:564.2,564.78 1 1
orbyte/internal/platform/config/service.go:564.78,566.3 1 1
orbyte/internal/platform/config/service.go:567.2,569.90 3 1
orbyte/internal/platform/config/service.go:569.90,571.3 1 1
orbyte/internal/platform/config/service.go:572.2,572.99 1 1
orbyte/internal/platform/config/service.go:572.99,574.3 1 1
orbyte/internal/platform/config/service.go:575.2,575.98 1 1
orbyte/internal/platform/config/service.go:575.98,577.3 1 1
orbyte/internal/platform/config/service.go:578.2,582.119 5 1
orbyte/internal/platform/config/service.go:582.119,584.3 1 1
orbyte/internal/platform/config/service.go:585.2,595.69 11 1
orbyte/internal/platform/config/service.go:595.69,597.3 1 1
orbyte/internal/platform/config/service.go:598.2,598.15 1 1
orbyte/internal/platform/config/service.go:601.53,603.60 2 0
orbyte/internal/platform/config/service.go:603.60,607.75 4 0
orbyte/internal/platform/config/service.go:607.75,609.4 1 0
orbyte/internal/platform/config/service.go:611.2,611.15 1 0
orbyte/internal/platform/config/service.go:614.43,616.57 2 1
orbyte/internal/platform/config/service.go:616.57,619.95 3 1
orbyte/internal/platform/config/service.go:619.95,621.4 1 1
orbyte/internal/platform/config/service.go:622.3,623.75 2 1
orbyte/internal/platform/config/service.go:623.75,625.4 1 1
orbyte/internal/platform/config/service.go:627.2,627.15 1 1
orbyte/internal/platform/config/service.go:630.53,632.60 2 0
orbyte/internal/platform/config/service.go:632.60,633.94 1 0
orbyte/internal/platform/config/service.go:633.94,635.4 1 0
orbyte/internal/platform/config/service.go:636.3,636.76 1 0
orbyte/internal/platform/config/service.go:636.76,638.4 1 0
orbyte/internal/platform/config/service.go:640.2,640.15 1 0
orbyte/internal/platform/config/service.go:643.74,644.31 1 1
orbyte/internal/platform/config/service.go:644.31,646.28 2 1
orbyte/internal/platform/config/service.go:646.28,647.12 1 1
orbyte/internal/platform/config/service.go:649.3,649.10 1 1
orbyte/internal/platform/config/service.go:649.10,650.12 1 0
orbyte/internal/platform/config/service.go:652.3,652.21 1 1
orbyte/internal/platform/config/service.go:653.14,654.117 1 1
orbyte/internal/platform/config/service.go:654.117,656.5 1 1
orbyte/internal/platform/config/service.go:657.15,658.36 1 1
orbyte/internal/platform/config/service.go:658.36,660.5 1 0
orbyte/internal/platform/config/service.go:661.17,662.38 1 1
orbyte/internal/platform/config/service.go:662.38,664.5 1 1
orbyte/internal/platform/config/service.go:665.22,666.81 1 1
orbyte/internal/platform/config/service.go:666.81,667.36 1 1
orbyte/internal/platform/config/service.go:668.19,669.15 1 1
orbyte/internal/platform/config/service.go:670.16,671.15 1 0
orbyte/internal/platform/config/service.go:672.13,673.86 1 1
orbyte/internal/platform/config/service.go:677.3,677.26 1 1
orbyte/internal/platform/config/service.go:677.26,679.55 2 0
orbyte/internal/platform/config/service.go:679.55,681.5 1 0
orbyte/internal/platform/config/service.go:684.2,684.12 1 1
orbyte/internal/platform/config/service.go:687.30,688.31 1 1
orbyte/internal/platform/config/service.go:689.11,690.15 1 1
orbyte/internal/platform/config/service.go:691.13,692.20 1 0
orbyte/internal/platform/config/service.go:693.13,694.20 1 0
orbyte/internal/platform/config/service.go:695.15,696.20 1 0
orbyte/internal/platform/config/service.go:697.15,698.20 1 0
orbyte/internal/platform/config/service.go:699.10,700.11 1 1
orbyte/internal/platform/config/service.go:704.34,706.2 1 1
orbyte/internal/platform/config/service.go:708.36,709.31 1 1
orbyte/internal/platform/config/service.go:710.12,711.15 1 1
orbyte/internal/platform/config/service.go:712.14,713.61 1 0
orbyte/internal/platform/config/service.go:714.10,715.15 1 0
orbyte/internal/platform/config/service.go:719.40,720.36 1 1
orbyte/internal/platform/config/service.go:720.36,722.3 1 1
orbyte/internal/platform/config/service.go:723.2,723.11 1 0
orbyte/internal/platform/config/service.go:726.39,727.31 1 1
orbyte/internal/platform/config/service.go:728.11,729.14 1 0
orbyte/internal/platform/config/service.go:730.14,731.40 1 1
orbyte/internal/platform/config/service.go:732.16,733.25 1 0
orbyte/internal/platform/config/service.go:734.13,735.25 1 0
orbyte/internal/platform/config/service.go:736.10,737.15 1 1
orbyte/internal/platform/config/service.go:741.43,742.31 1 1
orbyte/internal/platform/config/service.go:743.16,744.41 1 1
orbyte/internal/platform/config/service.go:745.13,747.30 2 1
orbyte/internal/platform/config/service.go:747.30,748.51 1 1
orbyte/internal/platform/config/service.go:748.51,750.5 1 1
orbyte/internal/platform/config/service.go:752.3,752.15 1 1
orbyte/internal/platform/config/service.go:753.10,754.13 1 1
orbyte/internal/platform/config/service.go:758.56,760.2 1 1
orbyte/internal/platform/config/service.go:762.60,763.29 1 1
orbyte/internal/platform/config/service.go:763.29,764.24 1 1
orbyte/internal/platform/config/service.go:764.24,766.4 1 1
orbyte/internal/platform/config/service.go:768.2,768.14 1 1
orbyte/internal/platform/config/service.go:771.52,772.21 1 1
orbyte/internal/platform/config/service.go:772.21,774.3 1 0
orbyte/internal/platform/config/service.go:775.2,776.32 2 1
orbyte/internal/platform/config/service.go:776.32,778.3 1 1
orbyte/internal/platform/config/service.go:779.2,779.15 1 1
orbyte/internal/platform/config/service.go:782.46,783.33 1 1
orbyte/internal/platform/config/service.go:783.33,785.3 1 1
orbyte/internal/platform/document/memory_repository.go:18.46,27.2 1 1
orbyte/internal/platform/document/memory_repository.go:29.65,30.50 1 1
orbyte/internal/platform/document/memory_repository.go:30.50,32.3 1 0
orbyte/internal/platform/document/memory_repository.go:33.2,34.12 2 1
orbyte/internal/platform/document/memory_repository.go:37.82,40.2 2 1
orbyte/internal/platform/document/memory_repository.go:42.59,44.36 2 0
orbyte/internal/platform/document/memory_repository.go:44.36,46.3 1 0
orbyte/internal/platform/document/memory_repository.go:47.2,47.39 1 0
orbyte/internal/platform/document/memory_repository.go:47.39,49.3 1 0
orbyte/internal/platform/document/memory_repository.go:50.2,50.13 1 0
orbyte/internal/platform/document/memory_repository.go:53.83,54.43 1 1
orbyte/internal/platform/document/memory_repository.go:54.43,56.3 1 1
orbyte/internal/platform/document/memory_repository.go:57.2,57.72 1 1
orbyte/internal/platform/document/memory_repository.go:57.72,59.3 1 0
orbyte/internal/platform/document/memory_repository.go:60.2,61.12 2 1
orbyte/internal/platform/document/memory_repository.go:64.96,66.49 2 1
orbyte/internal/platform/document/memory_repository.go:66.49,68.3 1 1
orbyte/internal/platform/document/memory_repository.go:69.2,69.40 1 1
orbyte/internal/platform/document/memory_repository.go:69.40,69.90 1 0
orbyte/internal/platform/document/memory_repository.go:70.2,70.14 1 1
orbyte/internal/platform/document/memory_repository.go:73.60,79.2 5 1
orbyte/internal/platform/document/memory_repository.go:81.72,83.8 2 1
orbyte/internal/platform/document/memory_repository.go:83.8,87.3 3 1
orbyte/internal/platform/document/memory_repository.go:88.2,88.19 1 1
orbyte/internal/platform/document/memory_repository.go:91.51,93.35 2 0
orbyte/internal/platform/document/memory_repository.go:93.35,95.3 1 0
orbyte/internal/platform/document/memory_repository.go:96.2,96.42 1 0
orbyte/internal/platform/document/memory_repository.go:96.42,98.3 1 0
orbyte/internal/platform/document/memory_repository.go:99.2,99.16 1 0
orbyte/internal/platform/document/memory_repository.go:102.77,104.40 2 1
orbyte/internal/platform/document/memory_repository.go:104.40,104.84 1 1
orbyte/internal/platform/document/memory_repository.go:105.2,106.45 2 1
orbyte/internal/platform/document/memory_repository.go:106.45,109.3 2 1
orbyte/internal/platform/document/memory_repository.go:110.2,110.12 1 1
orbyte/internal/platform/document/memory_repository.go:113.64,115.2 1 0
orbyte/internal/platform/document/memory_repository.go:117.77,119.40 2 1
orbyte/internal/platform/document/memory_repository.go:119.40,119.96 1 0
orbyte/internal/platform/document/memory_repository.go:120.2,121.45 2 1
orbyte/internal/platform/document/memory_repository.go:121.45,124.3 2 1
orbyte/internal/platform/document/memory_repository.go:125.2,125.12 1 1
orbyte/internal/platform/document/memory_repository.go:128.64,130.2 1 1
orbyte/internal/platform/document/memory_repository.go:132.95,134.40 2 1
orbyte/internal/platform/document/memory_repository.go:134.40,134.96 1 0
orbyte/internal/platform/document/memory_repository.go:135.2,136.45 2 1
orbyte/internal/platform/document/memory_repository.go:136.45,139.3 2 1
orbyte/internal/platform/document/memory_repository.go:140.2,140.12 1 1
orbyte/internal/platform/document/memory_repository.go:143.76,145.2 1 1
orbyte/internal/platform/document/postgres_repository.go:16.60,18.2 1 1
orbyte/internal/platform/document/postgres_repository.go:20.67,27.16 3 1
orbyte/internal/platform/document/postgres_repository.go:27.16,29.3 1 0
orbyte/internal/platform/document/postgres_repository.go:30.2,31.16 2 1
orbyte/internal/platform/document/postgres_repository.go:31.16,33.3 1 0
orbyte/internal/platform/document/postgres_repository.go:35.2,45.16 2 1
orbyte/internal/platform/document/postgres_repository.go:45.16,47.3 1 0
orbyte/internal/platform/document/postgres_repository.go:48.2,48.12 1 1
orbyte/internal/platform/document/postgres_repository.go:51.84,71.16 6 1
orbyte/internal/platform/document/postgres_repository.go:71.16,73.3 1 0
orbyte/internal/platform/document/postgres_repository.go:74.2,76.18 3 1
orbyte/internal/platform/document/postgres_repository.go:79.61,87.16 3 1
orbyte/internal/platform/document/postgres_repository.go:87.16,89.3 1 0
orbyte/internal/platform/document/postgres_repository.go:90.2,93.18 3 1
orbyte/internal/platform/document/postgres_repository.go:93.18,97.194 4 1
orbyte/internal/platform/document/postgres_repository.go:97.194,98.12 1 0
orbyte/internal/platform/document/postgres_repository.go:100.3,102.27 3 1
orbyte/internal/platform/document/postgres_repository.go:104.2,104.13 1 1
orbyte/internal/platform/document/postgres_repository.go:107.85,113.16 3 1
orbyte/internal/platform/document/postgres_repository.go:113.16,115.3 1 0
orbyte/internal/platform/document/postgres_repository.go:116.2,116.12 1 1
orbyte/internal/platform/document/postgres_repository.go:119.98,126.16 3 1
orbyte/internal/platform/document/postgres_repository.go:126.16,128.3 1 0
orbyte/internal/platform/document/postgres_repository.go:129.2,131.18 3 1
orbyte/internal/platform/document/postgres_repository.go:131.18,133.163 2 1
orbyte/internal/platform/document/postgres_repository.go:133.163,134.12 1 0
orbyte/internal/platform/document/postgres_repository.go:136.3,136.30 1 1
orbyte/internal/platform/document/postgres_repository.go:138.2,138.14 1 1
orbyte/internal/platform/document/postgres_repository.go:141.62,143.16 2 1
orbyte/internal/platform/document/postgres_repository.go:143.16,145.3 1 0
orbyte/internal/platform/document/postgres_repository.go:146.2,147.16 2 1
orbyte/internal/platform/document/postgres_repository.go:147.16,149.3 1 0
orbyte/internal/platform/document/postgres_repository.go:151.2,200.12 3 1
orbyte/internal/platform/document/postgres_repository.go:203.74,243.16 4 1
orbyte/internal/platform/document/postgres_repository.go:243.16,245.3 1 0
orbyte/internal/platform/document/postgres_repository.go:246.2,246.23 1 1
orbyte/internal/platform/document/postgres_repository.go:246.23,248.3 1 0
orbyte/internal/platform/document/postgres_repository.go:249.2,251.70 3 1
orbyte/internal/platform/document/postgres_repository.go:251.70,253.3 1 0
orbyte/internal/platform/document/postgres_repository.go:254.2,258.21 5 1
orbyte/internal/platform/document/postgres_repository.go:261.53,271.16 3 1
orbyte/internal/platform/document/postgres_repository.go:271.16,273.3 1 0
orbyte/internal/platform/document/postgres_repository.go:274.2,277.18 3 1
orbyte/internal/platform/document/postgres_repository.go:277.18,306.17 2 1
orbyte/internal/platform/document/postgres_repository.go:306.17,307.12 1 0
orbyte/internal/platform/document/postgres_repository.go:309.3,309.24 1 1
orbyte/internal/platform/document/postgres_repository.go:309.24,311.4 1 0
orbyte/internal/platform/document/postgres_repository.go:312.3,314.71 3 1
orbyte/internal/platform/document/postgres_repository.go:314.71,315.12 1 0
orbyte/internal/platform/document/postgres_repository.go:317.3,321.36 5 1
orbyte/internal/platform/document/postgres_repository.go:323.2,323.42 1 1
orbyte/internal/platform/document/postgres_repository.go:323.42,325.3 1 0
orbyte/internal/platform/document/postgres_repository.go:326.2,326.16 1 1
orbyte/internal/platform/document/postgres_repository.go:329.53,330.16 1 1
orbyte/internal/platform/document/postgres_repository.go:330.16,332.3 1 1
orbyte/internal/platform/document/postgres_repository.go:333.2,333.10 1 0
orbyte/internal/platform/document/postgres_repository.go:336.79,338.16 2 1
orbyte/internal/platform/document/postgres_repository.go:338.16,340.3 1 0
orbyte/internal/platform/document/postgres_repository.go:341.2,341.15 1 1
orbyte/internal/platform/document/postgres_repository.go:341.15,341.36 1 1
orbyte/internal/platform/document/postgres_repository.go:342.2,342.129 1 1
orbyte/internal/platform/document/postgres_repository.go:342.129,344.3 1 0
orbyte/internal/platform/document/postgres_repository.go:345.2,345.29 1 1
orbyte/internal/platform/document/postgres_repository.go:345.29,347.17 2 1
orbyte/internal/platform/document/postgres_repository.go:347.17,349.4 1 0
orbyte/internal/platform/document/postgres_repository.go:350.3,355.17 1 1
orbyte/internal/platform/document/postgres_repository.go:355.17,357.4 1 0
orbyte/internal/platform/document/postgres_repository.go:359.2,359.20 1 1
orbyte/internal/platform/document/postgres_repository.go:362.66,368.16 2 1
orbyte/internal/platform/document/postgres_repository.go:368.16,370.3 1 1
orbyte/internal/platform/document/postgres_repository.go:371.2,373.18 3 1
orbyte/internal/platform/document/postgres_repository.go:373.18,376.169 3 1
orbyte/internal/platform/document/postgres_repository.go:376.169,377.12 1 0
orbyte/internal/platform/document/postgres_repository.go:379.3,380.30 2 1
orbyte/internal/platform/document/postgres_repository.go:382.2,382.14 1 1
orbyte/internal/platform/document/postgres_repository.go:385.79,387.16 2 1
orbyte/internal/platform/document/postgres_repository.go:387.16,389.3 1 0
orbyte/internal/platform/document/postgres_repository.go:390.2,390.15 1 1
orbyte/internal/platform/document/postgres_repository.go:390.15,390.36 1 1
orbyte/internal/platform/document/postgres_repository.go:391.2,391.129 1 1
orbyte/internal/platform/document/postgres_repository.go:391.129,393.3 1 0
orbyte/internal/platform/document/postgres_repository.go:394.2,394.29 1 1
orbyte/internal/platform/document/postgres_repository.go:394.29,396.17 2 1
orbyte/internal/platform/document/postgres_repository.go:396.17,398.4 1 0
orbyte/internal/platform/document/postgres_repository.go:399.3,404.17 1 1
orbyte/internal/platform/document/postgres_repository.go:404.17,406.4 1 0
orbyte/internal/platform/document/postgres_repository.go:408.2,408.20 1 1
orbyte/internal/platform/document/postgres_repository.go:411.66,417.16 2 1
orbyte/internal/platform/document/postgres_repository.go:417.16,419.3 1 1
orbyte/internal/platform/document/postgres_repository.go:420.2,422.18 3 1
orbyte/internal/platform/document/postgres_repository.go:422.18,425.131 3 1
orbyte/internal/platform/document/postgres_repository.go:425.131,426.12 1 0
orbyte/internal/platform/document/postgres_repository.go:428.3,429.30 2 1
orbyte/internal/platform/document/postgres_repository.go:431.2,431.14 1 1
orbyte/internal/platform/document/postgres_repository.go:434.97,436.16 2 1
orbyte/internal/platform/document/postgres_repository.go:436.16,438.3 1 0
orbyte/internal/platform/document/postgres_repository.go:439.2,439.15 1 1
orbyte/internal/platform/document/postgres_repository.go:439.15,439.36 1 1
orbyte/internal/platform/document/postgres_repository.go:440.2,440.135 1 1
orbyte/internal/platform/document/postgres_repository.go:440.135,442.3 1 0
orbyte/internal/platform/document/postgres_repository.go:443.2,443.41 1 1
orbyte/internal/platform/document/postgres_repository.go:443.41,449.17 1 1
orbyte/internal/platform/document/postgres_repository.go:449.17,451.4 1 0
orbyte/internal/platform/document/postgres_repository.go:453.2,453.20 1 1
orbyte/internal/platform/document/postgres_repository.go:456.78,462.16 2 1
orbyte/internal/platform/document/postgres_repository.go:462.16,464.3 1 1
orbyte/internal/platform/document/postgres_repository.go:465.2,467.18 3 1
orbyte/internal/platform/document/postgres_repository.go:467.18,469.172 2 1
orbyte/internal/platform/document/postgres_repository.go:469.172,470.12 1 0
orbyte/internal/platform/document/postgres_repository.go:472.3,472.30 1 1
orbyte/internal/platform/document/postgres_repository.go:474.2,474.14 1 1
orbyte/internal/platform/document/service.go:17.28,29.2 3 1
orbyte/internal/platform/document/service.go:31.57,33.2 1 1
orbyte/internal/platform/document/service.go:35.50,36.20 1 1
orbyte/internal/platform/document/service.go:36.20,38.3 1 0
orbyte/internal/platform/document/service.go:39.2,39.35 1 1
orbyte/internal/platform/document/service.go:42.68,43.28 1 1
orbyte/internal/platform/document/service.go:43.28,45.3 1 0
orbyte/internal/platform/document/service.go:46.2,46.25 1 1
orbyte/internal/platform/document/service.go:46.25,48.3 1 0
orbyte/internal/platform/document/service.go:49.2,49.58 1 1
orbyte/internal/platform/document/service.go:49.58,51.3 1 0
orbyte/internal/platform/document/service.go:52.2,52.44 1 1
orbyte/internal/platform/document/service.go:55.44,58.27 3 0
orbyte/internal/platform/document/service.go:58.27,60.3 1 0
orbyte/internal/platform/document/service.go:61.2,61.13 1 0
orbyte/internal/platform/document/service.go:64.35,66.2 1 0
orbyte/internal/platform/document/service.go:68.58,70.9 2 1
orbyte/internal/platform/document/service.go:70.9,72.3 1 0
orbyte/internal/platform/document/service.go:73.2,73.20 1 1
orbyte/internal/platform/document/service.go:76.71,78.9 2 1
orbyte/internal/platform/document/service.go:78.9,80.3 1 0
orbyte/internal/platform/document/service.go:81.2,81.17 1 1
orbyte/internal/platform/document/service.go:84.83,86.2 1 0
orbyte/internal/platform/document/service.go:88.45,90.2 1 0
orbyte/internal/platform/document/service.go:92.124,94.9 2 1
orbyte/internal/platform/document/service.go:94.9,96.3 1 0
orbyte/internal/platform/document/service.go:97.2,122.50 5 1
orbyte/internal/platform/document/service.go:122.50,124.3 1 0
orbyte/internal/platform/document/service.go:125.2,125.20 1 1
orbyte/internal/platform/document/service.go:128.115,130.16 2 1
orbyte/internal/platform/document/service.go:130.16,132.3 1 0
orbyte/internal/platform/document/service.go:133.2,133.93 1 1
orbyte/internal/platform/document/service.go:133.93,135.3 1 0
orbyte/internal/platform/document/service.go:136.2,138.50 3 1
orbyte/internal/platform/document/service.go:138.50,140.3 1 0
orbyte/internal/platform/document/service.go:141.2,141.20 1 1
orbyte/internal/platform/document/service.go:144.95,147.2 2 1
orbyte/internal/platform/document/service.go:149.71,151.16 2 1
orbyte/internal/platform/document/service.go:151.16,153.3 1 0
orbyte/internal/platform/document/service.go:154.2,154.23 1 1
orbyte/internal/platform/document/service.go:154.23,155.24 1 1
orbyte/internal/platform/document/service.go:155.24,157.4 1 1
orbyte/internal/platform/document/service.go:158.3,159.27 2 1
orbyte/internal/platform/document/service.go:159.27,161.4 1 1
orbyte/internal/platform/document/service.go:162.3,162.52 1 1
orbyte/internal/platform/document/service.go:162.52,164.4 1 0
orbyte/internal/platform/document/service.go:166.2,166.60 1 1
orbyte/internal/platform/document/service.go:166.60,168.3 1 0
orbyte/internal/platform/document/service.go:169.2,170.34 2 1
orbyte/internal/platform/document/service.go:173.113,175.16 2 1
orbyte/internal/platform/document/service.go:175.16,177.3 1 0
orbyte/internal/platform/document/service.go:178.2,179.16 2 1
orbyte/internal/platform/document/service.go:179.16,181.3 1 0
orbyte/internal/platform/document/service.go:182.2,182.47 1 1
orbyte/internal/platform/document/service.go:182.47,184.3 1 1
orbyte/internal/platform/document/service.go:185.2,195.60 4 1
orbyte/internal/platform/document/service.go:195.60,197.3 1 0
orbyte/internal/platform/document/service.go:198.2,199.40 2 1
orbyte/internal/platform/document/service.go:202.140,204.16 2 1
orbyte/internal/platform/document/service.go:204.16,206.3 1 0
orbyte/internal/platform/document/service.go:207.2,208.16 2 1
orbyte/internal/platform/document/service.go:208.16,210.3 1 0
orbyte/internal/platform/document/service.go:211.2,211.59 1 1
orbyte/internal/platform/document/service.go:211.59,213.3 1 0
orbyte/internal/platform/document/service.go:214.2,226.72 4 1
orbyte/internal/platform/document/service.go:226.72,228.3 1 0
orbyte/internal/platform/document/service.go:229.2,230.46 2 1
orbyte/internal/platform/document/service.go:233.55,234.31 1 1
orbyte/internal/platform/document/service.go:234.31,235.25 1 1
orbyte/internal/platform/document/service.go:235.25,237.4 1 1
orbyte/internal/platform/document/service.go:239.2,239.14 1 1
orbyte/internal/platform/document/service.go:242.49,245.2 2 1
orbyte/internal/platform/document/service.go:247.62,249.23 2 1
orbyte/internal/platform/document/service.go:249.23,251.3 1 0
orbyte/internal/platform/document/service.go:252.2,254.19 3 1
orbyte/internal/platform/document/service.go:257.116,263.2 5 1
orbyte/internal/platform/document/service.go:265.107,267.14 2 1
orbyte/internal/platform/document/service.go:268.15,269.20 1 1
orbyte/internal/platform/document/service.go:270.20,273.14 3 1
orbyte/internal/platform/document/service.go:274.10,277.14 3 1
orbyte/internal/platform/document/service.go:281.80,283.63 2 1
orbyte/internal/platform/document/service.go:283.63,285.3 1 1
orbyte/internal/platform/document/service.go:286.2,286.12 1 1
orbyte/internal/platform/document/service.go:289.52,290.18 1 1
orbyte/internal/platform/document/service.go:290.18,292.3 1 0
orbyte/internal/platform/document/service.go:293.2,294.32 2 1
orbyte/internal/platform/document/service.go:294.32,296.3 1 1
orbyte/internal/platform/document/service.go:297.2,297.15 1 1
orbyte/internal/platform/document/service.go:300.31,301.31 1 1
orbyte/internal/platform/document/service.go:302.22,303.25 1 1
orbyte/internal/platform/document/service.go:304.13,306.30 2 0
orbyte/internal/platform/document/service.go:306.30,308.4 1 0
orbyte/internal/platform/document/service.go:309.3,309.15 1 0
orbyte/internal/platform/document/service.go:310.10,311.15 1 1
orbyte/internal/platform/document/service.go:315.58,316.20 1 1
orbyte/internal/platform/document/service.go:316.20,318.3 1 0
orbyte/internal/platform/document/service.go:319.2,320.8 2 1
orbyte/internal/platform/document/service.go:320.8,322.3 1 1
orbyte/internal/platform/document/service.go:323.2,323.25 1 1
orbyte/internal/platform/document/service.go:326.97,327.26 1 1
orbyte/internal/platform/document/service.go:327.26,329.3 1 0
orbyte/internal/platform/document/service.go:330.2,331.43 2 1
orbyte/internal/platform/document/service.go:331.43,332.57 1 1
orbyte/internal/platform/document/service.go:332.57,334.4 1 1
orbyte/internal/platform/document/service.go:336.2,336.17 1 1
orbyte/internal/platform/document/service.go:339.80,340.27 1 1
orbyte/internal/platform/document/service.go:340.27,341.33 1 1
orbyte/internal/platform/document/service.go:341.33,343.4 1 1
orbyte/internal/platform/document/service.go:345.2,345.14 1 0
orbyte/internal/platform/document/service.go:348.69,350.27 2 0
orbyte/internal/platform/document/service.go:350.27,352.3 1 0
orbyte/internal/platform/document/service.go:353.2,354.13 2 0
orbyte/internal/platform/application/document_actions.go:32.146,34.86 2 1
orbyte/internal/platform/application/document_actions.go:34.86,36.3 1 1
orbyte/internal/platform/application/document_actions.go:37.2,37.16 1 1
orbyte/internal/platform/application/document_actions.go:40.129,42.16 2 1
orbyte/internal/platform/application/document_actions.go:42.16,44.3 1 0
orbyte/internal/platform/application/document_actions.go:45.2,45.69 1 1
orbyte/internal/platform/application/document_actions.go:45.69,47.3 1 1
orbyte/internal/platform/application/document_actions.go:48.2,48.62 1 1
orbyte/internal/platform/application/document_actions.go:48.62,50.3 1 0
orbyte/internal/platform/application/document_actions.go:51.2,52.16 2 1
orbyte/internal/platform/application/document_actions.go:52.16,54.3 1 0
orbyte/internal/platform/application/document_actions.go:55.2,55.77 1 1
orbyte/internal/platform/application/document_actions.go:55.77,57.3 1 0
orbyte/internal/platform/application/document_actions.go:58.2,58.27 1 1
orbyte/internal/platform/application/document_actions.go:58.27,60.3 1 0
orbyte/internal/platform/application/document_actions.go:61.2,64.16 3 1
orbyte/internal/platform/application/document_actions.go:64.16,66.3 1 0
orbyte/internal/platform/application/document_actions.go:68.2,117.131 15 1
orbyte/internal/platform/application/document_actions.go:117.131,119.3 1 0
orbyte/internal/platform/application/document_actions.go:120.2,120.20 1 1
orbyte/internal/platform/application/document_actions.go:123.158,125.16 2 1
orbyte/internal/platform/application/document_actions.go:125.16,127.3 1 0
orbyte/internal/platform/application/document_actions.go:128.2,128.37 1 1
orbyte/internal/platform/application/document_actions.go:128.37,130.3 1 1
orbyte/internal/platform/application/document_actions.go:131.2,131.69 1 1
orbyte/internal/platform/application/document_actions.go:131.69,133.3 1 0
orbyte/internal/platform/application/document_actions.go:134.2,134.62 1 1
orbyte/internal/platform/application/document_actions.go:134.62,136.3 1 0
orbyte/internal/platform/application/document_actions.go:138.2,184.133 13 1
orbyte/internal/platform/application/document_actions.go:184.133,186.3 1 0
orbyte/internal/platform/application/document_actions.go:187.2,187.20 1 1
orbyte/internal/platform/application/document_actions.go:190.182,192.16 2 1
orbyte/internal/platform/application/document_actions.go:192.16,194.3 1 0
orbyte/internal/platform/application/document_actions.go:195.2,195.37 1 1
orbyte/internal/platform/application/document_actions.go:195.37,197.3 1 0
orbyte/internal/platform/application/document_actions.go:198.2,198.69 1 1
orbyte/internal/platform/application/document_actions.go:198.69,200.3 1 0
orbyte/internal/platform/application/document_actions.go:201.2,201.62 1 1
orbyte/internal/platform/application/document_actions.go:201.62,203.3 1 0
orbyte/internal/platform/application/document_actions.go:204.2,204.92 1 1
orbyte/internal/platform/application/document_actions.go:204.92,206.3 1 0
orbyte/internal/platform/application/document_actions.go:208.2,256.133 13 1
orbyte/internal/platform/application/document_actions.go:256.133,258.3 1 0
orbyte/internal/platform/application/document_actions.go:259.2,259.20 1 1
orbyte/internal/platform/application/document_actions.go:262.130,264.16 2 1
orbyte/internal/platform/application/document_actions.go:264.16,266.3 1 0
orbyte/internal/platform/application/document_actions.go:267.2,267.69 1 1
orbyte/internal/platform/application/document_actions.go:267.69,269.3 1 0
orbyte/internal/platform/application/document_actions.go:270.2,270.62 1 1
orbyte/internal/platform/application/document_actions.go:270.62,272.3 1 0
orbyte/internal/platform/application/document_actions.go:273.2,274.16 2 1
orbyte/internal/platform/application/document_actions.go:274.16,276.3 1 0
orbyte/internal/platform/application/document_actions.go:277.2,278.16 2 1
orbyte/internal/platform/application/document_actions.go:278.16,280.3 1 0
orbyte/internal/platform/application/document_actions.go:281.2,281.78 1 1
orbyte/internal/platform/application/document_actions.go:281.78,283.3 1 0
orbyte/internal/platform/application/document_actions.go:284.2,332.131 14 1
orbyte/internal/platform/application/document_actions.go:332.131,334.3 1 0
orbyte/internal/platform/application/document_actions.go:335.2,335.20 1 1
orbyte/internal/platform/application/document_actions.go:338.230,339.21 1 1
orbyte/internal/platform/application/document_actions.go:339.21,349.3 2 1
orbyte/internal/platform/application/document_actions.go:350.2,350.11 1 0
orbyte/internal/platform/application/document_actions.go:350.11,352.3 1 0
orbyte/internal/platform/application/document_actions.go:353.2,353.105 1 0
orbyte/internal/platform/application/document_actions.go:356.129,358.2 1 1
orbyte/internal/platform/application/document_actions.go:360.129,362.2 1 1
orbyte/internal/platform/application/document_actions.go:364.129,366.2 1 1
orbyte/internal/platform/application/document_actions.go:368.160,370.16 2 1
orbyte/internal/platform/application/document_actions.go:370.16,372.3 1 0
orbyte/internal/platform/application/document_actions.go:373.2,373.69 1 1
orbyte/internal/platform/application/document_actions.go:373.69,375.3 1 0
orbyte/internal/platform/application/document_actions.go:376.2,376.62 1 1
orbyte/internal/platform/application/document_actions.go:376.62,378.3 1 0
orbyte/internal/platform/application/document_actions.go:379.2,380.16 2 1
orbyte/internal/platform/application/document_actions.go:380.16,382.3 1 0
orbyte/internal/platform/application/document_actions.go:383.2,384.16 2 1
orbyte/internal/platform/application/document_actions.go:384.16,386.3 1 0
orbyte/internal/platform/application/document_actions.go:387.2,387.75 1 1
orbyte/internal/platform/application/document_actions.go:387.75,389.3 1 0
orbyte/internal/platform/application/document_actions.go:390.2,393.46 4 1
orbyte/internal/platform/application/document_actions.go:393.46,395.3 1 1
orbyte/internal/platform/application/document_actions.go:396.2,426.121 10 1
orbyte/internal/platform/application/document_actions.go:426.121,428.3 1 0
orbyte/internal/platform/application/document_actions.go:429.2,429.20 1 1
orbyte/internal/platform/application/document_actions.go:432.105,433.24 1 1
orbyte/internal/platform/application/document_actions.go:433.24,435.42 2 1
orbyte/internal/platform/application/document_actions.go:435.42,436.142 1 1
orbyte/internal/platform/application/document_actions.go:436.142,437.58 1 0
orbyte/internal/platform/application/document_actions.go:437.58,438.144 1 0
orbyte/internal/platform/application/document_actions.go:438.144,440.7 1 0
orbyte/internal/platform/application/document_actions.go:445.2,445.21 1 1
orbyte/internal/platform/application/document_actions.go:445.21,447.3 1 1
orbyte/internal/platform/application/document_actions.go:448.2,462.23 2 0
orbyte/internal/platform/application/document_actions.go:462.23,464.3 1 0
orbyte/internal/platform/application/document_actions.go:465.2,465.12 1 0
orbyte/internal/platform/application/document_actions.go:468.137,469.75 1 1
orbyte/internal/platform/application/document_actions.go:469.75,471.3 1 1
orbyte/internal/platform/application/document_actions.go:472.2,472.21 1 1
orbyte/internal/platform/application/document_actions.go:472.21,488.73 2 0
orbyte/internal/platform/application/document_actions.go:488.73,491.4 2 0
orbyte/internal/platform/application/document_actions.go:493.2,493.69 1 1
orbyte/internal/platform/application/document_actions.go:496.71,498.2 1 1
orbyte/internal/platform/application/document_actions.go:500.45,501.31 1 0
orbyte/internal/platform/application/document_actions.go:501.31,502.18 1 0
orbyte/internal/platform/application/document_actions.go:502.18,504.4 1 0
orbyte/internal/platform/application/document_actions.go:506.2,506.11 1 0
orbyte/internal/platform/application/document_actions.go:513.160,515.2 1 1
orbyte/internal/platform/application/document_actions.go:517.69,519.2 1 1
orbyte/internal/platform/application/document_actions.go:521.200,523.2 1 1
orbyte/internal/platform/application/document_actions.go:525.205,527.2 1 0
orbyte/internal/platform/application/document_actions.go:529.176,530.73 1 1
orbyte/internal/platform/application/document_actions.go:530.73,531.69 1 1
orbyte/internal/platform/application/document_actions.go:531.69,533.4 1 0
orbyte/internal/platform/application/document_actions.go:534.3,534.51 1 1
orbyte/internal/platform/application/document_actions.go:534.51,536.4 1 0
orbyte/internal/platform/application/document_actions.go:537.3,537.58 1 1
orbyte/internal/platform/application/document_actions.go:537.58,539.4 1 0
orbyte/internal/platform/application/document_actions.go:540.3,540.53 1 1
orbyte/internal/platform/application/document_actions.go:548.62,550.2 1 1
orbyte/internal/platform/application/document_actions.go:552.71,554.2 1 0
orbyte/internal/platform/application/document_actions.go:556.213,558.2 1 1
orbyte/internal/platform/application/document_actions.go:560.218,562.2 1 1
orbyte/internal/platform/application/document_actions.go:564.214,565.73 1 1
orbyte/internal/platform/application/document_actions.go:565.73,566.69 1 1
orbyte/internal/platform/application/document_actions.go:566.69,568.4 1 1
orbyte/internal/platform/application/document_actions.go:569.3,569.51 1 1
orbyte/internal/platform/application/document_actions.go:569.51,571.4 1 0
orbyte/internal/platform/application/document_actions.go:572.3,572.58 1 1
orbyte/internal/platform/application/document_actions.go:572.58,574.4 1 0
orbyte/internal/platform/application/document_actions.go:575.3,575.54 1 1
orbyte/internal/platform/application/document_actions.go:575.54,577.4 1 0
orbyte/internal/platform/application/document_actions.go:578.3,578.53 1 1
orbyte/internal/platform/application/document_actions.go:582.60,584.16 2 1
orbyte/internal/platform/application/document_actions.go:584.16,586.3 1 0
orbyte/internal/platform/application/document_actions.go:587.2,596.12 3 1
orbyte/internal/platform/application/document_actions.go:599.64,601.16 2 1
orbyte/internal/platform/application/document_actions.go:601.16,603.3 1 0
orbyte/internal/platform/application/document_actions.go:604.2,611.12 3 1
orbyte/internal/platform/application/document_actions.go:614.73,623.2 3 1
orbyte/internal/platform/application/document_actions.go:625.76,626.38 1 1
orbyte/internal/platform/application/document_actions.go:626.38,631.175 2 1
orbyte/internal/platform/application/document_actions.go:631.175,633.4 1 1
orbyte/internal/platform/application/document_actions.go:635.2,635.46 1 1
orbyte/internal/platform/application/document_actions.go:635.46,640.186 2 1
orbyte/internal/platform/application/document_actions.go:640.186,642.4 1 0
orbyte/internal/platform/application/document_actions.go:644.2,644.50 1 1
orbyte/internal/platform/application/document_actions.go:644.50,645.159 1 0
orbyte/internal/platform/application/document_actions.go:645.159,647.4 1 0
orbyte/internal/platform/application/document_actions.go:649.2,649.46 1 1
orbyte/internal/platform/application/document_actions.go:649.46,650.151 1 0
orbyte/internal/platform/application/document_actions.go:650.151,652.4 1 0
orbyte/internal/platform/application/document_actions.go:654.2,654.12 1 1
orbyte/internal/platform/application/document_actions.go:657.36,658.16 1 1
orbyte/internal/platform/application/document_actions.go:658.16,660.3 1 1
orbyte/internal/platform/application/document_actions.go:661.2,661.10 1 1
orbyte/internal/platform/application/document_actions.go:664.72,667.73 3 1
orbyte/internal/platform/application/document_actions.go:667.73,669.3 1 1
orbyte/internal/platform/application/document_actions.go:670.2,670.15 1 1
orbyte/internal/platform/application/document_actions.go:682.97,683.72 1 1
orbyte/internal/platform/application/document_actions.go:683.72,685.3 1 0
orbyte/internal/platform/application/document_actions.go:686.2,686.52 1 1
orbyte/internal/platform/application/document_actions.go:686.52,688.3 1 0
orbyte/internal/platform/application/document_actions.go:689.2,689.59 1 1
orbyte/internal/platform/application/document_actions.go:689.59,691.3 1 0
orbyte/internal/platform/application/document_actions.go:692.2,692.29 1 1
orbyte/internal/platform/application/document_actions.go:692.29,693.56 1 1
orbyte/internal/platform/application/document_actions.go:693.56,695.4 1 0
orbyte/internal/platform/application/document_actions.go:697.2,697.70 1 1
orbyte/internal/platform/application/document_actions.go:697.70,699.3 1 0
orbyte/internal/platform/application/document_actions.go:700.2,700.22 1 1
orbyte/internal/platform/application/document_actions.go:703.87,704.27 1 1
orbyte/internal/platform/application/document_actions.go:704.27,705.33 1 1
orbyte/internal/platform/application/document_actions.go:705.33,707.4 1 1
orbyte/internal/platform/application/document_actions.go:709.2,709.14 1 0
orbyte/internal/platform/application/kernel_actions.go:24.152,26.2 1 0
orbyte/internal/platform/application/kernel_actions.go:28.166,30.2 1 1
orbyte/internal/platform/application/kernel_actions.go:32.204,33.18 1 1
orbyte/internal/platform/application/kernel_actions.go:33.18,34.50 1 0
orbyte/internal/platform/application/kernel_actions.go:34.50,36.4 1 0
orbyte/internal/platform/application/kernel_actions.go:37.3,38.17 2 0
orbyte/internal/platform/application/kernel_actions.go:38.17,40.4 1 0
orbyte/internal/platform/application/kernel_actions.go:41.3,42.94 2 0
orbyte/internal/platform/application/kernel_actions.go:42.94,44.4 1 0
orbyte/internal/platform/application/kernel_actions.go:45.3,45.50 1 0
orbyte/internal/platform/application/kernel_actions.go:45.50,47.4 1 0
orbyte/internal/platform/application/kernel_actions.go:48.3,48.43 1 0
orbyte/internal/platform/application/kernel_actions.go:51.2,55.69 2 1
orbyte/internal/platform/application/kernel_actions.go:55.69,56.64 1 1
orbyte/internal/platform/application/kernel_actions.go:56.64,58.4 1 0
orbyte/internal/platform/application/kernel_actions.go:59.3,62.17 4 1
orbyte/internal/platform/application/kernel_actions.go:62.17,64.4 1 0
orbyte/internal/platform/application/kernel_actions.go:65.3,66.58 2 1
orbyte/internal/platform/application/kernel_actions.go:66.58,68.4 1 0
orbyte/internal/platform/application/kernel_actions.go:69.3,70.54 2 1
orbyte/internal/platform/application/kernel_actions.go:70.54,72.4 1 0
orbyte/internal/platform/application/kernel_actions.go:73.3,79.5 1 1
orbyte/internal/platform/application/kernel_actions.go:81.2,81.16 1 1
orbyte/internal/platform/application/kernel_actions.go:81.16,83.3 1 0
orbyte/internal/platform/application/kernel_actions.go:84.2,84.42 1 1
orbyte/internal/platform/application/kernel_actions.go:87.107,103.2 2 1
orbyte/internal/platform/application/kernel_actions.go:105.110,122.2 2 1
orbyte/internal/platform/application/kernel_runner.go:13.74,15.2 1 1
orbyte/internal/platform/application/kernel_runner.go:17.108,19.30 2 1
orbyte/internal/platform/application/kernel_runner.go:19.30,21.3 1 1
orbyte/internal/platform/application/kernel_runner.go:22.2,23.56 2 1
orbyte/internal/platform/application/kernel_runner.go:23.56,27.3 3 1
orbyte/internal/platform/application/kernel_runner.go:28.2,28.16 1 1
orbyte/internal/platform/application/kernel_runner.go:28.16,30.3 1 1
orbyte/internal/platform/application/kernel_runner.go:31.2,31.17 1 1
orbyte/internal/platform/application/model_actions.go:25.151,27.2 1 1
orbyte/internal/platform/application/model_actions.go:29.165,32.2 2 0
orbyte/internal/platform/application/model_actions.go:34.149,35.18 1 1
orbyte/internal/platform/application/model_actions.go:35.18,37.17 2 1
orbyte/internal/platform/application/model_actions.go:37.17,39.4 1 0
orbyte/internal/platform/application/model_actions.go:40.3,40.58 1 1
orbyte/internal/platform/application/model_actions.go:42.2,43.16 2 0
orbyte/internal/platform/application/model_actions.go:43.16,45.3 1 0
orbyte/internal/platform/application/model_actions.go:46.2,46.97 1 0
orbyte/internal/platform/application/model_actions.go:49.153,50.18 1 1
orbyte/internal/platform/application/model_actions.go:50.18,52.17 2 1
orbyte/internal/platform/application/model_actions.go:52.17,54.4 1 0
orbyte/internal/platform/application/model_actions.go:55.3,55.58 1 1
orbyte/internal/platform/application/model_actions.go:57.2,58.16 2 0
orbyte/internal/platform/application/model_actions.go:58.16,60.3 1 0
orbyte/internal/platform/application/model_actions.go:61.2,61.97 1 0
orbyte/internal/platform/application/model_actions.go:64.163,68.2 1 1
orbyte/internal/platform/application/model_actions.go:70.171,71.95 1 1
orbyte/internal/platform/application/model_actions.go:71.95,73.3 1 0
orbyte/internal/platform/application/model_actions.go:74.2,74.99 1 1
orbyte/internal/platform/application/model_actions.go:74.99,76.3 1 0
orbyte/internal/platform/application/model_actions.go:77.2,78.29 2 1
orbyte/internal/platform/application/model_actions.go:81.140,82.25 1 1
orbyte/internal/platform/application/model_actions.go:82.25,84.3 1 1
orbyte/internal/platform/application/model_actions.go:85.2,85.15 1 1
orbyte/internal/platform/application/model_actions.go:88.139,89.101 1 0
orbyte/internal/platform/application/model_actions.go:89.101,91.3 1 0
orbyte/internal/platform/application/model_actions.go:92.2,93.59 2 0
orbyte/internal/platform/application/model_actions.go:93.59,95.3 1 0
orbyte/internal/platform/application/model_actions.go:96.2,102.4 1 0
orbyte/internal/platform/application/model_actions.go:105.126,121.2 2 1
orbyte/internal/platform/application/model_actions.go:123.130,139.2 2 1
orbyte/internal/platform/application/model_actions.go:141.63,142.23 1 1
orbyte/internal/platform/application/model_actions.go:142.23,144.3 1 1
orbyte/internal/platform/application/model_actions.go:145.2,146.27 2 1
orbyte/internal/platform/application/model_actions.go:146.27,148.3 1 1
orbyte/internal/platform/application/model_actions.go:149.2,149.13 1 1
orbyte/internal/platform/application/model_actions.go:164.96,167.16 3 0
orbyte/internal/platform/application/model_actions.go:167.16,169.3 1 0
orbyte/internal/platform/application/model_actions.go:170.2,170.98 1 0
orbyte/internal/platform/application/model_actions.go:170.98,172.3 1 0
orbyte/internal/platform/application/model_actions.go:173.2,174.51 2 0
orbyte/internal/platform/application/model_actions.go:174.51,176.3 1 0
orbyte/internal/platform/application/model_actions.go:177.2,177.178 1 0
orbyte/internal/platform/application/model_actions.go:177.178,179.3 1 0
orbyte/internal/platform/application/model_actions.go:180.2,180.66 1 0
orbyte/internal/platform/application/model_actions.go:191.96,194.16 3 0
orbyte/internal/platform/application/model_actions.go:194.16,196.3 1 0
orbyte/internal/platform/application/model_actions.go:197.2,197.98 1 0
orbyte/internal/platform/application/model_actions.go:197.98,199.3 1 0
orbyte/internal/platform/application/model_actions.go:200.2,201.51 2 0
orbyte/internal/platform/application/model_actions.go:201.51,203.3 1 0
orbyte/internal/platform/application/model_actions.go:204.2,204.178 1 0
orbyte/internal/platform/application/model_actions.go:204.178,206.3 1 0
orbyte/internal/platform/application/model_actions.go:207.2,207.66 1 0
orbyte/internal/platform/application/model_uow_repository.go:10.95,12.2 1 0
orbyte/internal/platform/application/model_uow_repository.go:14.80,15.23 1 0
orbyte/internal/platform/application/model_uow_repository.go:15.23,17.3 1 0
orbyte/internal/platform/application/model_uow_repository.go:18.2,18.39 1 0
orbyte/internal/platform/application/model_uow_repository.go:21.74,22.23 1 0
orbyte/internal/platform/application/model_uow_repository.go:22.23,24.3 1 0
orbyte/internal/platform/application/model_uow_repository.go:25.2,25.37 1 0
orbyte/internal/platform/application/model_uow_repository.go:28.88,31.2 2 0
orbyte/internal/platform/application/model_uow_repository.go:33.75,34.25 1 0
orbyte/internal/platform/application/model_uow_repository.go:34.25,36.3 1 0
orbyte/internal/platform/application/model_uow_repository.go:37.2,37.58 1 0
orbyte/internal/platform/application/model_uow_repository.go:40.77,42.2 1 0
orbyte/internal/platform/application/model_uow_repository.go:44.89,47.2 2 0
orbyte/internal/platform/application/model_uow_repository.go:49.81,51.16 2 0
orbyte/internal/platform/application/model_uow_repository.go:51.16,53.3 1 0
orbyte/internal/platform/application/model_uow_repository.go:54.2,54.14 1 0
orbyte/internal/platform/application/unit_of_work.go:45.197,47.2 1 1
orbyte/internal/platform/application/unit_of_work.go:49.97,51.2 1 1
orbyte/internal/platform/application/unit_of_work.go:57.76,59.2 1 1
orbyte/internal/platform/application/unit_of_work.go:61.101,62.52 1 1
orbyte/internal/platform/application/unit_of_work.go:62.52,64.3 1 1
orbyte/internal/platform/application/unit_of_work.go:75.84,77.2 1 1
orbyte/internal/platform/application/unit_of_work.go:79.73,81.2 1 1
orbyte/internal/platform/application/unit_of_work.go:83.94,85.16 2 1
orbyte/internal/platform/application/unit_of_work.go:85.16,87.3 1 0
orbyte/internal/platform/application/unit_of_work.go:88.2,88.47 1 1
orbyte/internal/platform/application/unit_of_work.go:88.47,90.3 1 0
orbyte/internal/platform/application/unit_of_work.go:91.2,91.33 1 1
orbyte/internal/platform/application/unit_of_work.go:94.92,96.2 1 0
orbyte/internal/platform/application/unit_of_work.go:98.86,101.2 2 0
orbyte/internal/platform/application/unit_of_work.go:103.73,105.2 1 0
orbyte/internal/platform/application/unit_of_work.go:107.94,109.16 2 0
orbyte/internal/platform/application/unit_of_work.go:109.16,111.3 1 0
orbyte/internal/platform/application/unit_of_work.go:112.2,112.63 1 0
orbyte/internal/platform/application/unit_of_work.go:112.63,114.3 1 0
orbyte/internal/platform/application/unit_of_work.go:115.2,115.80 1 0
orbyte/internal/platform/application/unit_of_work.go:118.79,120.2 1 0
orbyte/internal/platform/application/unit_of_work.go:122.90,124.9 2 0
orbyte/internal/platform/application/unit_of_work.go:124.9,126.3 1 0
orbyte/internal/platform/application/unit_of_work.go:127.2,127.17 1 0
orbyte/internal/platform/application/unit_of_work.go:130.63,132.2 1 1
orbyte/internal/platform/application/unit_of_work.go:134.72,136.2 1 1
orbyte/internal/platform/application/unit_of_work.go:138.70,140.2 1 1
orbyte/internal/platform/application/unit_of_work.go:142.64,144.2 1 0
orbyte/internal/platform/application/unit_of_work.go:146.84,148.2 1 1
orbyte/internal/platform/application/unit_of_work.go:154.86,156.16 2 1
orbyte/internal/platform/application/unit_of_work.go:156.16,158.3 1 0
orbyte/internal/platform/application/unit_of_work.go:159.2,159.9 1 1
orbyte/internal/platform/application/unit_of_work.go:159.9,161.3 1 1
orbyte/internal/platform/application/unit_of_work.go:162.2,162.20 1 1
orbyte/internal/platform/application/unit_of_work.go:165.75,167.2 1 1
orbyte/internal/platform/application/unit_of_work.go:169.96,171.2 1 1
orbyte/internal/platform/application/unit_of_work.go:173.94,176.9 3 0
orbyte/internal/platform/application/unit_of_work.go:176.9,178.3 1 0
orbyte/internal/platform/application/unit_of_work.go:179.2,179.20 1 0
orbyte/internal/platform/application/unit_of_work.go:182.88,184.2 1 0
orbyte/internal/platform/application/unit_of_work.go:186.75,188.2 1 0
orbyte/internal/platform/application/unit_of_work.go:190.96,192.16 2 0
orbyte/internal/platform/application/unit_of_work.go:192.16,194.3 1 0
orbyte/internal/platform/application/unit_of_work.go:195.2,195.63 1 0
orbyte/internal/platform/application/unit_of_work.go:195.63,197.3 1 0
orbyte/internal/platform/application/unit_of_work.go:198.2,198.55 1 0
orbyte/internal/platform/application/unit_of_work.go:201.81,203.2 1 0
orbyte/internal/platform/application/unit_of_work.go:205.92,207.9 2 0
orbyte/internal/platform/application/unit_of_work.go:207.9,209.3 1 0
orbyte/internal/platform/application/unit_of_work.go:210.2,210.17 1 0
orbyte/internal/platform/application/unit_of_work.go:213.65,215.2 1 1
orbyte/internal/platform/application/unit_of_work.go:217.74,219.2 1 1
orbyte/internal/platform/application/unit_of_work.go:221.77,223.2 1 1
orbyte/internal/platform/application/unit_of_work.go:225.86,227.2 1 1
orbyte/internal/platform/application/unit_of_work.go:229.88,265.26 4 1
orbyte/internal/platform/application/unit_of_work.go:265.26,267.3 1 1
orbyte/internal/platform/application/unit_of_work.go:268.2,268.16 1 1
orbyte/internal/platform/application/unit_of_work.go:268.16,270.3 1 0
orbyte/internal/platform/application/unit_of_work.go:271.2,271.23 1 1
orbyte/internal/platform/application/unit_of_work.go:271.23,273.3 1 1
orbyte/internal/platform/application/unit_of_work.go:274.2,276.70 3 1
orbyte/internal/platform/application/unit_of_work.go:276.70,278.3 1 0
orbyte/internal/platform/application/unit_of_work.go:279.2,282.26 4 1
orbyte/internal/platform/application/unit_of_work.go:285.75,287.16 2 1
orbyte/internal/platform/application/unit_of_work.go:287.16,289.3 1 0
orbyte/internal/platform/application/unit_of_work.go:290.2,336.12 3 1
orbyte/internal/platform/application/unit_of_work.go:339.92,341.16 2 1
orbyte/internal/platform/application/unit_of_work.go:341.16,343.3 1 0
orbyte/internal/platform/application/unit_of_work.go:344.2,379.16 3 1
orbyte/internal/platform/application/unit_of_work.go:379.16,381.3 1 0
orbyte/internal/platform/application/unit_of_work.go:382.2,383.16 2 1
orbyte/internal/platform/application/unit_of_work.go:383.16,385.3 1 0
orbyte/internal/platform/application/unit_of_work.go:386.2,386.15 1 1
orbyte/internal/platform/application/unit_of_work.go:386.15,388.3 1 1
orbyte/internal/platform/application/unit_of_work.go:389.2,389.12 1 1
orbyte/internal/platform/application/unit_of_work.go:392.73,400.16 3 1
orbyte/internal/platform/application/unit_of_work.go:400.16,402.3 1 0
orbyte/internal/platform/application/unit_of_work.go:403.2,405.18 3 1
orbyte/internal/platform/application/unit_of_work.go:405.18,410.151 2 1
orbyte/internal/platform/application/unit_of_work.go:410.151,411.12 1 0
orbyte/internal/platform/application/unit_of_work.go:413.3,415.30 3 1
orbyte/internal/platform/application/unit_of_work.go:417.2,417.14 1 1
orbyte/internal/platform/application/unit_of_work.go:420.73,427.16 3 1
orbyte/internal/platform/application/unit_of_work.go:427.16,429.3 1 0
orbyte/internal/platform/application/unit_of_work.go:430.2,432.18 3 1
orbyte/internal/platform/application/unit_of_work.go:432.18,437.113 2 1
orbyte/internal/platform/application/unit_of_work.go:437.113,438.12 1 0
orbyte/internal/platform/application/unit_of_work.go:440.3,442.30 3 1
orbyte/internal/platform/application/unit_of_work.go:444.2,444.14 1 1
orbyte/internal/platform/application/unit_of_work.go:447.85,454.16 3 1
orbyte/internal/platform/application/unit_of_work.go:454.16,456.3 1 0
orbyte/internal/platform/application/unit_of_work.go:457.2,459.18 3 1
orbyte/internal/platform/application/unit_of_work.go:459.18,461.154 2 1
orbyte/internal/platform/application/unit_of_work.go:461.154,462.12 1 0
orbyte/internal/platform/application/unit_of_work.go:464.3,465.30 2 1
orbyte/internal/platform/application/unit_of_work.go:467.2,467.14 1 1
orbyte/internal/platform/eventing/handlers.go:16.118,18.2 1 1
orbyte/internal/platform/eventing/handlers.go:20.82,22.16 2 1
orbyte/internal/platform/eventing/handlers.go:22.16,24.3 1 0
orbyte/internal/platform/eventing/handlers.go:25.2,26.12 2 1
orbyte/internal/platform/eventing/handlers.go:34.108,36.2 1 0
orbyte/internal/platform/eventing/handlers.go:38.80,40.20 2 0
orbyte/internal/platform/eventing/handlers.go:40.20,42.3 1 0
orbyte/internal/platform/eventing/handlers.go:43.2,44.16 2 0
orbyte/internal/platform/eventing/handlers.go:44.16,46.3 1 0
orbyte/internal/platform/eventing/handlers.go:47.2,48.12 2 0
orbyte/internal/platform/eventing/memory_repository.go:12.46,14.2 1 1
orbyte/internal/platform/eventing/memory_repository.go:16.57,19.2 2 1
orbyte/internal/platform/eventing/memory_repository.go:21.66,24.2 2 1
orbyte/internal/platform/eventing/memory_repository.go:26.76,27.40 1 1
orbyte/internal/platform/eventing/memory_repository.go:27.40,28.83 1 1
orbyte/internal/platform/eventing/memory_repository.go:28.83,30.4 1 0
orbyte/internal/platform/eventing/memory_repository.go:32.2,33.12 2 1
orbyte/internal/platform/eventing/memory_repository.go:36.67,37.33 1 1
orbyte/internal/platform/eventing/memory_repository.go:37.33,38.26 1 1
orbyte/internal/platform/eventing/memory_repository.go:38.26,40.4 1 1
orbyte/internal/platform/eventing/memory_repository.go:42.2,42.23 1 0
orbyte/internal/platform/eventing/memory_repository.go:45.49,47.40 2 1
orbyte/internal/platform/eventing/memory_repository.go:47.40,47.98 1 0
orbyte/internal/platform/eventing/memory_repository.go:48.2,48.14 1 1
orbyte/internal/platform/eventing/memory_repository.go:51.56,53.40 2 1
orbyte/internal/platform/eventing/memory_repository.go:53.40,53.96 1 0
orbyte/internal/platform/eventing/memory_repository.go:54.2,54.14 1 1
orbyte/internal/platform/eventing/memory_repository.go:57.68,59.40 2 1
orbyte/internal/platform/eventing/memory_repository.go:59.40,59.96 1 1
orbyte/internal/platform/eventing/memory_repository.go:60.2,60.14 1 1
orbyte/internal/platform/eventing/memory_repository.go:63.91,65.36 2 1
orbyte/internal/platform/eventing/memory_repository.go:65.36,66.32 1 1
orbyte/internal/platform/eventing/memory_repository.go:66.32,68.4 1 1
orbyte/internal/platform/eventing/memory_repository.go:70.2,70.40 1 1
orbyte/internal/platform/eventing/memory_repository.go:70.40,70.96 1 1
orbyte/internal/platform/eventing/memory_repository.go:71.2,71.14 1 1
orbyte/internal/platform/eventing/memory_repository.go:74.65,76.40 2 1
orbyte/internal/platform/eventing/memory_repository.go:76.40,76.96 1 0
orbyte/internal/platform/eventing/memory_repository.go:77.2,77.14 1 1
orbyte/internal/platform/eventing/memory_repository.go:80.85,82.30 2 1
orbyte/internal/platform/eventing/memory_repository.go:82.30,83.42 1 1
orbyte/internal/platform/eventing/memory_repository.go:83.42,84.12 1 1
orbyte/internal/platform/eventing/memory_repository.go:86.3,89.41 4 1
orbyte/internal/platform/eventing/memory_repository.go:89.41,90.9 1 0
orbyte/internal/platform/eventing/memory_repository.go:93.2,93.16 1 1
orbyte/internal/platform/eventing/memory_repository.go:96.67,100.41 4 0
orbyte/internal/platform/eventing/memory_repository.go:100.41,101.43 1 0
orbyte/internal/platform/eventing/memory_repository.go:101.43,102.12 1 0
orbyte/internal/platform/eventing/memory_repository.go:104.3,105.35 2 0
orbyte/internal/platform/eventing/memory_repository.go:105.35,106.38 1 0
orbyte/internal/platform/eventing/memory_repository.go:106.38,108.10 2 0
orbyte/internal/platform/eventing/memory_repository.go:112.2,112.14 1 0
orbyte/internal/platform/eventing/memory_repository.go:115.87,116.26 1 1
orbyte/internal/platform/eventing/memory_repository.go:116.26,117.33 1 1
orbyte/internal/platform/eventing/memory_repository.go:117.33,120.9 3 1
orbyte/internal/platform/eventing/memory_repository.go:123.2,123.12 1 1
orbyte/internal/platform/eventing/memory_repository.go:126.83,127.26 1 1
orbyte/internal/platform/eventing/memory_repository.go:127.26,128.33 1 1
orbyte/internal/platform/eventing/memory_repository.go:128.33,133.4 4 1
orbyte/internal/platform/eventing/memory_repository.go:135.2,135.12 1 0
orbyte/internal/platform/eventing/memory_repository.go:138.105,139.30 1 1
orbyte/internal/platform/eventing/memory_repository.go:139.30,140.39 1 1
orbyte/internal/platform/eventing/memory_repository.go:140.39,145.4 4 1
orbyte/internal/platform/eventing/memory_repository.go:147.2,147.12 1 0
orbyte/internal/platform/eventing/memory_repository.go:150.101,151.30 1 1
orbyte/internal/platform/eventing/memory_repository.go:151.30,152.39 1 1
orbyte/internal/platform/eventing/memory_repository.go:152.39,157.4 4 1
orbyte/internal/platform/eventing/memory_repository.go:159.2,159.12 1 0
orbyte/internal/platform/eventing/memory_repository.go:162.74,165.2 2 1
orbyte/internal/platform/eventing/nats_publisher.go:15.82,16.18 1 1
orbyte/internal/platform/eventing/nats_publisher.go:16.18,18.3 1 0
orbyte/internal/platform/eventing/nats_publisher.go:19.2,20.16 2 1
orbyte/internal/platform/eventing/nats_publisher.go:20.16,22.3 1 1
orbyte/internal/platform/eventing/nats_publisher.go:23.2,23.40 1 0
orbyte/internal/platform/eventing/nats_publisher.go:26.97,28.16 2 0
orbyte/internal/platform/eventing/nats_publisher.go:28.16,30.3 1 0
orbyte/internal/platform/eventing/nats_publisher.go:31.2,37.31 7 0
orbyte/internal/platform/eventing/nats_publisher.go:37.31,39.3 1 0
orbyte/internal/platform/eventing/nats_publisher.go:40.2,40.31 1 0
orbyte/internal/platform/eventing/nats_publisher.go:40.31,42.3 1 0
orbyte/internal/platform/eventing/nats_publisher.go:43.2,43.31 1 0
orbyte/internal/platform/eventing/nats_publisher.go:46.39,47.31 1 0
orbyte/internal/platform/eventing/nats_publisher.go:47.31,49.3 1 0
orbyte/internal/platform/eventing/nats_publisher.go:50.2,51.12 2 0
orbyte/internal/platform/eventing/postgres_repository.go:15.60,17.2 1 1
orbyte/internal/platform/eventing/postgres_repository.go:19.59,21.16 2 1
orbyte/internal/platform/eventing/postgres_repository.go:21.16,23.3 1 0
orbyte/internal/platform/eventing/postgres_repository.go:24.2,31.12 3 1
orbyte/internal/platform/eventing/postgres_repository.go:34.68,43.2 3 1
orbyte/internal/platform/eventing/postgres_repository.go:45.78,55.2 3 1
orbyte/internal/platform/eventing/postgres_repository.go:57.69,62.16 5 1
orbyte/internal/platform/eventing/postgres_repository.go:62.16,64.3 1 0
orbyte/internal/platform/eventing/postgres_repository.go:65.2,66.19 2 1
orbyte/internal/platform/eventing/postgres_repository.go:69.51,72.16 3 1
orbyte/internal/platform/eventing/postgres_repository.go:72.16,74.3 1 0
orbyte/internal/platform/eventing/postgres_repository.go:75.2,77.18 3 1
orbyte/internal/platform/eventing/postgres_repository.go:77.18,80.254 3 1
orbyte/internal/platform/eventing/postgres_repository.go:80.254,81.12 1 0
orbyte/internal/platform/eventing/postgres_repository.go:83.3,84.30 2 1
orbyte/internal/platform/eventing/postgres_repository.go:86.2,86.40 1 1
orbyte/internal/platform/eventing/postgres_repository.go:86.40,86.98 1 0
orbyte/internal/platform/eventing/postgres_repository.go:87.2,87.14 1 1
orbyte/internal/platform/eventing/postgres_repository.go:90.58,93.16 3 1
orbyte/internal/platform/eventing/postgres_repository.go:93.16,95.3 1 0
orbyte/internal/platform/eventing/postgres_repository.go:96.2,98.18 3 1
orbyte/internal/platform/eventing/postgres_repository.go:98.18,101.160 3 1
orbyte/internal/platform/eventing/postgres_repository.go:101.160,102.12 1 0
orbyte/internal/platform/eventing/postgres_repository.go:104.3,104.25 1 1
orbyte/internal/platform/eventing/postgres_repository.go:104.25,106.4 1 0
orbyte/internal/platform/eventing/postgres_repository.go:107.3,107.30 1 1
orbyte/internal/platform/eventing/postgres_repository.go:109.2,109.40 1 1
orbyte/internal/platform/eventing/postgres_repository.go:109.40,109.96 1 0
orbyte/internal/platform/eventing/postgres_repository.go:110.2,110.14 1 1
orbyte/internal/platform/eventing/postgres_repository.go:113.70,116.16 3 1
orbyte/internal/platform/eventing/postgres_repository.go:116.16,118.3 1 0
orbyte/internal/platform/eventing/postgres_repository.go:119.2,121.18 3 1
orbyte/internal/platform/eventing/postgres_repository.go:121.18,124.192 3 1
orbyte/internal/platform/eventing/postgres_repository.go:124.192,125.12 1 0
orbyte/internal/platform/eventing/postgres_repository.go:127.3,127.25 1 1
orbyte/internal/platform/eventing/postgres_repository.go:127.25,129.4 1 0
orbyte/internal/platform/eventing/postgres_repository.go:130.3,130.30 1 1
orbyte/internal/platform/eventing/postgres_repository.go:132.2,132.40 1 1
orbyte/internal/platform/eventing/postgres_repository.go:132.40,132.96 1 0
orbyte/internal/platform/eventing/postgres_repository.go:133.2,133.14 1 1
orbyte/internal/platform/eventing/postgres_repository.go:136.93,139.16 3 0
orbyte/internal/platform/eventing/postgres_repository.go:139.16,141.3 1 0
orbyte/internal/platform/eventing/postgres_repository.go:142.2,144.18 3 0
orbyte/internal/platform/eventing/postgres_repository.go:144.18,147.192 3 0
orbyte/internal/platform/eventing/postgres_repository.go:147.192,148.12 1 0
orbyte/internal/platform/eventing/postgres_repository.go:150.3,150.25 1 0
orbyte/internal/platform/eventing/postgres_repository.go:150.25,152.4 1 0
orbyte/internal/platform/eventing/postgres_repository.go:153.3,153.30 1 0
orbyte/internal/platform/eventing/postgres_repository.go:155.2,155.40 1 0
orbyte/internal/platform/eventing/postgres_repository.go:155.40,155.96 1 0
orbyte/internal/platform/eventing/postgres_repository.go:156.2,156.14 1 0
orbyte/internal/platform/eventing/postgres_repository.go:159.67,162.16 3 1
orbyte/internal/platform/eventing/postgres_repository.go:162.16,164.3 1 0
orbyte/internal/platform/eventing/postgres_repository.go:165.2,167.18 3 1
orbyte/internal/platform/eventing/postgres_repository.go:167.18,169.160 2 1
orbyte/internal/platform/eventing/postgres_repository.go:169.160,170.12 1 0
orbyte/internal/platform/eventing/postgres_repository.go:172.3,172.30 1 1
orbyte/internal/platform/eventing/postgres_repository.go:174.2,174.40 1 1
orbyte/internal/platform/eventing/postgres_repository.go:174.40,174.96 1 0
orbyte/internal/platform/eventing/postgres_repository.go:175.2,175.14 1 1
orbyte/internal/platform/eventing/postgres_repository.go:178.87,179.16 1 1
orbyte/internal/platform/eventing/postgres_repository.go:179.16,181.3 1 0
orbyte/internal/platform/eventing/postgres_repository.go:182.2,194.16 3 1
orbyte/internal/platform/eventing/postgres_repository.go:194.16,196.3 1 0
orbyte/internal/platform/eventing/postgres_repository.go:197.2,199.18 3 1
orbyte/internal/platform/eventing/postgres_repository.go:199.18,202.192 3 1
orbyte/internal/platform/eventing/postgres_repository.go:202.192,203.12 1 0
orbyte/internal/platform/eventing/postgres_repository.go:205.3,205.25 1 1
orbyte/internal/platform/eventing/postgres_repository.go:205.25,207.4 1 0
orbyte/internal/platform/eventing/postgres_repository.go:208.3,208.30 1 1
orbyte/internal/platform/eventing/postgres_repository.go:210.2,210.14 1 1
orbyte/internal/platform/eventing/postgres_repository.go:213.69,218.38 5 0
orbyte/internal/platform/eventing/postgres_repository.go:218.38,219.43 1 0
orbyte/internal/platform/eventing/postgres_repository.go:219.43,220.12 1 0
orbyte/internal/platform/eventing/postgres_repository.go:222.3,223.30 2 0
orbyte/internal/platform/eventing/postgres_repository.go:223.30,224.38 1 0
orbyte/internal/platform/eventing/postgres_repository.go:224.38,226.10 2 0
orbyte/internal/platform/eventing/postgres_repository.go:230.2,230.14 1 0
orbyte/internal/platform/eventing/postgres_repository.go:233.89,237.2 3 1
orbyte/internal/platform/eventing/postgres_repository.go:239.85,243.2 3 1
orbyte/internal/platform/eventing/postgres_repository.go:245.76,249.2 3 1
orbyte/internal/platform/eventing/postgres_repository.go:251.107,255.2 3 1
orbyte/internal/platform/eventing/postgres_repository.go:257.103,261.2 3 1
orbyte/internal/platform/eventing/postgres_repository.go:263.36,264.16 1 1
orbyte/internal/platform/eventing/postgres_repository.go:264.16,266.3 1 1
orbyte/internal/platform/eventing/postgres_repository.go:267.2,267.10 1 1
orbyte/internal/platform/eventing/service.go:44.28,46.2 1 1
orbyte/internal/platform/eventing/service.go:48.110,49.16 1 1
orbyte/internal/platform/eventing/service.go:49.16,51.3 1 0
orbyte/internal/platform/eventing/service.go:52.2,52.19 1 1
orbyte/internal/platform/eventing/service.go:52.19,54.3 1 0
orbyte/internal/platform/eventing/service.go:55.2,57.12 3 1
orbyte/internal/platform/eventing/service.go:60.70,62.2 1 1
orbyte/internal/platform/eventing/service.go:64.51,65.38 1 1
orbyte/internal/platform/eventing/service.go:65.38,67.3 1 0
orbyte/internal/platform/eventing/service.go:68.2,68.29 1 1
orbyte/internal/platform/eventing/service.go:71.98,72.36 1 1
orbyte/internal/platform/eventing/service.go:72.36,74.3 1 0
orbyte/internal/platform/eventing/service.go:75.2,75.79 1 1
orbyte/internal/platform/eventing/service.go:78.45,79.31 1 1
orbyte/internal/platform/eventing/service.go:79.31,81.3 1 1
orbyte/internal/platform/eventing/service.go:82.2,82.48 1 1
orbyte/internal/platform/eventing/service.go:82.48,84.3 1 0
orbyte/internal/platform/eventing/service.go:85.2,95.50 5 1
orbyte/internal/platform/eventing/service.go:95.50,97.3 1 0
orbyte/internal/platform/eventing/service.go:98.2,98.31 1 1
orbyte/internal/platform/eventing/service.go:98.31,99.27 1 1
orbyte/internal/platform/eventing/service.go:99.27,100.12 1 0
orbyte/internal/platform/eventing/service.go:102.3,110.18 1 1
orbyte/internal/platform/eventing/service.go:110.18,112.4 1 0
orbyte/internal/platform/eventing/service.go:114.2,114.12 1 1
orbyte/internal/platform/eventing/service.go:117.40,119.2 1 1
orbyte/internal/platform/eventing/service.go:121.47,123.2 1 1
orbyte/internal/platform/eventing/service.go:125.59,127.2 1 1
orbyte/internal/platform/eventing/service.go:129.56,131.2 1 1
orbyte/internal/platform/eventing/service.go:133.82,134.47 1 0
orbyte/internal/platform/eventing/service.go:134.47,135.28 1 0
orbyte/internal/platform/eventing/service.go:135.28,136.12 1 0
orbyte/internal/platform/eventing/service.go:138.3,138.149 1 0
orbyte/internal/platform/eventing/service.go:138.149,140.4 1 0
orbyte/internal/platform/eventing/service.go:141.3,141.62 1 0
orbyte/internal/platform/eventing/service.go:141.62,143.4 1 0
orbyte/internal/platform/eventing/service.go:144.3,144.51 1 0
orbyte/internal/platform/eventing/service.go:144.51,145.32 1 0
orbyte/internal/platform/eventing/service.go:145.32,147.5 1 0
orbyte/internal/platform/eventing/service.go:149.3,149.19 1 0
orbyte/internal/platform/eventing/service.go:151.2,151.72 1 0
orbyte/internal/platform/eventing/service.go:154.70,156.67 2 0
orbyte/internal/platform/eventing/service.go:156.67,158.38 2 0
orbyte/internal/platform/eventing/service.go:158.38,159.12 1 0
orbyte/internal/platform/eventing/service.go:161.3,161.157 1 0
orbyte/internal/platform/eventing/service.go:161.157,163.4 1 0
orbyte/internal/platform/eventing/service.go:165.2,165.12 1 0
orbyte/internal/platform/eventing/service.go:165.12,167.3 1 0
orbyte/internal/platform/eventing/service.go:168.2,168.56 1 0
orbyte/internal/platform/eventing/service.go:168.56,170.3 1 0
orbyte/internal/platform/eventing/service.go:171.2,171.43 1 0
orbyte/internal/platform/eventing/service.go:171.43,172.26 1 0
orbyte/internal/platform/eventing/service.go:172.26,174.4 1 0
orbyte/internal/platform/eventing/service.go:176.2,176.55 1 0
orbyte/internal/platform/eventing/service.go:179.59,182.2 2 1
orbyte/internal/platform/eventing/service.go:184.78,186.45 2 1
orbyte/internal/platform/eventing/service.go:186.45,188.3 1 0
orbyte/internal/platform/eventing/service.go:189.2,191.29 3 1
orbyte/internal/platform/eventing/service.go:191.29,194.10 3 1
orbyte/internal/platform/eventing/service.go:194.10,197.18 3 0
orbyte/internal/platform/eventing/service.go:197.18,199.5 1 0
orbyte/internal/platform/eventing/service.go:200.4,201.31 2 0
orbyte/internal/platform/eventing/service.go:201.31,203.5 1 0
orbyte/internal/platform/eventing/service.go:203.10,205.5 1 0
orbyte/internal/platform/eventing/service.go:206.4,206.12 1 0
orbyte/internal/platform/eventing/service.go:208.3,209.10 2 1
orbyte/internal/platform/eventing/service.go:209.10,211.18 2 0
orbyte/internal/platform/eventing/service.go:211.18,213.5 1 0
orbyte/internal/platform/eventing/service.go:214.4,215.31 2 0
orbyte/internal/platform/eventing/service.go:215.31,217.5 1 0
orbyte/internal/platform/eventing/service.go:217.10,219.5 1 0
orbyte/internal/platform/eventing/service.go:220.4,220.12 1 0
orbyte/internal/platform/eventing/service.go:222.3,223.67 2 1
orbyte/internal/platform/eventing/service.go:223.67,228.20 5 1
orbyte/internal/platform/eventing/service.go:228.20,230.5 1 0
orbyte/internal/platform/eventing/service.go:231.4,232.31 2 1
orbyte/internal/platform/eventing/service.go:232.31,234.5 1 1
orbyte/internal/platform/eventing/service.go:234.10,236.5 1 1
orbyte/internal/platform/eventing/service.go:237.4,237.12 1 1
orbyte/internal/platform/eventing/service.go:239.3,240.140 2 1
orbyte/internal/platform/eventing/service.go:240.140,242.4 1 0
orbyte/internal/platform/eventing/service.go:243.3,243.62 1 1
orbyte/internal/platform/eventing/service.go:243.62,245.4 1 0
orbyte/internal/platform/eventing/service.go:246.3,248.22 3 1
orbyte/internal/platform/eventing/service.go:250.2,250.20 1 1
orbyte/internal/platform/eventing/service.go:253.44,255.51 2 1
orbyte/internal/platform/eventing/service.go:255.51,257.3 1 1
orbyte/internal/platform/eventing/service.go:258.2,258.45 1 1
orbyte/internal/platform/eventing/service.go:258.45,260.10 2 1
orbyte/internal/platform/eventing/service.go:260.10,261.12 1 0
orbyte/internal/platform/eventing/service.go:263.3,263.32 1 1
orbyte/internal/platform/eventing/service.go:263.32,264.28 1 1
orbyte/internal/platform/eventing/service.go:264.28,265.13 1 0
orbyte/internal/platform/eventing/service.go:267.4,268.31 2 1
orbyte/internal/platform/eventing/service.go:268.31,269.13 1 1
orbyte/internal/platform/eventing/service.go:271.4,279.19 1 0
orbyte/internal/platform/eventing/service.go:279.19,281.5 1 0
orbyte/internal/platform/eventing/service.go:282.4,282.27 1 0
orbyte/internal/platform/eventing/service.go:285.2,285.12 1 1
orbyte/internal/platform/eventing/service.go:288.94,289.38 1 1
orbyte/internal/platform/eventing/service.go:289.38,292.157 3 1
orbyte/internal/platform/eventing/service.go:292.157,294.4 1 0
orbyte/internal/platform/eventing/service.go:295.3,295.62 1 1
orbyte/internal/platform/eventing/service.go:295.62,297.4 1 0
orbyte/internal/platform/eventing/service.go:298.3,307.18 1 1
orbyte/internal/platform/eventing/service.go:307.18,309.4 1 0
orbyte/internal/platform/eventing/service.go:310.3,310.28 1 1
orbyte/internal/platform/eventing/service.go:312.2,314.152 3 1
orbyte/internal/platform/eventing/service.go:314.152,316.3 1 0
orbyte/internal/platform/eventing/service.go:317.2,317.56 1 1
orbyte/internal/platform/eventing/service.go:320.62,325.26 5 1
orbyte/internal/platform/eventing/service.go:325.26,327.3 1 0
orbyte/internal/platform/eventing/service.go:328.2,331.38 4 1
orbyte/internal/platform/eventing/service.go:331.38,332.26 1 1
orbyte/internal/platform/eventing/service.go:333.21,336.19 3 1
orbyte/internal/platform/eventing/service.go:337.18,339.19 2 1
orbyte/internal/platform/eventing/service.go:340.21,341.74 1 1
orbyte/internal/platform/eventing/service.go:341.74,343.5 1 1
orbyte/internal/platform/eventing/service.go:344.4,344.19 1 1
orbyte/internal/platform/eventing/service.go:345.22,347.34 2 1
orbyte/internal/platform/eventing/service.go:348.11,350.19 2 0
orbyte/internal/platform/eventing/service.go:353.2,353.9 1 1
orbyte/internal/platform/eventing/service.go:354.21,355.24 1 1
orbyte/internal/platform/eventing/service.go:356.21,357.24 1 1
orbyte/internal/platform/eventing/service.go:358.15,359.25 1 1
orbyte/internal/platform/eventing/service.go:360.10,361.21 1 1
orbyte/internal/platform/eventing/service.go:363.2,363.29 1 1
orbyte/internal/platform/eventing/service.go:363.29,365.3 1 1
orbyte/internal/platform/eventing/service.go:366.2,366.28 1 1
orbyte/internal/platform/eventing/service.go:366.28,368.3 1 1
orbyte/internal/platform/eventing/service.go:369.2,369.88 1 1
orbyte/internal/platform/eventing/service.go:381.85,382.19 1 1
orbyte/internal/platform/eventing/service.go:382.19,384.3 1 0
orbyte/internal/platform/eventing/service.go:385.2,385.16 1 1
orbyte/internal/platform/eventing/service.go:385.16,387.3 1 0
orbyte/internal/platform/eventing/service.go:388.2,388.72 1 1
orbyte/internal/platform/eventing/service.go:391.78,392.14 1 1
orbyte/internal/platform/eventing/service.go:392.14,394.3 1 0
orbyte/internal/platform/eventing/service.go:395.2,396.25 2 1
orbyte/internal/platform/eventing/service.go:399.52,402.12 3 1
orbyte/internal/platform/eventing/service.go:402.12,405.7 3 1
orbyte/internal/platform/eventing/service.go:405.7,406.11 1 1
orbyte/internal/platform/eventing/service.go:407.22,408.11 1 1
orbyte/internal/platform/eventing/service.go:409.20,411.19 2 1
orbyte/internal/platform/eventing/service.go:411.19,412.28 1 0
orbyte/internal/platform/eventing/service.go:412.28,414.7 1 0
orbyte/internal/platform/eventing/service.go:415.6,415.14 1 0
orbyte/internal/platform/eventing/service.go:417.5,417.26 1 1
orbyte/internal/platform/eventing/service.go:417.26,418.28 1 1
orbyte/internal/platform/eventing/service.go:418.28,420.7 1 1
orbyte/internal/platform/eventing/service.go:421.6,421.14 1 1
orbyte/internal/platform/eventing/service.go:423.5,423.52 1 1
orbyte/internal/platform/eventing/service.go:423.52,425.6 1 0
orbyte/internal/platform/eventing/service.go:431.29,432.21 1 1
orbyte/internal/platform/eventing/service.go:432.21,434.3 1 1
orbyte/internal/platform/eventing/service.go:441.62,443.2 1 1
orbyte/internal/platform/eventing/service.go:445.48,445.66 1 1
orbyte/internal/platform/eventing/service.go:446.48,446.63 1 1
orbyte/internal/platform/eventing/service.go:447.76,448.57 1 1
orbyte/internal/platform/eventing/service.go:448.57,449.52 1 1
orbyte/internal/platform/eventing/service.go:449.52,451.4 1 1
orbyte/internal/platform/eventing/service.go:453.2,453.12 1 1
orbyte/internal/platform/eventing/service.go:462.36,462.53 1 1
orbyte/internal/platform/eventing/service.go:463.48,466.2 2 1
orbyte/internal/platform/eventing/service.go:467.70,469.9 2 1
orbyte/internal/platform/eventing/service.go:469.9,471.3 1 0
orbyte/internal/platform/eventing/service.go:472.2,472.66 1 1
orbyte/internal/platform/eventing/service.go:477.76,477.90 1 0
orbyte/internal/platform/authz/service.go:45.51,47.2 1 1
orbyte/internal/platform/authz/service.go:49.48,50.35 1 1
orbyte/internal/platform/authz/service.go:50.35,52.3 1 1
orbyte/internal/platform/authz/service.go:53.2,53.26 1 1
orbyte/internal/platform/authz/service.go:54.19,56.24 2 1
orbyte/internal/platform/authz/service.go:56.24,58.4 1 1
orbyte/internal/platform/authz/service.go:59.3,59.55 1 1
orbyte/internal/platform/authz/service.go:59.55,61.4 1 1
orbyte/internal/platform/authz/service.go:62.3,62.94 1 1
orbyte/internal/platform/authz/service.go:63.22,65.24 2 1
orbyte/internal/platform/authz/service.go:65.24,67.4 1 1
orbyte/internal/platform/authz/service.go:68.3,68.94 1 1
orbyte/internal/platform/authz/service.go:69.10,70.69 1 1
orbyte/internal/platform/app/adapters.go:10.60,13.43 3 1
orbyte/internal/platform/app/adapters.go:13.43,15.3 1 1
orbyte/internal/platform/app/adapters.go:16.2,17.22 2 0
orbyte/internal/platform/app/adapters.go:17.22,19.3 1 0
orbyte/internal/platform/app/adapters.go:20.2,21.16 2 0
orbyte/internal/platform/app/adapters.go:21.16,24.3 2 0
orbyte/internal/platform/app/adapters.go:25.2,27.41 3 0
orbyte/internal/platform/app/app.go:79.49,81.2 1 1
orbyte/internal/platform/app/app.go:88.38,91.16 3 1
orbyte/internal/platform/app/app.go:91.16,92.28 1 1
orbyte/internal/platform/app/app.go:92.28,94.4 1 1
orbyte/internal/platform/app/app.go:95.3,95.73 1 0
orbyte/internal/platform/app/app.go:97.2,97.63 1 1
orbyte/internal/platform/app/app.go:97.63,99.3 1 0
orbyte/internal/platform/app/app.go:101.2,102.19 2 1
orbyte/internal/platform/app/app.go:102.19,104.3 1 0
orbyte/internal/platform/app/app.go:105.2,106.95 2 1
orbyte/internal/platform/app/app.go:106.95,108.3 1 0
orbyte/internal/platform/app/app.go:109.2,110.296 2 1
orbyte/internal/platform/app/app.go:110.296,112.3 1 0
orbyte/internal/platform/app/app.go:113.2,114.63 2 1
orbyte/internal/platform/app/app.go:114.63,116.3 1 0
orbyte/internal/platform/app/app.go:117.2,117.65 1 1
orbyte/internal/platform/app/app.go:117.65,119.3 1 0
orbyte/internal/platform/app/app.go:120.2,120.134 1 1
orbyte/internal/platform/app/app.go:120.134,122.3 1 0
orbyte/internal/platform/app/app.go:123.2,128.16 5 1
orbyte/internal/platform/app/app.go:128.16,130.3 1 1
orbyte/internal/platform/app/app.go:132.2,165.8 1 1
orbyte/internal/platform/app/app.go:168.56,169.58 1 1
orbyte/internal/platform/app/app.go:169.58,171.3 1 0
orbyte/internal/platform/app/app.go:172.2,172.64 1 1
orbyte/internal/platform/app/app.go:172.64,174.3 1 1
orbyte/internal/platform/app/app.go:175.2,176.16 2 1
orbyte/internal/platform/app/app.go:176.16,178.3 1 0
orbyte/internal/platform/app/app.go:179.2,181.12 3 1
orbyte/internal/platform/app/app.go:184.53,186.42 2 1
orbyte/internal/platform/app/app.go:186.42,188.3 1 0
orbyte/internal/platform/app/app.go:189.2,189.55 1 1
orbyte/internal/platform/app/app.go:192.35,193.60 1 1
orbyte/internal/platform/app/app.go:194.32,195.14 1 1
orbyte/internal/platform/app/app.go:196.10,197.15 1 1
orbyte/internal/platform/app/app.go:201.38,203.77 2 1
orbyte/internal/platform/app/app.go:203.77,205.3 1 1
orbyte/internal/platform/app/app.go:206.2,206.12 1 1
orbyte/internal/platform/app/app.go:209.423,211.50 2 1
orbyte/internal/platform/app/app.go:211.50,212.59 1 1
orbyte/internal/platform/app/app.go:212.59,214.4 1 0
orbyte/internal/platform/app/app.go:216.2,216.37 1 1
orbyte/internal/platform/app/app.go:216.37,217.64 1 1
orbyte/internal/platform/app/app.go:217.64,219.4 1 0
orbyte/internal/platform/app/app.go:220.3,220.50 1 1
orbyte/internal/platform/app/app.go:220.50,221.60 1 1
orbyte/internal/platform/app/app.go:221.60,223.5 1 0
orbyte/internal/platform/app/app.go:226.2,226.64 1 1
orbyte/internal/platform/app/app.go:226.64,227.45 1 1
orbyte/internal/platform/app/app.go:227.45,228.48 1 0
orbyte/internal/platform/app/app.go:228.48,230.5 1 0
orbyte/internal/platform/app/app.go:233.2,233.37 1 1
orbyte/internal/platform/app/app.go:233.37,234.47 1 1
orbyte/internal/platform/app/app.go:234.47,235.73 1 1
orbyte/internal/platform/app/app.go:235.73,237.5 1 0
orbyte/internal/platform/app/app.go:239.3,239.52 1 1
orbyte/internal/platform/app/app.go:239.52,240.76 1 1
orbyte/internal/platform/app/app.go:240.76,242.5 1 0
orbyte/internal/platform/app/app.go:244.3,244.39 1 1
orbyte/internal/platform/app/app.go:244.39,245.65 1 1
orbyte/internal/platform/app/app.go:245.65,247.5 1 0
orbyte/internal/platform/app/app.go:249.3,249.42 1 1
orbyte/internal/platform/app/app.go:249.42,250.68 1 1
orbyte/internal/platform/app/app.go:250.68,252.5 1 0
orbyte/internal/platform/app/app.go:254.3,254.42 1 1
orbyte/internal/platform/app/app.go:254.42,255.68 1 1
orbyte/internal/platform/app/app.go:255.68,257.5 1 0
orbyte/internal/platform/app/app.go:259.3,259.48 1 1
orbyte/internal/platform/app/app.go:259.48,260.73 1 1
orbyte/internal/platform/app/app.go:260.73,262.5 1 0
orbyte/internal/platform/app/app.go:264.3,264.45 1 1
orbyte/internal/platform/app/app.go:264.45,272.20 1 1
orbyte/internal/platform/app/app.go:272.20,274.5 1 0
orbyte/internal/platform/app/app.go:276.3,276.42 1 1
orbyte/internal/platform/app/app.go:276.42,277.119 1 1
orbyte/internal/platform/app/app.go:277.119,279.5 1 0
orbyte/internal/platform/app/app.go:282.2,282.73 1 1
orbyte/internal/platform/app/app.go:282.73,284.3 1 0
orbyte/internal/platform/app/app.go:285.2,285.86 1 1
orbyte/internal/platform/app/app.go:285.86,287.3 1 0
orbyte/internal/platform/app/app.go:288.2,288.79 1 1
orbyte/internal/platform/app/app.go:288.79,290.3 1 0
orbyte/internal/platform/app/app.go:291.2,293.37 3 1
orbyte/internal/platform/app/app.go:293.37,294.57 1 1
orbyte/internal/platform/app/app.go:294.57,302.20 1 1
orbyte/internal/platform/app/app.go:302.20,304.5 1 0
orbyte/internal/platform/app/app.go:307.2,307.12 1 1
orbyte/internal/platform/app/app.go:310.93,312.35 2 1
orbyte/internal/platform/app/app.go:312.35,314.3 1 1
orbyte/internal/platform/app/app.go:315.2,315.36 1 1
orbyte/internal/platform/app/app.go:315.36,316.44 1 1
orbyte/internal/platform/app/app.go:316.44,318.4 1 0
orbyte/internal/platform/app/app.go:319.3,319.47 1 1
orbyte/internal/platform/app/app.go:319.47,321.4 1 1
orbyte/internal/platform/app/app.go:322.3,322.33 1 1
orbyte/internal/platform/app/app.go:324.2,324.36 1 1
orbyte/internal/platform/app/app.go:324.36,325.63 1 1
orbyte/internal/platform/app/app.go:325.63,326.113 1 1
orbyte/internal/platform/app/app.go:326.113,327.13 1 1
orbyte/internal/platform/app/app.go:329.4,329.50 1 1
orbyte/internal/platform/app/app.go:329.50,331.5 1 1
orbyte/internal/platform/app/app.go:334.2,334.12 1 1
orbyte/internal/platform/app/app.go:337.57,339.37 2 1
orbyte/internal/platform/app/app.go:339.37,341.3 1 1
orbyte/internal/platform/app/app.go:342.2,343.13 2 1
orbyte/internal/platform/app/app.go:346.89,348.29 2 1
orbyte/internal/platform/app/app.go:348.29,350.3 1 1
orbyte/internal/platform/app/app.go:351.2,351.14 1 1
orbyte/internal/platform/app/app.go:354.83,356.29 2 1
orbyte/internal/platform/app/app.go:356.29,358.3 1 1
orbyte/internal/platform/app/app.go:359.2,359.14 1 1
orbyte/internal/platform/app/app.go:362.119,363.37 1 1
orbyte/internal/platform/app/app.go:363.37,364.60 1 1
orbyte/internal/platform/app/app.go:364.60,371.19 1 1
orbyte/internal/platform/app/app.go:371.19,373.5 1 0
orbyte/internal/platform/app/app.go:374.4,374.136 1 1
orbyte/internal/platform/app/app.go:374.136,376.5 1 0
orbyte/internal/platform/app/app.go:378.3,378.64 1 1
orbyte/internal/platform/app/app.go:378.64,385.19 2 1
orbyte/internal/platform/app/app.go:385.19,387.5 1 0
orbyte/internal/platform/app/app.go:388.4,388.62 1 1
orbyte/internal/platform/app/app.go:388.62,389.130 1 1
orbyte/internal/platform/app/app.go:389.130,391.6 1 0
orbyte/internal/platform/app/app.go:394.3,394.54 1 1
orbyte/internal/platform/app/app.go:394.54,408.19 1 1
orbyte/internal/platform/app/app.go:408.19,410.5 1 0
orbyte/internal/platform/app/app.go:413.2,413.104 1 1
orbyte/internal/platform/app/app.go:413.104,415.41 2 0
orbyte/internal/platform/app/app.go:415.41,417.4 1 0
orbyte/internal/platform/app/app.go:418.3,418.128 1 0
orbyte/internal/platform/app/app.go:418.128,420.4 1 0
orbyte/internal/platform/app/app.go:421.3,421.118 1 0
orbyte/internal/platform/app/app.go:421.118,423.4 1 0
orbyte/internal/platform/app/app.go:424.3,424.87 1 0
orbyte/internal/platform/app/app.go:424.87,426.4 1 0
orbyte/internal/platform/app/app.go:427.3,427.40 1 0
orbyte/internal/platform/app/app.go:428.17,430.3 1 0
orbyte/internal/platform/app/app.go:431.2,431.105 1 1
orbyte/internal/platform/app/app.go:431.105,433.41 2 0
orbyte/internal/platform/app/app.go:433.41,435.4 1 0
orbyte/internal/platform/app/app.go:436.3,436.128 1 0
orbyte/internal/platform/app/app.go:436.128,438.4 1 0
orbyte/internal/platform/app/app.go:439.3,439.118 1 0
orbyte/internal/platform/app/app.go:439.118,441.4 1 0
orbyte/internal/platform/app/app.go:442.3,442.87 1 0
orbyte/internal/platform/app/app.go:442.87,444.4 1 0
orbyte/internal/platform/app/app.go:445.3,445.40 1 0
orbyte/internal/platform/app/app.go:446.17,448.3 1 0
orbyte/internal/platform/app/app.go:449.2,449.109 1 1
orbyte/internal/platform/app/app.go:449.109,451.38 2 0
orbyte/internal/platform/app/app.go:451.38,453.4 1 0
orbyte/internal/platform/app/app.go:454.3,454.94 1 0
orbyte/internal/platform/app/app.go:454.94,456.4 1 0
orbyte/internal/platform/app/app.go:457.3,457.115 1 0
orbyte/internal/platform/app/app.go:457.115,459.4 1 0
orbyte/internal/platform/app/app.go:460.3,460.146 1 0
orbyte/internal/platform/app/app.go:460.146,462.4 1 0
orbyte/internal/platform/app/app.go:463.3,463.121 1 0
orbyte/internal/platform/app/app.go:463.121,465.4 1 0
orbyte/internal/platform/app/app.go:466.3,466.105 1 0
orbyte/internal/platform/app/app.go:466.105,468.4 1 0
orbyte/internal/platform/app/app.go:469.3,469.40 1 0
orbyte/internal/platform/app/app.go:470.17,472.3 1 0
orbyte/internal/platform/app/app.go:473.2,473.107 1 1
orbyte/internal/platform/app/app.go:473.107,474.119 1 0
orbyte/internal/platform/app/app.go:474.119,476.4 1 0
orbyte/internal/platform/app/app.go:477.3,477.147 1 0
orbyte/internal/platform/app/app.go:477.147,479.4 1 0
orbyte/internal/platform/app/app.go:480.3,480.156 1 0
orbyte/internal/platform/app/app.go:480.156,482.4 1 0
orbyte/internal/platform/app/app.go:483.3,483.40 1 0
orbyte/internal/platform/app/app.go:484.17,486.3 1 0
orbyte/internal/platform/app/app.go:487.2,487.106 1 1
orbyte/internal/platform/app/app.go:487.106,492.19 5 0
orbyte/internal/platform/app/app.go:492.19,494.4 1 0
orbyte/internal/platform/app/app.go:495.3,495.19 1 0
orbyte/internal/platform/app/app.go:495.19,497.4 1 0
orbyte/internal/platform/app/app.go:498.3,498.65 1 0
orbyte/internal/platform/app/app.go:498.65,500.4 1 0
orbyte/internal/platform/app/app.go:501.3,502.41 2 0
orbyte/internal/platform/app/app.go:502.41,504.4 1 0
orbyte/internal/platform/app/app.go:505.3,507.18 3 0
orbyte/internal/platform/app/app.go:507.18,509.4 1 0
orbyte/internal/platform/app/app.go:510.3,515.4 1 0
orbyte/internal/platform/app/app.go:516.17,518.3 1 0
orbyte/internal/platform/app/app.go:519.2,519.103 1 1
orbyte/internal/platform/app/app.go:519.103,521.73 2 0
orbyte/internal/platform/app/app.go:521.73,523.4 1 0
orbyte/internal/platform/app/app.go:524.3,524.74 1 0
orbyte/internal/platform/app/app.go:524.74,526.4 1 0
orbyte/internal/platform/app/app.go:527.3,527.109 1 0
orbyte/internal/platform/app/app.go:528.17,530.3 1 0
orbyte/internal/platform/app/app.go:531.2,531.112 1 1
orbyte/internal/platform/app/app.go:531.112,532.137 1 0
orbyte/internal/platform/app/app.go:532.137,534.4 1 0
orbyte/internal/platform/app/app.go:535.3,536.89 2 0
orbyte/internal/platform/app/app.go:536.89,538.4 1 0
orbyte/internal/platform/app/app.go:539.3,539.40 1 0
orbyte/internal/platform/app/app.go:540.17,542.3 1 0
orbyte/internal/platform/app/app.go:543.2,543.12 1 1
orbyte/internal/platform/app/app.go:546.41,547.22 1 1
orbyte/internal/platform/app/app.go:547.22,549.3 1 0
orbyte/internal/platform/app/app.go:550.2,550.18 1 1
orbyte/internal/platform/app/app.go:553.129,554.42 1 1
orbyte/internal/platform/app/app.go:554.42,556.57 2 1
orbyte/internal/platform/app/app.go:556.57,564.4 1 1
orbyte/internal/platform/app/app.go:565.3,565.58 1 1
orbyte/internal/platform/app/app.go:565.58,573.4 1 1
orbyte/internal/platform/app/app.go:574.3,574.61 1 1
orbyte/internal/platform/app/app.go:574.61,581.4 1 1
orbyte/internal/platform/app/app.go:582.3,582.57 1 1
orbyte/internal/platform/app/app.go:582.57,591.4 1 1
orbyte/internal/platform/app/app.go:595.94,597.42 2 1
orbyte/internal/platform/app/app.go:597.42,598.32 1 1
orbyte/internal/platform/app/app.go:598.32,599.12 1 1
orbyte/internal/platform/app/app.go:601.3,601.68 1 1
orbyte/internal/platform/app/app.go:601.68,602.70 1 1
orbyte/internal/platform/app/app.go:602.70,603.13 1 1
orbyte/internal/platform/app/app.go:605.4,605.64 1 1
orbyte/internal/platform/app/app.go:608.2,608.15 1 1
orbyte/internal/platform/app/app.go:611.47,614.18 3 1
orbyte/internal/platform/app/app.go:614.18,616.3 1 1
orbyte/internal/platform/app/app.go:617.2,617.17 1 1
orbyte/internal/platform/app/app.go:617.17,619.3 1 1
orbyte/internal/platform/app/app.go:620.2,620.29 1 1
orbyte/internal/platform/app/app.go:623.46,624.92 1 1
orbyte/internal/platform/app/app.go:624.92,626.3 1 0
orbyte/internal/platform/app/app.go:627.2,627.102 1 1
orbyte/internal/platform/app/app.go:627.102,629.3 1 1
orbyte/internal/platform/app/app.go:630.2,630.92 1 1
orbyte/internal/platform/app/app.go:630.92,631.65 1 1
orbyte/internal/platform/app/app.go:632.40,633.14 1 1
orbyte/internal/platform/app/app.go:634.11,635.81 1 0
orbyte/internal/platform/app/app.go:640.45,642.34 2 1
orbyte/internal/platform/app/app.go:642.34,644.3 1 1
orbyte/internal/platform/app/app.go:645.2,651.36 3 1
orbyte/internal/platform/app/app.go:651.36,658.3 1 1
orbyte/internal/platform/app/app.go:661.55,662.17 1 1
orbyte/internal/platform/app/app.go:663.63,664.97 1 1
orbyte/internal/platform/app/app.go:665.39,666.118 1 1
orbyte/internal/platform/app/app.go:667.37,668.84 1 1
orbyte/internal/platform/app/app.go:669.36,670.86 1 1
orbyte/internal/platform/app/app.go:671.33,672.104 1 1
orbyte/internal/platform/app/app.go:673.42,674.99 1 1
orbyte/internal/platform/app/app.go:675.10,676.26 1 1
orbyte/internal/platform/app/app.go:680.49,681.17 1 1
orbyte/internal/platform/app/app.go:682.37,698.3 1 1
orbyte/internal/platform/app/app.go:699.39,722.3 1 1
orbyte/internal/platform/app/app.go:723.42,735.3 1 1
orbyte/internal/platform/app/app.go:736.10,737.12 1 1
orbyte/internal/platform/app/app.go:741.49,742.17 1 1
orbyte/internal/platform/app/app.go:743.106,744.27 1 1
orbyte/internal/platform/app/app.go:745.10,746.25 1 1
orbyte/internal/platform/app/app.go:750.54,751.55 1 1
orbyte/internal/platform/app/app.go:751.55,753.3 1 1
orbyte/internal/platform/app/app.go:754.2,754.43 1 1
orbyte/internal/platform/app/app.go:757.52,758.55 1 1
orbyte/internal/platform/app/app.go:758.55,760.3 1 1
orbyte/internal/platform/app/app.go:761.2,761.67 1 1
orbyte/internal/platform/app/app.go:764.64,766.29 2 1
orbyte/internal/platform/app/app.go:767.16,768.41 1 0
orbyte/internal/platform/app/app.go:769.13,771.30 2 1
orbyte/internal/platform/app/app.go:771.30,772.70 1 1
orbyte/internal/platform/app/app.go:772.70,774.5 1 1
orbyte/internal/platform/app/app.go:776.3,776.15 1 1
orbyte/internal/platform/app/app.go:777.10,778.13 1 0
orbyte/internal/platform/app/app.go:782.53,783.39 1 1
orbyte/internal/platform/app/app.go:783.39,785.3 1 1
orbyte/internal/platform/app/app.go:786.2,786.14 1 0
orbyte/internal/platform/app/app.go:789.51,790.35 1 1
orbyte/internal/platform/app/app.go:791.11,792.15 1 0
orbyte/internal/platform/app/app.go:793.13,794.20 1 0
orbyte/internal/platform/app/app.go:795.13,796.20 1 0
orbyte/internal/platform/app/app.go:797.15,798.20 1 1
orbyte/internal/platform/app/app.go:799.10,800.11 1 0
orbyte/internal/platform/app/app.go:804.36,807.2 2 1
orbyte/internal/platform/app/app.go:809.59,810.29 1 1
orbyte/internal/platform/app/app.go:810.29,811.24 1 1
orbyte/internal/platform/app/app.go:811.24,813.4 1 1
orbyte/internal/platform/app/app.go:815.2,815.14 1 1
orbyte/internal/platform/app/app.go:818.49,819.23 1 1
orbyte/internal/platform/app/app.go:819.23,821.3 1 1
orbyte/internal/platform/app/app.go:822.2,822.19 1 1
orbyte/internal/platform/app/app.go:825.42,826.31 1 1
orbyte/internal/platform/app/app.go:826.31,827.37 1 1
orbyte/internal/platform/app/app.go:827.37,829.4 1 1
orbyte/internal/platform/app/app.go:831.2,831.11 1 0
orbyte/internal/platform/app/app.go:834.49,1863.2 4 1
orbyte/internal/platform/app/app.go:1865.32,1867.2 1 1
orbyte/internal/platform/app/app.go:1869.32,1871.2 1 0
orbyte/internal/platform/app/app.go:1873.45,1875.2 1 0
orbyte/internal/platform/app/app.go:1877.38,1879.2 1 1
orbyte/internal/platform/app/app.go:1881.52,1882.28 1 1
orbyte/internal/platform/app/app.go:1882.28,1885.3 2 1
orbyte/internal/platform/app/app.go:1886.2,1886.19 1 1
orbyte/internal/platform/app/app.go:1886.19,1888.3 1 1
orbyte/internal/platform/app/app.go:1889.2,1889.25 1 1
orbyte/internal/platform/app/app.go:1889.25,1891.3 1 1
orbyte/internal/platform/app/app.go:1892.2,1892.33 1 1
orbyte/internal/platform/app/app.go:1892.33,1894.3 1 1
orbyte/internal/platform/app/app.go:1897.33,1898.28 1 1
orbyte/internal/platform/app/app.go:1898.28,1901.3 2 1
orbyte/internal/platform/app/app.go:1904.29,1906.33 2 1
orbyte/internal/platform/app/app.go:1906.33,1908.3 1 1
orbyte/internal/platform/app/app.go:1909.2,1909.25 1 1
orbyte/internal/platform/app/app.go:1909.25,1911.3 1 1
orbyte/internal/platform/app/app.go:1912.2,1912.19 1 1
orbyte/internal/platform/app/app.go:1912.19,1914.3 1 1
orbyte/internal/platform/app/app.go:1915.2,1915.36 1 1
orbyte/internal/platform/app/app.go:1915.36,1916.21 1 0
orbyte/internal/platform/app/app.go:1916.21,1917.12 1 0
orbyte/internal/platform/app/app.go:1919.3,1919.35 1 0
orbyte/internal/platform/app/app.go:1919.35,1921.4 1 0
orbyte/internal/platform/app/app.go:1923.2,1923.23 1 1
orbyte/internal/platform/app/app.go:1923.23,1925.3 1 1
orbyte/internal/platform/app/app.go:1926.2,1926.27 1 0
orbyte/internal/platform/app/construction.go:68.105,102.43 18 1
orbyte/internal/platform/app/construction.go:102.43,129.3 26 0
orbyte/internal/platform/app/construction.go:131.2,138.14 8 1
orbyte/internal/platform/app/construction.go:141.87,142.60 1 1
orbyte/internal/platform/app/construction.go:142.60,144.3 1 1
orbyte/internal/platform/app/construction.go:145.2,145.52 1 0
orbyte/internal/platform/app/construction.go:145.52,147.3 1 0
orbyte/internal/platform/app/construction.go:148.2,148.58 1 0
orbyte/internal/platform/app/construction.go:148.58,161.3 2 0
orbyte/internal/platform/app/router.go:10.55,113.2 1 1
orbyte/internal/platform/app/runtime.go:16.58,24.35 7 1
orbyte/internal/platform/app/runtime.go:24.35,24.78 1 0
orbyte/internal/platform/app/runtime.go:24.96,24.144 1 0
orbyte/internal/platform/app/runtime.go:25.2,25.35 1 1
orbyte/internal/platform/app/runtime.go:25.35,25.84 1 0
orbyte/internal/platform/app/runtime.go:25.102,25.156 1 0
orbyte/internal/platform/app/runtime.go:26.2,26.34 1 1
orbyte/internal/platform/app/runtime.go:26.34,26.82 1 0
orbyte/internal/platform/app/runtime.go:26.100,26.153 1 0
orbyte/internal/platform/app/runtime.go:28.2,31.3 1 1
orbyte/internal/platform/i18n/i18n.go:15.34,19.2 3 0
orbyte/internal/platform/i18n/i18n.go:21.44,23.17 2 1
orbyte/internal/platform/i18n/i18n.go:23.17,25.3 1 0
orbyte/internal/platform/i18n/i18n.go:26.2,27.45 2 1
orbyte/internal/platform/i18n/i18n.go:27.45,28.68 1 1
orbyte/internal/platform/i18n/i18n.go:28.68,30.4 1 1
orbyte/internal/platform/i18n/i18n.go:32.2,32.13 1 1
orbyte/internal/platform/i18n/i18n.go:35.78,36.81 1 1
orbyte/internal/platform/i18n/i18n.go:36.81,38.3 1 1
orbyte/internal/platform/i18n/i18n.go:39.2,39.62 1 1
orbyte/internal/platform/i18n/i18n.go:39.62,41.3 1 0
orbyte/internal/platform/i18n/i18n.go:42.2,42.62 1 1
orbyte/internal/platform/i18n/i18n.go:42.62,44.3 1 0
orbyte/internal/platform/i18n/i18n.go:45.2,45.17 1 1
orbyte/internal/platform/i18n/i18n.go:48.42,49.14 1 1
orbyte/internal/platform/i18n/i18n.go:49.14,51.3 1 0
orbyte/internal/platform/i18n/i18n.go:52.2,52.59 1 1
orbyte/internal/platform/i18n/i18n.go:52.59,53.58 1 1
orbyte/internal/platform/i18n/i18n.go:53.58,55.4 1 1
orbyte/internal/platform/i18n/i18n.go:57.2,57.75 1 1
orbyte/internal/platform/i18n/i18n.go:57.75,59.18 2 1
orbyte/internal/platform/i18n/i18n.go:59.18,60.12 1 0
orbyte/internal/platform/i18n/i18n.go:62.3,62.32 1 1
orbyte/internal/platform/i18n/i18n.go:64.2,64.13 1 0
orbyte/internal/platform/i18n/i18n.go:67.54,68.14 1 1
orbyte/internal/platform/i18n/i18n.go:68.14,70.3 1 0
orbyte/internal/platform/i18n/i18n.go:71.2,78.4 1 1
orbyte/internal/platform/model/memory_repository.go:13.46,18.2 1 1
orbyte/internal/platform/model/memory_repository.go:20.65,23.2 2 1
orbyte/internal/platform/model/memory_repository.go:25.59,27.37 2 1
orbyte/internal/platform/model/memory_repository.go:27.37,29.3 1 1
orbyte/internal/platform/model/memory_repository.go:30.2,30.40 1 1
orbyte/internal/platform/model/memory_repository.go:30.40,30.78 1 0
orbyte/internal/platform/model/memory_repository.go:31.2,31.14 1 1
orbyte/internal/platform/model/memory_repository.go:34.73,37.2 2 1
orbyte/internal/platform/model/memory_repository.go:39.60,40.46 1 1
orbyte/internal/platform/model/memory_repository.go:40.46,42.3 1 1
orbyte/internal/platform/model/memory_repository.go:43.2,44.12 2 1
orbyte/internal/platform/model/memory_repository.go:47.68,48.39 1 1
orbyte/internal/platform/model/memory_repository.go:48.39,50.3 1 0
orbyte/internal/platform/model/memory_repository.go:51.2,52.12 2 1
orbyte/internal/platform/model/memory_repository.go:55.74,57.9 2 1
orbyte/internal/platform/model/memory_repository.go:57.9,59.3 1 0
orbyte/internal/platform/model/memory_repository.go:60.2,61.17 2 1
orbyte/internal/platform/model/memory_repository.go:64.66,66.43 2 1
orbyte/internal/platform/model/memory_repository.go:66.43,68.3 1 1
orbyte/internal/platform/model/memory_repository.go:69.2,69.40 1 1
orbyte/internal/platform/model/memory_repository.go:69.40,69.76 1 1
orbyte/internal/platform/model/memory_repository.go:70.2,70.14 1 1
orbyte/internal/platform/model/memory_repository.go:73.93,76.29 3 1
orbyte/internal/platform/model/memory_repository.go:76.29,77.43 1 1
orbyte/internal/platform/model/memory_repository.go:77.43,78.12 1 1
orbyte/internal/platform/model/memory_repository.go:80.3,80.36 1 1
orbyte/internal/platform/model/memory_repository.go:82.2,83.43 2 1
orbyte/internal/platform/model/memory_repository.go:83.43,86.18 3 1
orbyte/internal/platform/model/memory_repository.go:87.13,88.48 1 0
orbyte/internal/platform/model/memory_repository.go:89.21,90.112 1 0
orbyte/internal/platform/model/memory_repository.go:91.21,92.112 1 0
orbyte/internal/platform/model/memory_repository.go:94.3,94.17 1 1
orbyte/internal/platform/model/memory_repository.go:94.17,96.4 1 0
orbyte/internal/platform/model/memory_repository.go:97.3,97.22 1 1
orbyte/internal/platform/model/memory_repository.go:99.2,101.28 3 1
orbyte/internal/platform/model/memory_repository.go:101.28,103.3 1 1
orbyte/internal/platform/model/memory_repository.go:104.2,105.25 2 1
orbyte/internal/platform/model/memory_repository.go:105.25,107.3 1 1
orbyte/internal/platform/model/memory_repository.go:108.2,108.40 1 1
orbyte/internal/platform/model/postgres_repository.go:13.60,15.2 1 1
orbyte/internal/platform/model/postgres_repository.go:17.67,37.2 5 1
orbyte/internal/platform/model/postgres_repository.go:39.61,42.16 3 0
orbyte/internal/platform/model/postgres_repository.go:42.16,44.3 1 0
orbyte/internal/platform/model/postgres_repository.go:45.2,47.18 3 0
orbyte/internal/platform/model/postgres_repository.go:47.18,49.9 2 0
orbyte/internal/platform/model/postgres_repository.go:49.9,51.4 1 0
orbyte/internal/platform/model/postgres_repository.go:53.2,53.14 1 0
orbyte/internal/platform/model/postgres_repository.go:56.75,65.16 5 1
orbyte/internal/platform/model/postgres_repository.go:65.16,67.3 1 0
orbyte/internal/platform/model/postgres_repository.go:68.2,70.19 3 1
orbyte/internal/platform/model/postgres_repository.go:73.62,86.2 4 1
orbyte/internal/platform/model/postgres_repository.go:88.70,92.2 3 0
orbyte/internal/platform/model/postgres_repository.go:94.76,100.211 3 1
orbyte/internal/platform/model/postgres_repository.go:100.211,102.3 1 0
orbyte/internal/platform/model/postgres_repository.go:103.2,104.19 2 1
orbyte/internal/platform/model/postgres_repository.go:107.68,110.16 3 0
orbyte/internal/platform/model/postgres_repository.go:110.16,112.3 1 0
orbyte/internal/platform/model/postgres_repository.go:113.2,115.18 3 0
orbyte/internal/platform/model/postgres_repository.go:115.18,120.153 2 0
orbyte/internal/platform/model/postgres_repository.go:120.153,121.12 1 0
orbyte/internal/platform/model/postgres_repository.go:123.3,124.30 2 0
orbyte/internal/platform/model/postgres_repository.go:126.2,126.14 1 0
orbyte/internal/platform/model/postgres_repository.go:129.95,133.106 4 1
orbyte/internal/platform/model/postgres_repository.go:133.106,135.3 1 0
orbyte/internal/platform/model/postgres_repository.go:136.2,137.16 2 1
orbyte/internal/platform/model/postgres_repository.go:137.16,139.3 1 0
orbyte/internal/platform/model/postgres_repository.go:140.2,142.18 3 1
orbyte/internal/platform/model/postgres_repository.go:142.18,147.153 2 1
orbyte/internal/platform/model/postgres_repository.go:147.153,149.4 1 0
orbyte/internal/platform/model/postgres_repository.go:150.3,151.30 2 1
orbyte/internal/platform/model/postgres_repository.go:153.2,153.26 1 1
orbyte/internal/platform/model/postgres_repository.go:156.86,162.248 2 0
orbyte/internal/platform/model/postgres_repository.go:162.248,164.3 1 0
orbyte/internal/platform/model/postgres_repository.go:165.2,167.19 3 0
orbyte/internal/platform/model/query.go:10.65,11.21 1 1
orbyte/internal/platform/model/query.go:11.21,13.3 1 1
orbyte/internal/platform/model/query.go:14.2,14.25 1 1
orbyte/internal/platform/model/query.go:14.25,16.3 1 1
orbyte/internal/platform/model/query.go:17.2,17.34 1 1
orbyte/internal/platform/model/query.go:17.34,19.3 1 1
orbyte/internal/platform/model/query.go:20.2,21.25 2 1
orbyte/internal/platform/model/query.go:21.25,23.3 1 1
orbyte/internal/platform/model/query.go:24.2,24.65 1 1
orbyte/internal/platform/model/query.go:24.65,26.3 1 1
orbyte/internal/platform/model/query.go:27.2,28.40 2 1
orbyte/internal/platform/model/query.go:28.40,31.31 3 1
orbyte/internal/platform/model/query.go:31.31,32.12 1 1
orbyte/internal/platform/model/query.go:34.3,34.33 1 1
orbyte/internal/platform/model/query.go:34.33,36.4 1 1
orbyte/internal/platform/model/query.go:37.3,37.23 1 1
orbyte/internal/platform/model/query.go:39.2,40.19 2 1
orbyte/internal/platform/model/query.go:43.55,44.32 1 1
orbyte/internal/platform/model/query.go:45.44,46.14 1 0
orbyte/internal/platform/model/query.go:48.2,48.35 1 1
orbyte/internal/platform/model/query.go:48.35,49.42 1 1
orbyte/internal/platform/model/query.go:49.42,51.4 1 1
orbyte/internal/platform/model/query.go:53.2,53.14 1 1
orbyte/internal/platform/model/service.go:20.28,22.2 1 1
orbyte/internal/platform/model/service.go:24.57,31.2 1 1
orbyte/internal/platform/model/service.go:33.60,34.17 1 1
orbyte/internal/platform/model/service.go:34.17,36.3 1 1
orbyte/internal/platform/model/service.go:37.2,42.3 1 1
orbyte/internal/platform/model/service.go:45.43,47.2 1 1
orbyte/internal/platform/model/service.go:49.58,51.2 1 1
orbyte/internal/platform/model/service.go:53.50,54.82 1 1
orbyte/internal/platform/model/service.go:54.82,56.3 1 1
orbyte/internal/platform/model/service.go:57.2,57.56 1 1
orbyte/internal/platform/model/service.go:57.56,59.3 1 0
orbyte/internal/platform/model/service.go:60.2,60.35 1 1
orbyte/internal/platform/model/service.go:60.35,61.80 1 1
orbyte/internal/platform/model/service.go:61.80,63.4 1 1
orbyte/internal/platform/model/service.go:65.2,65.41 1 1
orbyte/internal/platform/model/service.go:65.41,66.186 1 1
orbyte/internal/platform/model/service.go:66.186,68.4 1 1
orbyte/internal/platform/model/service.go:70.2,70.35 1 1
orbyte/internal/platform/model/service.go:73.46,75.2 1 1
orbyte/internal/platform/model/service.go:77.61,79.2 1 1
orbyte/internal/platform/model/service.go:81.74,82.49 1 1
orbyte/internal/platform/model/service.go:82.49,84.3 1 0
orbyte/internal/platform/model/service.go:85.2,85.24 1 1
orbyte/internal/platform/model/service.go:88.74,89.49 1 1
orbyte/internal/platform/model/service.go:89.49,91.3 1 0
orbyte/internal/platform/model/service.go:92.2,92.24 1 1
orbyte/internal/platform/model/service.go:95.80,96.49 1 1
orbyte/internal/platform/model/service.go:96.49,98.3 1 0
orbyte/internal/platform/model/service.go:99.2,99.27 1 1
orbyte/internal/platform/model/service.go:102.91,104.9 2 1
orbyte/internal/platform/model/service.go:104.9,106.3 1 0
orbyte/internal/platform/model/service.go:107.2,118.68 3 1
orbyte/internal/platform/model/service.go:118.68,120.3 1 1
orbyte/internal/platform/model/service.go:121.2,121.50 1 1
orbyte/internal/platform/model/service.go:121.50,123.3 1 0
orbyte/internal/platform/model/service.go:124.2,124.20 1 1
orbyte/internal/platform/model/service.go:127.116,129.9 2 1
orbyte/internal/platform/model/service.go:129.9,131.3 1 0
orbyte/internal/platform/model/service.go:132.2,133.9 2 1
orbyte/internal/platform/model/service.go:133.9,135.3 1 0
orbyte/internal/platform/model/service.go:136.2,136.63 1 1
orbyte/internal/platform/model/service.go:136.63,138.3 1 1
orbyte/internal/platform/model/service.go:139.2,144.73 6 1
orbyte/internal/platform/model/service.go:144.73,146.3 1 1
orbyte/internal/platform/model/service.go:147.2,147.50 1 1
orbyte/internal/platform/model/service.go:147.50,149.3 1 0
orbyte/internal/platform/model/service.go:150.2,150.20 1 1
orbyte/internal/platform/model/service.go:153.60,155.9 2 1
orbyte/internal/platform/model/service.go:155.9,157.3 1 1
orbyte/internal/platform/model/service.go:158.2,158.20 1 1
orbyte/internal/platform/model/service.go:161.115,163.9 2 1
orbyte/internal/platform/model/service.go:163.9,165.3 1 0
orbyte/internal/platform/model/service.go:166.2,167.9 2 1
orbyte/internal/platform/model/service.go:167.9,169.3 1 0
orbyte/internal/platform/model/service.go:170.2,171.9 2 1
orbyte/internal/platform/model/service.go:171.9,173.3 1 0
orbyte/internal/platform/model/service.go:174.2,176.63 3 1
orbyte/internal/platform/model/service.go:179.97,181.9 2 1
orbyte/internal/platform/model/service.go:181.9,183.3 1 0
orbyte/internal/platform/model/service.go:184.2,185.9 2 1
orbyte/internal/platform/model/service.go:185.9,187.3 1 0
orbyte/internal/platform/model/service.go:188.2,188.26 1 1
orbyte/internal/platform/model/service.go:188.26,190.3 1 1
orbyte/internal/platform/model/service.go:191.2,192.47 2 1
orbyte/internal/platform/model/service.go:195.77,197.9 2 1
orbyte/internal/platform/model/service.go:197.9,199.3 1 0
orbyte/internal/platform/model/service.go:200.2,201.16 2 1
orbyte/internal/platform/model/service.go:201.16,203.3 1 0
orbyte/internal/platform/model/service.go:204.2,206.9 1 1
orbyte/internal/platform/model/service.go:206.9,208.3 1 1
orbyte/internal/platform/model/service.go:209.2,211.29 3 0
orbyte/internal/platform/model/service.go:211.29,212.43 1 0
orbyte/internal/platform/model/service.go:212.43,213.12 1 0
orbyte/internal/platform/model/service.go:215.3,215.36 1 0
orbyte/internal/platform/model/service.go:217.2,218.19 2 0
orbyte/internal/platform/model/service.go:218.19,220.3 1 0
orbyte/internal/platform/model/service.go:221.2,221.43 1 0
orbyte/internal/platform/model/service.go:221.43,224.20 3 0
orbyte/internal/platform/model/service.go:224.20,227.4 2 0
orbyte/internal/platform/model/service.go:228.3,228.17 1 0
orbyte/internal/platform/model/service.go:228.17,230.4 1 0
orbyte/internal/platform/model/service.go:231.3,231.22 1 0
orbyte/internal/platform/model/service.go:233.2,237.28 5 0
orbyte/internal/platform/model/service.go:237.28,239.3 1 0
orbyte/internal/platform/model/service.go:240.2,241.25 2 0
orbyte/internal/platform/model/service.go:241.25,243.3 1 0
orbyte/internal/platform/model/service.go:244.2,244.40 1 0
orbyte/internal/platform/model/service.go:247.126,249.16 2 1
orbyte/internal/platform/model/service.go:249.16,251.3 1 0
orbyte/internal/platform/model/service.go:252.2,253.16 2 1
orbyte/internal/platform/model/service.go:253.16,256.3 2 0
orbyte/internal/platform/model/service.go:257.2,257.29 1 1
orbyte/internal/platform/model/service.go:260.130,262.16 2 1
orbyte/internal/platform/model/service.go:262.16,264.3 1 0
orbyte/internal/platform/model/service.go:265.2,266.16 2 1
orbyte/internal/platform/model/service.go:266.16,268.3 1 0
orbyte/internal/platform/model/service.go:269.2,269.29 1 1
orbyte/internal/platform/model/service.go:272.139,273.33 1 1
orbyte/internal/platform/model/service.go:273.33,275.3 1 1
orbyte/internal/platform/model/service.go:276.2,277.9 2 1
orbyte/internal/platform/model/service.go:277.9,279.3 1 0
orbyte/internal/platform/model/service.go:280.2,281.56 2 1
orbyte/internal/platform/model/service.go:281.56,283.10 2 1
orbyte/internal/platform/model/service.go:283.10,285.4 1 0
orbyte/internal/platform/model/service.go:286.3,287.17 2 1
orbyte/internal/platform/model/service.go:287.17,289.4 1 0
orbyte/internal/platform/model/service.go:290.3,291.33 2 1
orbyte/internal/platform/model/service.go:291.33,293.4 1 1
orbyte/internal/platform/model/service.go:294.3,295.38 2 1
orbyte/internal/platform/model/service.go:295.38,297.16 2 1
orbyte/internal/platform/model/service.go:297.16,299.5 1 1
orbyte/internal/platform/model/service.go:300.4,300.22 1 1
orbyte/internal/platform/model/service.go:300.22,301.45 1 1
orbyte/internal/platform/model/service.go:301.45,302.14 1 0
orbyte/internal/platform/model/service.go:304.5,304.67 1 1
orbyte/internal/platform/model/service.go:304.67,306.6 1 0
orbyte/internal/platform/model/service.go:307.5,307.104 1 1
orbyte/internal/platform/model/service.go:307.104,309.6 1 0
orbyte/internal/platform/model/service.go:310.5,310.13 1 1
orbyte/internal/platform/model/service.go:312.4,314.44 3 1
orbyte/internal/platform/model/service.go:314.44,316.19 2 1
orbyte/internal/platform/model/service.go:316.19,318.6 1 0
orbyte/internal/platform/model/service.go:319.5,319.113 1 1
orbyte/internal/platform/model/service.go:319.113,322.6 2 0
orbyte/internal/platform/model/service.go:323.5,324.13 2 1
orbyte/internal/platform/model/service.go:326.4,327.11 2 0
orbyte/internal/platform/model/service.go:327.11,329.5 1 0
orbyte/internal/platform/model/service.go:330.4,331.21 2 0
orbyte/internal/platform/model/service.go:331.21,333.5 1 0
orbyte/internal/platform/model/service.go:334.4,335.18 2 0
orbyte/internal/platform/model/service.go:335.18,337.5 1 0
orbyte/internal/platform/model/service.go:338.4,338.112 1 0
orbyte/internal/platform/model/service.go:338.112,340.5 1 0
orbyte/internal/platform/model/service.go:341.4,341.38 1 0
orbyte/internal/platform/model/service.go:343.3,343.32 1 1
orbyte/internal/platform/model/service.go:345.2,345.20 1 1
orbyte/internal/platform/model/service.go:348.105,349.26 1 1
orbyte/internal/platform/model/service.go:349.26,351.3 1 0
orbyte/internal/platform/model/service.go:352.2,352.35 1 1
orbyte/internal/platform/model/service.go:352.35,353.74 1 1
orbyte/internal/platform/model/service.go:353.74,355.4 1 0
orbyte/internal/platform/model/service.go:356.3,356.94 1 1
orbyte/internal/platform/model/service.go:356.94,357.56 1 1
orbyte/internal/platform/model/service.go:357.56,359.19 2 1
orbyte/internal/platform/model/service.go:359.19,361.6 1 0
orbyte/internal/platform/model/service.go:362.5,362.37 1 1
orbyte/internal/platform/model/service.go:366.2,366.35 1 1
orbyte/internal/platform/model/service.go:366.35,367.52 1 1
orbyte/internal/platform/model/service.go:367.52,368.12 1 1
orbyte/internal/platform/model/service.go:370.3,370.55 1 1
orbyte/internal/platform/model/service.go:370.55,372.18 2 1
orbyte/internal/platform/model/service.go:372.18,374.5 1 0
orbyte/internal/platform/model/service.go:375.4,375.36 1 1
orbyte/internal/platform/model/service.go:378.2,378.35 1 1
orbyte/internal/platform/model/service.go:378.35,379.87 1 1
orbyte/internal/platform/model/service.go:379.87,381.4 1 1
orbyte/internal/platform/model/service.go:382.3,382.48 1 1
orbyte/internal/platform/model/service.go:382.48,383.42 1 1
orbyte/internal/platform/model/service.go:383.42,384.170 1 1
orbyte/internal/platform/model/service.go:384.170,386.6 1 1
orbyte/internal/platform/model/service.go:390.2,390.12 1 1
orbyte/internal/platform/model/service.go:393.88,394.41 1 1
orbyte/internal/platform/model/service.go:394.41,395.53 1 1
orbyte/internal/platform/model/service.go:395.53,397.4 1 1
orbyte/internal/platform/model/service.go:399.2,399.36 1 0
orbyte/internal/platform/model/service.go:402.68,403.34 1 1
orbyte/internal/platform/model/service.go:403.34,404.37 1 1
orbyte/internal/platform/model/service.go:404.37,405.12 1 0
orbyte/internal/platform/model/service.go:407.3,409.56 3 1
orbyte/internal/platform/model/service.go:409.56,410.79 1 0
orbyte/internal/platform/model/service.go:410.79,412.5 1 0
orbyte/internal/platform/model/service.go:413.4,413.12 1 0
orbyte/internal/platform/model/service.go:415.3,415.45 1 1
orbyte/internal/platform/model/service.go:415.45,417.4 1 1
orbyte/internal/platform/model/service.go:419.2,419.13 1 1
orbyte/internal/platform/model/service.go:422.58,423.51 1 1
orbyte/internal/platform/model/service.go:423.51,425.3 1 1
orbyte/internal/platform/model/service.go:426.2,426.39 1 1
orbyte/internal/platform/model/service.go:429.54,430.21 1 1
orbyte/internal/platform/model/service.go:430.21,432.3 1 1
orbyte/internal/platform/model/service.go:433.2,433.34 1 1
orbyte/internal/platform/model/service.go:436.52,437.21 1 1
orbyte/internal/platform/model/service.go:437.21,439.3 1 0
orbyte/internal/platform/model/service.go:440.2,441.32 2 1
orbyte/internal/platform/model/service.go:441.32,443.3 1 1
orbyte/internal/platform/model/service.go:444.2,444.15 1 1
orbyte/internal/platform/model/service.go:447.43,448.38 1 1
orbyte/internal/platform/model/service.go:448.38,450.3 1 1
orbyte/internal/platform/model/service.go:451.2,451.35 1 1
orbyte/internal/platform/model/service.go:454.36,455.31 1 1
orbyte/internal/platform/model/service.go:456.14,457.34 1 1
orbyte/internal/platform/model/service.go:458.20,459.43 1 0
orbyte/internal/platform/model/service.go:460.11,461.29 1 0
orbyte/internal/platform/model/service.go:462.13,463.38 1 0
orbyte/internal/platform/model/service.go:464.15,465.49 1 0
orbyte/internal/platform/model/service.go:466.12,467.12 1 0
orbyte/internal/platform/model/service.go:467.12,469.4 1 0
orbyte/internal/platform/model/service.go:470.3,470.17 1 0
orbyte/internal/platform/model/service.go:471.10,472.53 1 0
orbyte/internal/platform/model/sql_query.go:8.101,12.40 4 1
orbyte/internal/platform/model/sql_query.go:12.40,14.15 2 1
orbyte/internal/platform/model/sql_query.go:14.15,17.4 2 1
orbyte/internal/platform/model/sql_query.go:17.9,20.4 2 0
orbyte/internal/platform/model/sql_query.go:21.3,21.11 1 1
orbyte/internal/platform/model/sql_query.go:23.2,25.25 3 1
orbyte/internal/platform/model/sql_query.go:25.25,27.17 2 1
orbyte/internal/platform/model/sql_query.go:27.17,29.4 1 0
orbyte/internal/platform/model/sql_query.go:29.9,31.4 1 1
orbyte/internal/platform/model/sql_query.go:33.2,34.16 2 1
orbyte/internal/platform/model/sql_query.go:34.16,37.3 2 1
orbyte/internal/platform/model/sql_query.go:38.2,39.36 2 1
orbyte/internal/platform/model/sql_query.go:42.46,43.13 1 1
orbyte/internal/platform/model/sql_query.go:44.12,45.21 1 0
orbyte/internal/platform/model/sql_query.go:46.20,47.22 1 0
orbyte/internal/platform/model/sql_query.go:48.20,49.22 1 0
orbyte/internal/platform/model/sql_query.go:50.10,51.68 1 1
orbyte/internal/platform/model/sql_query.go:55.72,56.13 1 1
orbyte/internal/platform/model/sql_query.go:57.12,58.28 1 0
orbyte/internal/platform/model/sql_query.go:59.20,60.43 1 0
orbyte/internal/platform/model/sql_query.go:61.20,62.43 1 0
orbyte/internal/platform/model/sql_query.go:63.10,65.36 2 1
orbyte/internal/platform/model/sql_query.go:65.36,66.24 1 1
orbyte/internal/platform/model/sql_query.go:66.24,68.10 2 1
orbyte/internal/platform/model/sql_query.go:71.3,72.71 2 1
orbyte/internal/platform/model/tx_repository.go:13.48,15.2 1 0
orbyte/internal/platform/model/tx_repository.go:17.61,37.2 5 0
orbyte/internal/platform/model/tx_repository.go:39.55,42.16 3 0
orbyte/internal/platform/model/tx_repository.go:42.16,44.3 1 0
orbyte/internal/platform/model/tx_repository.go:45.2,47.18 3 0
orbyte/internal/platform/model/tx_repository.go:47.18,49.9 2 0
orbyte/internal/platform/model/tx_repository.go:49.9,51.4 1 0
orbyte/internal/platform/model/tx_repository.go:53.2,53.14 1 0
orbyte/internal/platform/model/tx_repository.go:56.69,60.2 3 0
orbyte/internal/platform/model/tx_repository.go:62.56,75.2 4 0
orbyte/internal/platform/model/tx_repository.go:77.64,81.2 3 0
orbyte/internal/platform/model/tx_repository.go:83.70,89.211 3 0
orbyte/internal/platform/model/tx_repository.go:89.211,91.3 1 0
orbyte/internal/platform/model/tx_repository.go:92.2,93.19 2 0
orbyte/internal/platform/model/tx_repository.go:96.62,99.16 3 0
orbyte/internal/platform/model/tx_repository.go:99.16,101.3 1 0
orbyte/internal/platform/model/tx_repository.go:102.2,104.18 3 0
orbyte/internal/platform/model/tx_repository.go:104.18,109.153 2 0
orbyte/internal/platform/model/tx_repository.go:109.153,110.12 1 0
orbyte/internal/platform/model/tx_repository.go:112.3,113.30 2 0
orbyte/internal/platform/model/tx_repository.go:115.2,115.14 1 0
orbyte/internal/platform/model/tx_repository.go:118.89,122.106 4 0
orbyte/internal/platform/model/tx_repository.go:122.106,124.3 1 0
orbyte/internal/platform/model/tx_repository.go:125.2,126.16 2 0
orbyte/internal/platform/model/tx_repository.go:126.16,128.3 1 0
orbyte/internal/platform/model/tx_repository.go:129.2,131.18 3 0
orbyte/internal/platform/model/tx_repository.go:131.18,136.153 2 0
orbyte/internal/platform/model/tx_repository.go:136.153,138.4 1 0
orbyte/internal/platform/model/tx_repository.go:139.3,140.30 2 0
orbyte/internal/platform/model/tx_repository.go:142.2,142.26 1 0
orbyte/internal/platform/mcp/server.go:43.145,45.2 1 1
orbyte/internal/platform/mcp/server.go:91.102,92.42 1 1
orbyte/internal/platform/mcp/server.go:92.42,94.3 1 1
orbyte/internal/platform/mcp/server.go:95.2,95.20 1 1
orbyte/internal/platform/mcp/server.go:96.20,107.5 1 1
orbyte/internal/platform/mcp/server.go:108.20,109.106 1 1
orbyte/internal/platform/mcp/server.go:110.24,111.114 1 1
orbyte/internal/platform/mcp/server.go:112.24,118.17 4 1
orbyte/internal/platform/mcp/server.go:118.17,120.4 1 1
orbyte/internal/platform/mcp/server.go:121.3,121.99 1 1
orbyte/internal/platform/mcp/server.go:122.20,129.17 4 1
orbyte/internal/platform/mcp/server.go:129.17,131.4 1 1
orbyte/internal/platform/mcp/server.go:132.3,132.69 1 1
orbyte/internal/platform/mcp/server.go:133.10,134.118 1 1
orbyte/internal/platform/mcp/server.go:138.65,140.34 2 1
orbyte/internal/platform/mcp/server.go:140.34,142.3 1 0
orbyte/internal/platform/mcp/server.go:143.2,144.42 2 1
orbyte/internal/platform/mcp/server.go:144.42,145.32 1 1
orbyte/internal/platform/mcp/server.go:145.32,146.12 1 0
orbyte/internal/platform/mcp/server.go:148.3,148.49 1 1
orbyte/internal/platform/mcp/server.go:148.49,149.68 1 1
orbyte/internal/platform/mcp/server.go:149.68,150.13 1 0
orbyte/internal/platform/mcp/server.go:152.4,157.6 1 1
orbyte/internal/platform/mcp/server.go:160.2,160.14 1 1
orbyte/internal/platform/mcp/server.go:163.73,165.34 2 1
orbyte/internal/platform/mcp/server.go:165.34,167.3 1 0
orbyte/internal/platform/mcp/server.go:168.2,169.42 2 1
orbyte/internal/platform/mcp/server.go:169.42,170.32 1 1
orbyte/internal/platform/mcp/server.go:170.32,171.12 1 0
orbyte/internal/platform/mcp/server.go:173.3,173.53 1 1
orbyte/internal/platform/mcp/server.go:173.53,174.68 1 1
orbyte/internal/platform/mcp/server.go:174.68,175.13 1 0
orbyte/internal/platform/mcp/server.go:177.4,182.6 1 1
orbyte/internal/platform/mcp/server.go:185.2,185.14 1 1
orbyte/internal/platform/mcp/server.go:188.90,189.34 1 1
orbyte/internal/platform/mcp/server.go:189.34,191.3 1 1
orbyte/internal/platform/mcp/server.go:192.2,192.64 1 1
orbyte/internal/platform/mcp/server.go:192.64,194.3 1 1
orbyte/internal/platform/mcp/server.go:195.2,196.9 2 1
orbyte/internal/platform/mcp/server.go:196.9,198.3 1 1
orbyte/internal/platform/mcp/server.go:199.2,199.66 1 1
orbyte/internal/platform/mcp/server.go:199.66,201.3 1 0
orbyte/internal/platform/mcp/server.go:202.2,202.22 1 1
orbyte/internal/platform/mcp/server.go:203.36,205.17 2 1
orbyte/internal/platform/mcp/server.go:205.17,207.4 1 1
orbyte/internal/platform/mcp/server.go:208.3,209.127 2 1
orbyte/internal/platform/mcp/server.go:210.17,212.10 2 1
orbyte/internal/platform/mcp/server.go:212.10,214.4 1 0
orbyte/internal/platform/mcp/server.go:215.3,216.17 2 1
orbyte/internal/platform/mcp/server.go:216.17,218.4 1 0
orbyte/internal/platform/mcp/server.go:219.3,219.112 1 1
orbyte/internal/platform/mcp/server.go:220.10,221.58 1 1
orbyte/internal/platform/mcp/server.go:225.129,226.34 1 1
orbyte/internal/platform/mcp/server.go:226.34,228.3 1 1
orbyte/internal/platform/mcp/server.go:229.2,229.89 1 1
orbyte/internal/platform/mcp/server.go:229.89,231.3 1 1
orbyte/internal/platform/mcp/server.go:232.2,233.9 2 1
orbyte/internal/platform/mcp/server.go:233.9,235.3 1 1
orbyte/internal/platform/mcp/server.go:236.2,236.66 1 1
orbyte/internal/platform/mcp/server.go:236.66,238.3 1 1
orbyte/internal/platform/mcp/server.go:239.2,239.23 1 1
orbyte/internal/platform/mcp/server.go:240.32,242.17 2 1
orbyte/internal/platform/mcp/server.go:242.17,244.4 1 0
orbyte/internal/platform/mcp/server.go:245.3,252.23 2 1
orbyte/internal/platform/mcp/server.go:252.23,253.49 1 1
orbyte/internal/platform/mcp/server.go:253.49,254.70 1 1
orbyte/internal/platform/mcp/server.go:254.70,263.6 1 1
orbyte/internal/platform/mcp/server.go:266.3,266.21 1 1
orbyte/internal/platform/mcp/server.go:267.10,269.55 2 1
orbyte/internal/platform/mcp/server.go:273.72,274.36 1 1
orbyte/internal/platform/mcp/server.go:274.36,276.3 1 0
orbyte/internal/platform/mcp/server.go:277.2,321.27 4 1
orbyte/internal/platform/mcp/server.go:321.27,322.68 1 1
orbyte/internal/platform/mcp/server.go:322.68,323.12 1 1
orbyte/internal/platform/mcp/server.go:325.3,330.5 1 1
orbyte/internal/platform/mcp/server.go:332.2,332.14 1 1
orbyte/internal/platform/mcp/server.go:335.80,336.102 1 1
orbyte/internal/platform/mcp/server.go:336.102,338.3 1 0
orbyte/internal/platform/mcp/server.go:339.2,344.4 1 1
orbyte/internal/platform/mcp/server.go:347.103,348.36 1 1
orbyte/internal/platform/mcp/server.go:348.36,350.3 1 0
orbyte/internal/platform/mcp/server.go:351.2,352.16 2 1
orbyte/internal/platform/mcp/server.go:352.16,354.3 1 0
orbyte/internal/platform/mcp/server.go:355.2,355.95 1 1
orbyte/internal/platform/mcp/server.go:355.95,357.3 1 1
orbyte/internal/platform/mcp/server.go:358.2,358.68 1 1
orbyte/internal/platform/mcp/server.go:358.68,360.3 1 0
orbyte/internal/platform/mcp/server.go:361.2,362.16 2 1
orbyte/internal/platform/mcp/server.go:362.16,364.3 1 0
orbyte/internal/platform/mcp/server.go:365.2,365.88 1 1
orbyte/internal/platform/mcp/server.go:368.123,369.36 1 1
orbyte/internal/platform/mcp/server.go:369.36,371.3 1 0
orbyte/internal/platform/mcp/server.go:372.2,372.14 1 1
orbyte/internal/platform/mcp/server.go:373.34,374.69 1 0
orbyte/internal/platform/mcp/server.go:374.69,376.4 1 0
orbyte/internal/platform/mcp/server.go:377.3,377.52 1 0
orbyte/internal/platform/mcp/server.go:378.33,379.69 1 1
orbyte/internal/platform/mcp/server.go:379.69,381.4 1 0
orbyte/internal/platform/mcp/server.go:382.3,382.51 1 1
orbyte/internal/platform/mcp/server.go:383.28,384.69 1 0
orbyte/internal/platform/mcp/server.go:384.69,386.4 1 0
orbyte/internal/platform/mcp/server.go:387.3,387.46 1 0
orbyte/internal/platform/mcp/server.go:388.29,389.71 1 1
orbyte/internal/platform/mcp/server.go:389.71,391.4 1 0
orbyte/internal/platform/mcp/server.go:392.3,392.47 1 1
orbyte/internal/platform/mcp/server.go:393.33,394.71 1 1
orbyte/internal/platform/mcp/server.go:394.71,396.4 1 0
orbyte/internal/platform/mcp/server.go:397.3,397.51 1 1
orbyte/internal/platform/mcp/server.go:398.10,399.25 1 1
orbyte/internal/platform/mcp/server.go:403.91,404.36 1 1
orbyte/internal/platform/mcp/server.go:404.36,406.3 1 1
orbyte/internal/platform/mcp/server.go:407.2,408.9 2 1
orbyte/internal/platform/mcp/server.go:408.9,411.17 3 1
orbyte/internal/platform/mcp/server.go:411.17,413.4 1 0
orbyte/internal/platform/mcp/server.go:415.2,416.22 2 1
orbyte/internal/platform/mcp/server.go:419.76,429.2 3 0
orbyte/internal/platform/mcp/server.go:431.116,433.23 2 1
orbyte/internal/platform/mcp/server.go:433.23,435.3 1 0
orbyte/internal/platform/mcp/server.go:436.2,437.16 2 1
orbyte/internal/platform/mcp/server.go:437.16,439.3 1 0
orbyte/internal/platform/mcp/server.go:440.2,453.26 2 1
orbyte/internal/platform/mcp/server.go:456.111,458.23 2 0
orbyte/internal/platform/mcp/server.go:458.23,460.3 1 0
orbyte/internal/platform/mcp/server.go:461.2,462.16 2 0
orbyte/internal/platform/mcp/server.go:462.16,464.3 1 0
orbyte/internal/platform/mcp/server.go:465.2,477.14 1 0
orbyte/internal/platform/mcp/server.go:480.112,482.23 2 1
orbyte/internal/platform/mcp/server.go:482.23,484.3 1 0
orbyte/internal/platform/mcp/server.go:485.2,486.9 2 1
orbyte/internal/platform/mcp/server.go:486.9,488.3 1 0
orbyte/internal/platform/mcp/server.go:489.2,489.66 1 1
orbyte/internal/platform/mcp/server.go:489.66,491.3 1 0
orbyte/internal/platform/mcp/server.go:492.2,493.52 2 1
orbyte/internal/platform/mcp/server.go:493.52,495.17 2 1
orbyte/internal/platform/mcp/server.go:495.17,497.4 1 0
orbyte/internal/platform/mcp/server.go:498.3,498.21 1 1
orbyte/internal/platform/mcp/server.go:500.2,502.16 3 1
orbyte/internal/platform/mcp/server.go:502.16,504.3 1 0
orbyte/internal/platform/mcp/server.go:505.2,516.14 1 1
orbyte/internal/platform/mcp/server.go:519.116,521.16 2 1
orbyte/internal/platform/mcp/server.go:521.16,523.3 1 0
orbyte/internal/platform/mcp/server.go:524.2,525.16 2 1
orbyte/internal/platform/mcp/server.go:525.16,527.3 1 0
orbyte/internal/platform/mcp/server.go:528.2,549.14 1 1
orbyte/internal/platform/mcp/server.go:552.93,554.49 2 0
orbyte/internal/platform/mcp/server.go:554.49,555.69 1 0
orbyte/internal/platform/mcp/server.go:555.69,556.12 1 0
orbyte/internal/platform/mcp/server.go:558.3,558.68 1 0
orbyte/internal/platform/mcp/server.go:558.68,559.12 1 0
orbyte/internal/platform/mcp/server.go:561.3,561.30 1 0
orbyte/internal/platform/mcp/server.go:563.2,563.40 1 0
orbyte/internal/platform/mcp/server.go:563.40,563.78 1 0
orbyte/internal/platform/mcp/server.go:564.2,564.14 1 0
orbyte/internal/platform/mcp/server.go:567.157,569.9 2 1
orbyte/internal/platform/mcp/server.go:569.9,571.3 1 0
orbyte/internal/platform/mcp/server.go:572.2,572.66 1 1
orbyte/internal/platform/mcp/server.go:572.66,574.3 1 0
orbyte/internal/platform/mcp/server.go:575.2,577.32 3 1
orbyte/internal/platform/mcp/server.go:577.32,578.29 1 1
orbyte/internal/platform/mcp/server.go:578.29,580.9 2 1
orbyte/internal/platform/mcp/server.go:583.2,583.34 1 1
orbyte/internal/platform/mcp/server.go:586.80,595.2 1 1
orbyte/internal/platform/mcp/server.go:597.62,598.98 1 1
orbyte/internal/platform/mcp/server.go:598.98,600.3 1 0
orbyte/internal/platform/mcp/server.go:601.2,602.70 2 1
orbyte/internal/platform/mcp/server.go:602.70,604.3 1 0
orbyte/internal/platform/mcp/server.go:605.2,605.15 1 1
orbyte/internal/platform/mcp/server.go:608.151,610.23 2 1
orbyte/internal/platform/mcp/server.go:610.23,612.3 1 0
orbyte/internal/platform/mcp/server.go:613.2,614.9 2 1
orbyte/internal/platform/mcp/server.go:614.9,616.3 1 0
orbyte/internal/platform/mcp/server.go:617.2,617.66 1 1
orbyte/internal/platform/mcp/server.go:617.66,619.3 1 0
orbyte/internal/platform/mcp/server.go:620.2,638.52 2 1
orbyte/internal/platform/mcp/server.go:638.52,640.17 2 0
orbyte/internal/platform/mcp/server.go:640.17,642.4 1 0
orbyte/internal/platform/mcp/server.go:643.3,643.25 1 0
orbyte/internal/platform/mcp/server.go:645.2,645.90 1 1
orbyte/internal/platform/mcp/server.go:645.90,647.3 1 0
orbyte/internal/platform/mcp/server.go:648.2,648.22 1 1
orbyte/internal/platform/mcp/server.go:651.69,659.2 1 1
orbyte/internal/platform/mcp/server.go:661.53,662.42 1 1
orbyte/internal/platform/mcp/server.go:662.42,664.3 1 0
orbyte/internal/platform/mcp/server.go:665.2,665.105 1 1
orbyte/internal/platform/mcp/server.go:668.97,669.68 1 1
orbyte/internal/platform/mcp/server.go:669.68,671.3 1 0
orbyte/internal/platform/mcp/server.go:672.2,675.23 4 1
orbyte/internal/platform/mcp/server.go:675.23,677.17 2 1
orbyte/internal/platform/mcp/server.go:677.17,679.4 1 0
orbyte/internal/platform/mcp/server.go:680.3,690.17 3 1
orbyte/internal/platform/mcp/server.go:690.17,692.4 1 0
orbyte/internal/platform/mcp/server.go:693.3,700.44 4 1
orbyte/internal/platform/mcp/server.go:702.2,706.48 1 1
orbyte/internal/platform/mcp/server.go:709.61,711.31 2 1
orbyte/internal/platform/mcp/server.go:712.14,713.34 1 1
orbyte/internal/platform/mcp/server.go:714.10,715.12 1 1
orbyte/internal/platform/mcp/server.go:719.57,723.2 3 1
orbyte/internal/platform/mcp/server.go:725.41,726.23 1 1
orbyte/internal/platform/mcp/server.go:726.23,728.3 1 1
orbyte/internal/platform/mcp/server.go:729.2,729.51 1 0
orbyte/internal/platform/mcp/server.go:732.96,733.52 1 1
orbyte/internal/platform/mcp/server.go:733.52,735.17 2 1
orbyte/internal/platform/mcp/server.go:735.17,737.4 1 0
orbyte/internal/platform/mcp/server.go:738.3,744.1026 3 1
orbyte/internal/platform/mcp/server.go:746.2,746.45 1 1
orbyte/internal/platform/mcp/server.go:746.45,748.10 2 1
orbyte/internal/platform/mcp/server.go:748.10,750.4 1 0
orbyte/internal/platform/mcp/server.go:751.3,756.128 2 1
orbyte/internal/platform/mcp/server.go:758.2,758.57 1 1
orbyte/internal/platform/mcp/server.go:761.74,762.42 1 1
orbyte/internal/platform/mcp/server.go:762.42,763.32 1 1
orbyte/internal/platform/mcp/server.go:763.32,764.12 1 0
orbyte/internal/platform/mcp/server.go:766.3,766.50 1 1
orbyte/internal/platform/mcp/server.go:766.50,767.23 1 1
orbyte/internal/platform/mcp/server.go:767.23,769.5 1 1
orbyte/internal/platform/mcp/server.go:772.2,772.42 1 1
orbyte/internal/platform/mcp/server.go:775.87,776.42 1 1
orbyte/internal/platform/mcp/server.go:776.42,777.32 1 1
orbyte/internal/platform/mcp/server.go:777.32,778.12 1 0
orbyte/internal/platform/mcp/server.go:780.3,780.54 1 1
orbyte/internal/platform/mcp/server.go:780.54,781.23 1 1
orbyte/internal/platform/mcp/server.go:781.23,783.5 1 1
orbyte/internal/platform/mcp/server.go:786.2,786.46 1 0
orbyte/internal/platform/mcp/server.go:789.87,791.42 2 1
orbyte/internal/platform/mcp/server.go:791.42,792.32 1 1
orbyte/internal/platform/mcp/server.go:792.32,793.12 1 0
orbyte/internal/platform/mcp/server.go:795.3,795.54 1 1
orbyte/internal/platform/mcp/server.go:795.54,796.27 1 1
orbyte/internal/platform/mcp/server.go:796.27,798.5 1 1
orbyte/internal/platform/mcp/server.go:801.2,801.46 1 1
orbyte/internal/platform/mcp/server.go:804.72,805.42 1 1
orbyte/internal/platform/mcp/server.go:805.42,806.32 1 1
orbyte/internal/platform/mcp/server.go:806.32,807.12 1 0
orbyte/internal/platform/mcp/server.go:809.3,809.49 1 1
orbyte/internal/platform/mcp/server.go:809.49,810.23 1 1
orbyte/internal/platform/mcp/server.go:810.23,812.5 1 1
orbyte/internal/platform/mcp/server.go:815.2,815.41 1 0
orbyte/internal/platform/mcp/server.go:818.67,820.16 2 1
orbyte/internal/platform/mcp/server.go:821.29,822.16 1 1
orbyte/internal/platform/mcp/server.go:823.31,824.16 1 0
orbyte/internal/platform/mcp/server.go:825.28,826.16 1 1
orbyte/internal/platform/mcp/server.go:827.27,828.16 1 0
orbyte/internal/platform/mcp/server.go:830.2,830.104 1 1
orbyte/internal/platform/mcp/server.go:833.68,834.41 1 1
orbyte/internal/platform/mcp/server.go:834.41,835.42 1 1
orbyte/internal/platform/mcp/server.go:835.42,836.12 1 1
orbyte/internal/platform/mcp/server.go:838.3,838.41 1 1
orbyte/internal/platform/mcp/server.go:838.41,840.4 1 1
orbyte/internal/platform/mcp/server.go:842.2,842.13 1 1
orbyte/internal/platform/mcp/server.go:845.52,846.21 1 1
orbyte/internal/platform/mcp/server.go:846.21,848.3 1 1
orbyte/internal/platform/mcp/server.go:849.2,850.32 2 1
orbyte/internal/platform/mcp/server.go:850.32,852.3 1 1
orbyte/internal/platform/mcp/server.go:853.2,853.12 1 1
orbyte/internal/platform/mcp/server.go:856.45,857.31 1 1
orbyte/internal/platform/mcp/server.go:857.31,858.37 1 1
orbyte/internal/platform/mcp/server.go:858.37,860.4 1 1
orbyte/internal/platform/mcp/server.go:862.2,862.11 1 1
orbyte/internal/platform/mcp/server.go:865.38,874.2 2 1
orbyte/internal/platform/mcp/stream.go:17.44,19.2 1 1
orbyte/internal/platform/mcp/stream.go:21.64,22.14 1 1
orbyte/internal/platform/mcp/stream.go:22.14,24.3 1 0
orbyte/internal/platform/mcp/stream.go:25.2,29.35 5 1
orbyte/internal/platform/mcp/stream.go:29.35,31.3 1 1
orbyte/internal/platform/mcp/stream.go:32.2,34.33 2 1
orbyte/internal/platform/mcp/stream.go:34.33,35.10 1 1
orbyte/internal/platform/mcp/stream.go:36.23,36.23 0 1
orbyte/internal/platform/mcp/stream.go:37.11,38.11 1 0
orbyte/internal/platform/mcp/stream.go:39.14,39.14 0 0
orbyte/internal/platform/mcp/stream.go:40.12,40.12 0 0
orbyte/internal/platform/mcp/stream.go:42.4,42.11 1 0
orbyte/internal/platform/mcp/stream.go:43.24,43.24 0 0
orbyte/internal/platform/mcp/stream.go:44.12,44.12 0 0
orbyte/internal/platform/mcp/stream.go:50.63,51.14 1 1
orbyte/internal/platform/mcp/stream.go:51.14,53.3 1 0
orbyte/internal/platform/mcp/stream.go:54.2,56.18 3 1
orbyte/internal/platform/mcp/stream.go:56.18,58.3 1 0
orbyte/internal/platform/mcp/stream.go:59.2,59.23 1 1
orbyte/internal/platform/mcp/stream.go:62.75,63.14 1 1
orbyte/internal/platform/mcp/stream.go:63.14,66.21 3 0
orbyte/internal/platform/mcp/stream.go:66.22,66.23 0 0
orbyte/internal/platform/mcp/stream.go:68.2,74.20 7 1
orbyte/internal/platform/mcp/stream.go:74.20,76.44 2 1
orbyte/internal/platform/mcp/stream.go:76.44,79.4 2 1
orbyte/internal/platform/mcp/stream.go:80.3,80.16 1 1
orbyte/internal/platform/integration/memory_repository.go:10.46,15.2 1 1
orbyte/internal/platform/integration/memory_repository.go:17.68,18.28 1 1
orbyte/internal/platform/integration/memory_repository.go:18.28,20.3 1 1
orbyte/internal/platform/integration/memory_repository.go:21.2,22.12 2 1
orbyte/internal/platform/integration/memory_repository.go:25.59,27.33 2 0
orbyte/internal/platform/integration/memory_repository.go:27.33,29.3 1 0
orbyte/internal/platform/integration/memory_repository.go:30.2,30.40 1 0
orbyte/internal/platform/integration/memory_repository.go:30.40,30.78 1 0
orbyte/internal/platform/integration/memory_repository.go:31.2,31.14 1 0
orbyte/internal/platform/integration/memory_repository.go:34.73,37.2 2 1
orbyte/internal/platform/integration/memory_repository.go:39.74,40.27 1 1
orbyte/internal/platform/integration/memory_repository.go:40.27,42.3 1 0
orbyte/internal/platform/integration/memory_repository.go:43.2,43.26 1 1
orbyte/internal/platform/integration/memory_repository.go:43.26,45.3 1 1
orbyte/internal/platform/integration/memory_repository.go:46.2,47.12 2 1
orbyte/internal/platform/integration/memory_repository.go:50.65,52.37 2 0
orbyte/internal/platform/integration/memory_repository.go:52.37,54.3 1 0
orbyte/internal/platform/integration/memory_repository.go:55.2,55.40 1 0
orbyte/internal/platform/integration/memory_repository.go:55.40,55.96 1 0
orbyte/internal/platform/integration/memory_repository.go:56.2,56.14 1 0
orbyte/internal/platform/integration/memory_repository.go:59.78,62.2 2 1
orbyte/internal/platform/integration/postgres_repository.go:15.60,17.2 1 1
orbyte/internal/platform/integration/postgres_repository.go:19.70,34.2 4 1
orbyte/internal/platform/integration/postgres_repository.go:36.61,39.16 3 0
orbyte/internal/platform/integration/postgres_repository.go:39.16,41.3 1 0
orbyte/internal/platform/integration/postgres_repository.go:42.2,44.18 3 0
orbyte/internal/platform/integration/postgres_repository.go:44.18,47.151 3 0
orbyte/internal/platform/integration/postgres_repository.go:47.151,48.12 1 0
orbyte/internal/platform/integration/postgres_repository.go:50.3,51.30 2 0
orbyte/internal/platform/integration/postgres_repository.go:53.2,53.14 1 0
orbyte/internal/platform/integration/postgres_repository.go:56.75,60.200 4 1
orbyte/internal/platform/integration/postgres_repository.go:60.200,62.3 1 0
orbyte/internal/platform/integration/postgres_repository.go:63.2,64.19 2 1
orbyte/internal/platform/integration/postgres_repository.go:67.76,91.2 5 1
orbyte/internal/platform/integration/postgres_repository.go:93.67,96.16 3 0
orbyte/internal/platform/integration/postgres_repository.go:96.16,98.3 1 0
orbyte/internal/platform/integration/postgres_repository.go:99.2,101.18 3 0
orbyte/internal/platform/integration/postgres_repository.go:101.18,106.271 5 0
orbyte/internal/platform/integration/postgres_repository.go:106.271,107.12 1 0
orbyte/internal/platform/integration/postgres_repository.go:109.3,109.22 1 0
orbyte/internal/platform/integration/postgres_repository.go:109.22,111.4 1 0
orbyte/internal/platform/integration/postgres_repository.go:112.3,114.30 3 0
orbyte/internal/platform/integration/postgres_repository.go:116.2,116.40 1 0
orbyte/internal/platform/integration/postgres_repository.go:116.40,116.96 1 0
orbyte/internal/platform/integration/postgres_repository.go:117.2,117.14 1 0
orbyte/internal/platform/integration/postgres_repository.go:120.80,126.319 6 1
orbyte/internal/platform/integration/postgres_repository.go:126.319,128.3 1 0
orbyte/internal/platform/integration/postgres_repository.go:129.2,129.21 1 1
orbyte/internal/platform/integration/postgres_repository.go:129.21,131.3 1 0
orbyte/internal/platform/integration/postgres_repository.go:132.2,134.19 3 1
orbyte/internal/platform/integration/postgres_repository.go:137.40,138.20 1 1
orbyte/internal/platform/integration/postgres_repository.go:138.20,140.3 1 1
orbyte/internal/platform/integration/postgres_repository.go:141.2,141.14 1 0
orbyte/internal/platform/integration/runtime.go:8.82,11.2 2 0
orbyte/internal/platform/integration/service.go:36.79,38.2 1 1
orbyte/internal/platform/integration/service.go:40.110,70.2 7 1
orbyte/internal/platform/integration/service.go:72.39,74.2 1 1
orbyte/internal/platform/integration/service.go:76.59,78.2 1 1
orbyte/internal/platform/integration/service.go:80.52,82.19 2 1
orbyte/internal/platform/integration/service.go:82.19,84.3 1 0
orbyte/internal/platform/integration/service.go:85.2,85.119 1 1
orbyte/internal/platform/integration/service.go:85.119,88.17 3 1
orbyte/internal/platform/integration/service.go:88.17,90.4 1 0
orbyte/internal/platform/integration/service.go:91.3,91.82 1 1
orbyte/internal/platform/integration/service.go:93.2,93.117 1 1
orbyte/internal/platform/integration/service.go:93.117,96.17 3 0
orbyte/internal/platform/integration/service.go:96.17,98.4 1 0
orbyte/internal/platform/integration/service.go:99.3,99.82 1 0
orbyte/internal/platform/integration/service.go:103.73,104.31 1 1
orbyte/internal/platform/integration/service.go:104.31,106.3 1 0
orbyte/internal/platform/integration/service.go:107.2,107.155 1 1
orbyte/internal/platform/integration/service.go:110.71,111.31 1 0
orbyte/internal/platform/integration/service.go:111.31,113.3 1 0
orbyte/internal/platform/integration/service.go:114.2,114.151 1 0
orbyte/internal/platform/integration/service.go:117.64,118.52 1 1
orbyte/internal/platform/integration/service.go:118.52,120.3 1 0
orbyte/internal/platform/integration/service.go:121.2,121.46 1 1
orbyte/internal/platform/integration/service.go:124.63,125.84 1 1
orbyte/internal/platform/integration/service.go:125.84,127.3 1 0
orbyte/internal/platform/integration/service.go:128.2,128.46 1 1
orbyte/internal/platform/integration/service.go:128.46,130.3 1 0
orbyte/internal/platform/integration/service.go:131.2,132.31 2 1
orbyte/internal/platform/integration/service.go:132.31,134.3 1 0
orbyte/internal/platform/integration/service.go:135.2,136.44 2 1
orbyte/internal/platform/integration/service.go:136.44,138.3 1 0
orbyte/internal/platform/integration/service.go:139.2,139.34 1 1
orbyte/internal/platform/integration/service.go:142.50,144.2 1 0
orbyte/internal/platform/integration/service.go:146.56,148.2 1 0
orbyte/internal/platform/integration/service.go:150.69,152.2 1 1
orbyte/internal/platform/integration/service.go:154.146,156.9 2 1
orbyte/internal/platform/integration/service.go:156.9,158.3 1 0
orbyte/internal/platform/integration/service.go:159.2,159.31 1 1
orbyte/internal/platform/integration/service.go:159.31,161.3 1 0
orbyte/internal/platform/integration/service.go:162.2,162.44 1 1
orbyte/internal/platform/integration/service.go:162.44,164.3 1 0
orbyte/internal/platform/integration/service.go:165.2,165.21 1 1
orbyte/internal/platform/integration/service.go:165.21,175.24 2 1
orbyte/internal/platform/integration/service.go:175.24,177.4 1 1
orbyte/internal/platform/integration/service.go:179.2,191.54 3 1
orbyte/internal/platform/integration/service.go:191.54,193.3 1 0
orbyte/internal/platform/integration/service.go:194.2,195.20 2 1
orbyte/internal/platform/integration/service.go:198.74,200.9 2 1
orbyte/internal/platform/integration/service.go:200.9,202.3 1 0
orbyte/internal/platform/integration/service.go:203.2,204.9 2 1
orbyte/internal/platform/integration/service.go:204.9,206.3 1 0
orbyte/internal/platform/integration/service.go:207.2,208.9 2 1
orbyte/internal/platform/integration/service.go:208.9,210.3 1 0
orbyte/internal/platform/integration/service.go:211.2,214.54 4 1
orbyte/internal/platform/integration/service.go:214.54,216.3 1 0
orbyte/internal/platform/integration/service.go:217.2,219.16 3 1
orbyte/internal/platform/integration/service.go:219.16,222.31 3 1
orbyte/internal/platform/integration/service.go:222.31,224.4 1 0
orbyte/internal/platform/integration/service.go:224.9,226.4 1 1
orbyte/internal/platform/integration/service.go:227.3,235.21 4 1
orbyte/internal/platform/integration/service.go:237.2,242.54 6 1
orbyte/internal/platform/integration/service.go:242.54,244.3 1 0
orbyte/internal/platform/integration/service.go:245.2,252.20 3 1
orbyte/internal/platform/integration/service.go:255.72,257.9 2 1
orbyte/internal/platform/integration/service.go:257.9,259.3 1 0
orbyte/internal/platform/integration/service.go:260.2,263.54 4 1
orbyte/internal/platform/integration/service.go:263.54,265.3 1 0
orbyte/internal/platform/integration/service.go:266.2,266.39 1 1
orbyte/internal/platform/integration/service.go:269.45,270.18 1 1
orbyte/internal/platform/integration/service.go:270.18,272.3 1 0
orbyte/internal/platform/integration/service.go:273.2,273.53 1 1
orbyte/internal/platform/integration/service.go:276.62,277.18 1 1
orbyte/internal/platform/integration/service.go:277.18,279.3 1 1
orbyte/internal/platform/integration/service.go:280.2,280.21 1 1
orbyte/internal/platform/integration/service.go:280.21,282.3 1 1
orbyte/internal/platform/integration/service.go:285.52,286.21 1 1
orbyte/internal/platform/integration/service.go:286.21,288.3 1 0
orbyte/internal/platform/integration/service.go:289.2,290.32 2 1
orbyte/internal/platform/integration/service.go:290.32,292.3 1 1
orbyte/internal/platform/integration/service.go:293.2,293.15 1 1
orbyte/internal/platform/integration/service.go:298.103,299.62 1 1
orbyte/internal/platform/integration/service.go:299.62,301.3 1 1
orbyte/internal/platform/integration/service.go:302.2,308.8 1 1
orbyte/internal/platform/integration/service.go:315.105,316.21 1 1
orbyte/internal/platform/integration/service.go:316.21,318.3 1 0
orbyte/internal/platform/integration/service.go:319.2,321.18 3 1
orbyte/internal/platform/integration/service.go:321.18,323.3 1 0
orbyte/internal/platform/integration/service.go:324.2,325.37 2 1
orbyte/internal/platform/integration/service.go:325.37,327.3 1 1
orbyte/internal/platform/integration/service.go:328.2,329.16 2 1
orbyte/internal/platform/integration/service.go:329.16,331.3 1 0
orbyte/internal/platform/integration/service.go:332.2,333.16 2 1
orbyte/internal/platform/integration/service.go:333.16,335.3 1 0
orbyte/internal/platform/integration/service.go:336.2,337.90 2 1
orbyte/internal/platform/integration/service.go:337.90,339.3 1 1
orbyte/internal/platform/integration/service.go:340.2,341.16 2 1
orbyte/internal/platform/integration/service.go:341.16,343.3 1 0
orbyte/internal/platform/integration/service.go:344.2,346.28 3 1
orbyte/internal/platform/integration/service.go:346.28,348.3 1 1
orbyte/internal/platform/integration/service.go:349.2,350.27 2 1
orbyte/internal/platform/integration/service.go:350.27,352.52 2 1
orbyte/internal/platform/integration/service.go:352.52,355.4 2 1
orbyte/internal/platform/integration/service.go:357.2,360.8 1 1
orbyte/internal/platform/integration/service.go:363.61,364.69 1 1
orbyte/internal/platform/integration/service.go:364.69,366.3 1 1
orbyte/internal/platform/integration/service.go:367.2,367.17 1 0
orbyte/internal/platform/integration/service.go:370.75,372.15 2 1
orbyte/internal/platform/integration/service.go:372.15,374.3 1 1
orbyte/internal/platform/integration/service.go:375.2,376.30 2 1
orbyte/internal/platform/integration/service.go:376.30,378.3 1 0
orbyte/internal/platform/integration/service.go:379.2,379.44 1 1
orbyte/internal/platform/shared/errors.go:20.31,22.2 1 1
orbyte/internal/platform/shared/errors.go:24.39,26.2 1 1
orbyte/internal/platform/shared/errors.go:28.37,30.2 1 1
orbyte/internal/platform/shared/errors.go:32.38,34.2 1 1
orbyte/internal/platform/shared/errors.go:36.41,38.2 1 1
orbyte/internal/platform/shared/errors.go:40.37,42.2 1 1
orbyte/internal/platform/shared/primitives.go:17.38,18.37 1 1
orbyte/internal/platform/shared/primitives.go:18.37,20.3 1 0
orbyte/internal/platform/shared/primitives.go:21.2,21.38 1 1
orbyte/internal/platform/shared/primitives.go:21.38,23.3 1 0
orbyte/internal/platform/shared/primitives.go:24.2,24.12 1 1
orbyte/internal/platform/shared/primitives.go:32.33,33.41 1 1
orbyte/internal/platform/shared/primitives.go:33.41,35.3 1 0
orbyte/internal/platform/shared/primitives.go:36.2,36.12 1 1
orbyte/internal/platform/shared/primitives.go:39.32,41.2 1 1
orbyte/internal/platform/shared/primitives.go:48.36,49.37 1 1
orbyte/internal/platform/shared/primitives.go:49.37,51.3 1 0
orbyte/internal/platform/shared/primitives.go:52.2,52.12 1 1
orbyte/internal/platform/shared/primitives.go:64.35,65.40 1 1
orbyte/internal/platform/shared/primitives.go:65.40,67.3 1 0
orbyte/internal/platform/shared/primitives.go:68.2,68.12 1 1
orbyte/internal/platform/shared/primitives.go:76.38,77.29 1 1
orbyte/internal/platform/shared/primitives.go:77.29,79.3 1 1
orbyte/internal/platform/shared/primitives.go:80.2,80.12 1 0
orbyte/internal/platform/store/postgres.go:17.39,19.15 2 1
orbyte/internal/platform/store/postgres.go:19.15,21.3 1 1
orbyte/internal/platform/store/postgres.go:22.2,23.16 2 0
orbyte/internal/platform/store/postgres.go:23.16,25.3 1 0
orbyte/internal/platform/store/postgres.go:26.2,26.34 1 0
orbyte/internal/platform/store/postgres.go:26.34,29.3 2 0
orbyte/internal/platform/store/postgres.go:30.2,31.31 2 0
orbyte/internal/platform/store/postgres.go:34.34,35.29 1 1
orbyte/internal/platform/store/postgres.go:35.29,37.3 1 1
orbyte/internal/platform/store/postgres.go:38.2,38.21 1 1
orbyte/internal/platform/store/postgres.go:41.34,42.15 1 1
orbyte/internal/platform/store/postgres.go:42.15,44.3 1 0
orbyte/internal/platform/store/postgres.go:45.2,48.96 4 1
orbyte/internal/platform/store/postgres.go:51.43,53.15 2 1
orbyte/internal/platform/store/postgres.go:53.15,55.3 1 0
orbyte/internal/platform/store/postgres.go:56.2,57.30 2 1
orbyte/internal/platform/store/postgres.go:57.30,59.3 1 0
orbyte/internal/platform/store/postgres.go:60.2,60.15 1 1
orbyte/internal/platform/store/postgres.go:63.75,65.15 2 1
orbyte/internal/platform/store/postgres.go:65.15,67.3 1 0
orbyte/internal/platform/store/postgres.go:68.2,69.30 2 1
orbyte/internal/platform/store/postgres.go:69.30,71.3 1 0
orbyte/internal/platform/store/postgres.go:72.2,72.44 1 1
orbyte/internal/platform/store/transaction_manager.go:16.76,18.2 1 1
orbyte/internal/platform/store/transaction_manager.go:20.98,22.16 2 1
orbyte/internal/platform/store/transaction_manager.go:22.16,24.3 1 0
orbyte/internal/platform/store/transaction_manager.go:25.2,25.15 1 1
orbyte/internal/platform/store/transaction_manager.go:25.15,27.3 1 1
orbyte/internal/platform/store/transaction_manager.go:28.2,28.31 1 1
orbyte/internal/platform/store/transaction_manager.go:28.31,30.3 1 1
orbyte/internal/platform/store/transaction_manager.go:31.2,31.20 1 1
orbyte/internal/platform/module/memory_repository.go:9.69,11.29 2 1
orbyte/internal/platform/module/memory_repository.go:11.29,13.3 1 0
orbyte/internal/platform/module/memory_repository.go:14.2,14.41 1 1
orbyte/internal/platform/module/memory_repository.go:17.68,20.2 2 1
orbyte/internal/platform/module/memory_repository.go:22.53,24.31 2 1
orbyte/internal/platform/module/memory_repository.go:24.31,26.3 1 1
orbyte/internal/platform/module/memory_repository.go:27.2,27.40 1 1
orbyte/internal/platform/module/memory_repository.go:27.40,27.78 1 1
orbyte/internal/platform/module/memory_repository.go:28.2,28.14 1 1
orbyte/internal/platform/module/memory_repository.go:31.61,34.2 2 1
orbyte/internal/platform/module/postgres_repository.go:12.60,14.2 1 0
orbyte/internal/platform/module/postgres_repository.go:16.70,23.16 4 0
orbyte/internal/platform/module/postgres_repository.go:23.16,25.3 1 0
orbyte/internal/platform/module/postgres_repository.go:26.2,26.19 1 0
orbyte/internal/platform/module/postgres_repository.go:29.55,35.16 3 0
orbyte/internal/platform/module/postgres_repository.go:35.16,37.3 1 0
orbyte/internal/platform/module/postgres_repository.go:38.2,40.18 3 0
orbyte/internal/platform/module/postgres_repository.go:40.18,42.95 2 0
orbyte/internal/platform/module/postgres_repository.go:42.95,43.12 1 0
orbyte/internal/platform/module/postgres_repository.go:45.3,45.30 1 0
orbyte/internal/platform/module/postgres_repository.go:47.2,47.14 1 0
orbyte/internal/platform/module/postgres_repository.go:50.63,60.2 3 0
orbyte/internal/platform/module/service.go:19.28,21.2 1 1
orbyte/internal/platform/module/service.go:23.57,25.2 1 1
orbyte/internal/platform/module/service.go:27.69,28.24 1 1
orbyte/internal/platform/module/service.go:28.24,30.3 1 0
orbyte/internal/platform/module/service.go:31.2,31.64 1 1
orbyte/internal/platform/module/service.go:31.64,33.3 1 1
orbyte/internal/platform/module/service.go:34.2,35.43 2 1
orbyte/internal/platform/module/service.go:35.43,37.3 1 0
orbyte/internal/platform/module/service.go:38.2,38.19 1 1
orbyte/internal/platform/module/service.go:38.19,40.3 1 0
orbyte/internal/platform/module/service.go:41.2,46.4 1 1
orbyte/internal/platform/module/service.go:49.35,52.29 3 1
orbyte/internal/platform/module/service.go:52.29,53.48 1 1
orbyte/internal/platform/module/service.go:53.48,55.4 1 1
orbyte/internal/platform/module/service.go:57.2,57.15 1 1
orbyte/internal/platform/module/service.go:60.50,62.9 2 1
orbyte/internal/platform/module/service.go:62.9,64.3 1 0
orbyte/internal/platform/module/service.go:65.2,66.9 2 1
orbyte/internal/platform/module/service.go:66.9,68.3 1 0
orbyte/internal/platform/module/service.go:69.2,69.39 1 1
orbyte/internal/platform/module/service.go:72.50,74.40 2 1
orbyte/internal/platform/module/service.go:74.40,74.96 1 1
orbyte/internal/platform/module/service.go:75.2,75.14 1 1
orbyte/internal/platform/module/service.go:78.60,80.34 2 1
orbyte/internal/platform/module/service.go:80.34,81.62 1 1
orbyte/internal/platform/module/service.go:81.62,89.4 1 1
orbyte/internal/platform/module/service.go:91.2,91.40 1 1
orbyte/internal/platform/module/service.go:91.40,92.47 1 0
orbyte/internal/platform/module/service.go:92.47,94.4 1 0
orbyte/internal/platform/module/service.go:95.3,95.49 1 0
orbyte/internal/platform/module/service.go:97.2,97.14 1 1
orbyte/internal/platform/module/service.go:100.53,102.39 2 1
orbyte/internal/platform/module/service.go:102.39,104.3 1 1
orbyte/internal/platform/module/service.go:105.2,105.14 1 1
orbyte/internal/platform/module/service.go:108.62,110.39 2 1
orbyte/internal/platform/module/service.go:110.39,112.3 1 1
orbyte/internal/platform/module/service.go:113.2,113.14 1 1
orbyte/internal/platform/module/service.go:116.72,118.39 2 1
orbyte/internal/platform/module/service.go:118.39,120.3 1 1
orbyte/internal/platform/module/service.go:121.2,121.14 1 1
orbyte/internal/platform/module/service.go:124.48,127.29 3 1
orbyte/internal/platform/module/service.go:127.29,129.3 1 1
orbyte/internal/platform/module/service.go:130.2,130.15 1 1
orbyte/internal/platform/module/service.go:133.44,135.2 1 1
orbyte/internal/platform/module/service.go:137.71,139.39 2 1
orbyte/internal/platform/module/service.go:139.39,140.48 1 1
orbyte/internal/platform/module/service.go:140.48,141.45 1 1
orbyte/internal/platform/module/service.go:141.45,143.5 1 1
orbyte/internal/platform/module/service.go:146.2,146.40 1 1
orbyte/internal/platform/module/service.go:146.40,147.39 1 0
orbyte/internal/platform/module/service.go:147.39,149.4 1 0
orbyte/internal/platform/module/service.go:150.3,150.41 1 0
orbyte/internal/platform/module/service.go:152.2,152.14 1 1
orbyte/internal/platform/module/service.go:155.48,157.2 1 1
orbyte/internal/platform/module/service.go:159.75,161.39 2 1
orbyte/internal/platform/module/service.go:161.39,162.50 1 1
orbyte/internal/platform/module/service.go:162.50,163.45 1 1
orbyte/internal/platform/module/service.go:163.45,165.5 1 1
orbyte/internal/platform/module/service.go:168.2,168.40 1 1
orbyte/internal/platform/module/service.go:168.40,168.78 1 0
orbyte/internal/platform/module/service.go:169.2,169.14 1 1
orbyte/internal/platform/module/service.go:172.44,174.2 1 1
orbyte/internal/platform/module/service.go:176.71,178.39 2 1
orbyte/internal/platform/module/service.go:178.39,179.48 1 1
orbyte/internal/platform/module/service.go:179.48,180.45 1 1
orbyte/internal/platform/module/service.go:180.45,182.5 1 1
orbyte/internal/platform/module/service.go:185.2,185.40 1 1
orbyte/internal/platform/module/service.go:185.40,185.78 1 0
orbyte/internal/platform/module/service.go:186.2,186.14 1 1
orbyte/internal/platform/module/service.go:189.59,191.2 1 1
orbyte/internal/platform/module/service.go:193.88,194.39 1 1
orbyte/internal/platform/module/service.go:194.39,195.48 1 1
orbyte/internal/platform/module/service.go:195.48,196.64 1 1
orbyte/internal/platform/module/service.go:196.64,198.5 1 1
orbyte/internal/platform/module/service.go:201.2,201.32 1 0
orbyte/internal/platform/module/service.go:204.59,206.2 1 1
orbyte/internal/platform/module/service.go:208.86,210.39 2 1
orbyte/internal/platform/module/service.go:210.39,211.56 1 1
orbyte/internal/platform/module/service.go:211.56,212.45 1 1
orbyte/internal/platform/module/service.go:212.45,214.5 1 1
orbyte/internal/platform/module/service.go:217.2,217.40 1 1
orbyte/internal/platform/module/service.go:217.40,217.78 1 0
orbyte/internal/platform/module/service.go:218.2,218.14 1 1
orbyte/internal/platform/module/service.go:221.60,223.2 1 0
orbyte/internal/platform/module/service.go:225.87,227.39 2 0
orbyte/internal/platform/module/service.go:227.39,228.56 1 0
orbyte/internal/platform/module/service.go:228.56,229.45 1 0
orbyte/internal/platform/module/service.go:229.45,231.5 1 0
orbyte/internal/platform/module/service.go:234.2,234.40 1 0
orbyte/internal/platform/module/service.go:234.40,234.78 1 0
orbyte/internal/platform/module/service.go:235.2,235.14 1 0
orbyte/internal/platform/module/service.go:238.104,239.39 1 0
orbyte/internal/platform/module/service.go:239.39,240.56 1 0
orbyte/internal/platform/module/service.go:240.56,241.64 1 0
orbyte/internal/platform/module/service.go:241.64,243.5 1 0
orbyte/internal/platform/module/service.go:246.2,246.40 1 0
orbyte/internal/platform/module/service.go:249.63,250.39 1 1
orbyte/internal/platform/module/service.go:250.39,251.43 1 1
orbyte/internal/platform/module/service.go:251.43,252.25 1 1
orbyte/internal/platform/module/service.go:252.25,254.5 1 1
orbyte/internal/platform/module/service.go:257.2,257.34 1 0
orbyte/internal/platform/module/service.go:260.50,262.39 2 0
orbyte/internal/platform/module/service.go:262.39,264.3 1 0
orbyte/internal/platform/module/service.go:265.2,265.40 1 0
orbyte/internal/platform/module/service.go:265.40,265.78 1 0
orbyte/internal/platform/module/service.go:266.2,266.14 1 0
orbyte/internal/platform/module/service.go:269.58,271.39 2 0
orbyte/internal/platform/module/service.go:271.39,273.3 1 0
orbyte/internal/platform/module/service.go:274.2,274.40 1 0
orbyte/internal/platform/module/service.go:274.40,274.78 1 0
orbyte/internal/platform/module/service.go:275.2,275.14 1 0
orbyte/internal/platform/module/service.go:278.48,280.39 2 0
orbyte/internal/platform/module/service.go:280.39,282.3 1 0
orbyte/internal/platform/module/service.go:283.2,283.40 1 0
orbyte/internal/platform/module/service.go:283.40,283.78 1 0
orbyte/internal/platform/module/service.go:284.2,284.14 1 0
orbyte/internal/platform/module/service.go:287.52,289.39 2 0
orbyte/internal/platform/module/service.go:289.39,291.3 1 0
orbyte/internal/platform/module/service.go:292.2,292.40 1 0
orbyte/internal/platform/module/service.go:292.40,292.78 1 0
orbyte/internal/platform/module/service.go:293.2,293.14 1 0
orbyte/internal/platform/module/service.go:296.67,297.39 1 0
orbyte/internal/platform/module/service.go:297.39,298.43 1 0
orbyte/internal/platform/module/service.go:298.43,299.23 1 0
orbyte/internal/platform/module/service.go:299.23,301.5 1 0
orbyte/internal/platform/module/service.go:304.2,304.36 1 0
orbyte/internal/platform/module/service.go:307.65,308.39 1 1
orbyte/internal/platform/module/service.go:308.39,309.43 1 1
orbyte/internal/platform/module/service.go:309.43,310.23 1 1
orbyte/internal/platform/module/service.go:310.23,312.5 1 1
orbyte/internal/platform/module/service.go:315.2,315.35 1 0
orbyte/internal/platform/module/service.go:318.78,319.39 1 0
orbyte/internal/platform/module/service.go:319.39,320.47 1 0
orbyte/internal/platform/module/service.go:320.47,321.23 1 0
orbyte/internal/platform/module/service.go:321.23,323.5 1 0
orbyte/internal/platform/module/service.go:326.2,326.39 1 0
orbyte/internal/platform/module/service.go:329.78,331.19 2 1
orbyte/internal/platform/module/service.go:331.19,333.3 1 0
orbyte/internal/platform/module/service.go:334.2,334.39 1 1
orbyte/internal/platform/module/service.go:334.39,335.47 1 1
orbyte/internal/platform/module/service.go:335.47,336.27 1 1
orbyte/internal/platform/module/service.go:336.27,338.5 1 1
orbyte/internal/platform/module/service.go:341.2,341.39 1 0
orbyte/internal/platform/module/service.go:344.63,345.39 1 1
orbyte/internal/platform/module/service.go:345.39,346.42 1 1
orbyte/internal/platform/module/service.go:346.42,347.23 1 1
orbyte/internal/platform/module/service.go:347.23,349.5 1 1
orbyte/internal/platform/module/service.go:352.2,352.34 1 0
orbyte/internal/platform/module/service.go:355.68,357.39 2 0
orbyte/internal/platform/module/service.go:357.39,358.33 1 0
orbyte/internal/platform/module/service.go:358.33,359.12 1 0
orbyte/internal/platform/module/service.go:361.3,361.56 1 0
orbyte/internal/platform/module/service.go:363.2,363.40 1 0
orbyte/internal/platform/module/service.go:363.40,363.86 1 0
orbyte/internal/platform/module/service.go:364.2,364.14 1 0
orbyte/internal/platform/module/service.go:367.70,369.39 2 0
orbyte/internal/platform/module/service.go:369.39,370.33 1 0
orbyte/internal/platform/module/service.go:370.33,371.12 1 0
orbyte/internal/platform/module/service.go:373.3,373.57 1 0
orbyte/internal/platform/module/service.go:375.2,375.40 1 0
orbyte/internal/platform/module/service.go:375.40,375.88 1 0
orbyte/internal/platform/module/service.go:376.2,376.14 1 0
orbyte/internal/platform/module/service.go:379.66,381.39 2 0
orbyte/internal/platform/module/service.go:381.39,382.33 1 0
orbyte/internal/platform/module/service.go:382.33,383.12 1 0
orbyte/internal/platform/module/service.go:385.3,385.55 1 0
orbyte/internal/platform/module/service.go:387.2,387.40 1 0
orbyte/internal/platform/module/service.go:387.40,387.80 1 0
orbyte/internal/platform/module/service.go:388.2,388.14 1 0
orbyte/internal/platform/module/service.go:391.60,393.39 2 0
orbyte/internal/platform/module/service.go:393.39,394.33 1 0
orbyte/internal/platform/module/service.go:394.33,395.12 1 0
orbyte/internal/platform/module/service.go:397.3,397.52 1 0
orbyte/internal/platform/module/service.go:399.2,399.40 1 0
orbyte/internal/platform/module/service.go:399.40,399.88 1 0
orbyte/internal/platform/module/service.go:400.2,400.14 1 0
orbyte/internal/platform/module/service.go:403.87,404.39 1 0
orbyte/internal/platform/module/service.go:404.39,405.33 1 0
orbyte/internal/platform/module/service.go:405.33,406.12 1 0
orbyte/internal/platform/module/service.go:408.3,408.52 1 0
orbyte/internal/platform/module/service.go:408.52,409.31 1 0
orbyte/internal/platform/module/service.go:409.31,411.5 1 0
orbyte/internal/platform/module/service.go:414.2,414.44 1 0
orbyte/internal/platform/module/service.go:417.90,418.39 1 0
orbyte/internal/platform/module/service.go:418.39,419.33 1 0
orbyte/internal/platform/module/service.go:419.33,420.12 1 0
orbyte/internal/platform/module/service.go:422.3,422.53 1 0
orbyte/internal/platform/module/service.go:422.53,423.33 1 0
orbyte/internal/platform/module/service.go:423.33,425.5 1 0
orbyte/internal/platform/module/service.go:428.2,428.45 1 0
orbyte/internal/platform/module/service.go:431.90,432.39 1 0
orbyte/internal/platform/module/service.go:432.39,433.33 1 0
orbyte/internal/platform/module/service.go:433.33,434.12 1 0
orbyte/internal/platform/module/service.go:436.3,436.51 1 0
orbyte/internal/platform/module/service.go:436.51,437.33 1 0
orbyte/internal/platform/module/service.go:437.33,439.5 1 0
orbyte/internal/platform/module/service.go:442.2,442.43 1 0
orbyte/internal/platform/module/service.go:445.80,446.39 1 0
orbyte/internal/platform/module/service.go:446.39,447.33 1 0
orbyte/internal/platform/module/service.go:447.33,448.12 1 0
orbyte/internal/platform/module/service.go:450.3,450.48 1 0
orbyte/internal/platform/module/service.go:450.48,451.33 1 0
orbyte/internal/platform/module/service.go:451.33,453.5 1 0
orbyte/internal/platform/module/service.go:456.2,456.40 1 0
orbyte/internal/platform/module/service.go:459.69,461.2 1 1
orbyte/internal/platform/module/service.go:463.98,465.19 2 1
orbyte/internal/platform/module/service.go:465.19,467.3 1 0
orbyte/internal/platform/module/service.go:468.2,468.39 1 1
orbyte/internal/platform/module/service.go:468.39,469.33 1 1
orbyte/internal/platform/module/service.go:469.33,470.12 1 1
orbyte/internal/platform/module/service.go:472.3,472.52 1 1
orbyte/internal/platform/module/service.go:472.52,473.48 1 1
orbyte/internal/platform/module/service.go:473.48,474.13 1 1
orbyte/internal/platform/module/service.go:476.4,476.35 1 1
orbyte/internal/platform/module/service.go:476.35,477.13 1 1
orbyte/internal/platform/module/service.go:479.4,485.28 2 1
orbyte/internal/platform/module/service.go:485.28,486.66 1 0
orbyte/internal/platform/module/service.go:486.66,488.6 1 0
orbyte/internal/platform/module/service.go:490.4,490.35 1 1
orbyte/internal/platform/module/service.go:490.35,491.59 1 1
orbyte/internal/platform/module/service.go:491.59,492.86 1 1
orbyte/internal/platform/module/service.go:492.86,495.12 3 1
orbyte/internal/platform/module/service.go:499.4,499.28 1 1
orbyte/internal/platform/module/service.go:499.28,500.58 1 0
orbyte/internal/platform/module/service.go:500.58,501.77 1 0
orbyte/internal/platform/module/service.go:501.77,504.12 3 0
orbyte/internal/platform/module/service.go:508.4,508.27 1 1
orbyte/internal/platform/module/service.go:511.2,511.33 1 1
orbyte/internal/platform/module/service.go:514.60,516.21 2 1
orbyte/internal/platform/module/service.go:516.21,518.3 1 1
orbyte/internal/platform/module/service.go:519.2,519.51 1 1
orbyte/internal/platform/module/service.go:519.51,521.3 1 1
orbyte/internal/platform/module/service.go:522.2,522.61 1 1
orbyte/internal/platform/module/service.go:525.46,528.2 2 1
orbyte/internal/platform/module/service.go:530.72,532.2 1 1
orbyte/internal/platform/module/service.go:534.73,536.2 1 1
orbyte/internal/platform/module/service.go:538.90,540.9 2 1
orbyte/internal/platform/module/service.go:540.9,542.3 1 0
orbyte/internal/platform/module/service.go:543.2,543.13 1 1
orbyte/internal/platform/module/service.go:543.13,544.69 1 1
orbyte/internal/platform/module/service.go:544.69,545.49 1 1
orbyte/internal/platform/module/service.go:545.49,546.13 1 0
orbyte/internal/platform/module/service.go:548.4,548.42 1 1
orbyte/internal/platform/module/service.go:548.42,550.5 1 0
orbyte/internal/platform/module/service.go:551.4,551.37 1 1
orbyte/internal/platform/module/service.go:551.37,553.12 2 1
orbyte/internal/platform/module/service.go:553.12,555.6 1 0
orbyte/internal/platform/module/service.go:556.5,557.19 2 1
orbyte/internal/platform/module/service.go:557.19,559.6 1 0
orbyte/internal/platform/module/service.go:560.5,560.20 1 1
orbyte/internal/platform/module/service.go:560.20,562.6 1 1
orbyte/internal/platform/module/service.go:565.8,566.48 1 1
orbyte/internal/platform/module/service.go:566.48,567.51 1 1
orbyte/internal/platform/module/service.go:567.51,568.13 1 1
orbyte/internal/platform/module/service.go:570.4,570.62 1 1
orbyte/internal/platform/module/service.go:570.62,571.50 1 1
orbyte/internal/platform/module/service.go:571.50,572.14 1 0
orbyte/internal/platform/module/service.go:574.5,574.36 1 1
orbyte/internal/platform/module/service.go:574.36,576.6 1 1
orbyte/internal/platform/module/service.go:580.2,580.19 1 1
orbyte/internal/platform/module/service.go:580.19,582.3 1 0
orbyte/internal/platform/module/service.go:583.2,586.42 4 1
orbyte/internal/platform/module/service.go:586.42,588.3 1 0
orbyte/internal/platform/module/service.go:589.2,589.18 1 1
orbyte/internal/platform/module/service.go:592.74,596.42 4 1
orbyte/internal/platform/module/service.go:596.42,606.59 4 1
orbyte/internal/platform/module/service.go:606.59,608.37 2 1
orbyte/internal/platform/module/service.go:608.37,610.5 1 0
orbyte/internal/platform/module/service.go:610.10,610.104 1 1
orbyte/internal/platform/module/service.go:610.104,612.20 2 1
orbyte/internal/platform/module/service.go:612.20,614.6 1 1
orbyte/internal/platform/module/service.go:615.10,617.5 1 0
orbyte/internal/platform/module/service.go:618.9,620.4 1 0
orbyte/internal/platform/module/service.go:621.3,621.60 1 1
orbyte/internal/platform/module/service.go:621.60,624.4 2 0
orbyte/internal/platform/module/service.go:625.3,625.87 1 1
orbyte/internal/platform/module/service.go:625.87,627.4 1 0
orbyte/internal/platform/module/service.go:628.3,628.48 1 1
orbyte/internal/platform/module/service.go:630.2,630.46 1 1
orbyte/internal/platform/module/service.go:630.46,630.108 1 0
orbyte/internal/platform/module/service.go:631.2,637.3 1 1
orbyte/internal/platform/module/service.go:640.78,641.43 1 1
orbyte/internal/platform/module/service.go:641.43,643.3 1 0
orbyte/internal/platform/module/service.go:644.2,670.43 26 1
orbyte/internal/platform/module/service.go:670.43,680.3 9 1
orbyte/internal/platform/module/service.go:681.2,681.60 1 1
orbyte/internal/platform/module/service.go:681.60,682.52 1 1
orbyte/internal/platform/module/service.go:682.52,684.4 1 0
orbyte/internal/platform/module/service.go:685.3,685.28 1 1
orbyte/internal/platform/module/service.go:685.28,687.4 1 0
orbyte/internal/platform/module/service.go:688.3,688.36 1 1
orbyte/internal/platform/module/service.go:688.36,689.167 1 1
orbyte/internal/platform/module/service.go:689.167,691.5 1 1
orbyte/internal/platform/module/service.go:694.2,694.50 1 1
orbyte/internal/platform/module/service.go:694.50,695.91 1 0
orbyte/internal/platform/module/service.go:695.91,697.4 1 0
orbyte/internal/platform/module/service.go:698.3,698.76 1 0
orbyte/internal/platform/module/service.go:698.76,700.4 1 0
orbyte/internal/platform/module/service.go:701.3,701.45 1 0
orbyte/internal/platform/module/service.go:703.2,703.59 1 1
orbyte/internal/platform/module/service.go:703.59,704.44 1 0
orbyte/internal/platform/module/service.go:704.44,706.4 1 0
orbyte/internal/platform/module/service.go:707.3,707.45 1 0
orbyte/internal/platform/module/service.go:709.2,709.41 1 1
orbyte/internal/platform/module/service.go:709.41,710.130 1 0
orbyte/internal/platform/module/service.go:710.130,712.4 1 0
orbyte/internal/platform/module/service.go:713.3,713.72 1 0
orbyte/internal/platform/module/service.go:713.72,715.4 1 0
orbyte/internal/platform/module/service.go:716.3,716.41 1 0
orbyte/internal/platform/module/service.go:718.2,718.59 1 1
orbyte/internal/platform/module/service.go:718.59,719.140 1 1
orbyte/internal/platform/module/service.go:719.140,721.4 1 0
orbyte/internal/platform/module/service.go:722.3,722.76 1 1
orbyte/internal/platform/module/service.go:722.76,724.4 1 0
orbyte/internal/platform/module/service.go:725.3,725.45 1 1
orbyte/internal/platform/module/service.go:727.2,727.55 1 1
orbyte/internal/platform/module/service.go:727.55,728.78 1 1
orbyte/internal/platform/module/service.go:728.78,730.4 1 0
orbyte/internal/platform/module/service.go:731.3,731.72 1 1
orbyte/internal/platform/module/service.go:731.72,733.4 1 0
orbyte/internal/platform/module/service.go:734.3,734.53 1 1
orbyte/internal/platform/module/service.go:734.53,735.48 1 1
orbyte/internal/platform/module/service.go:735.48,737.5 1 1
orbyte/internal/platform/module/service.go:739.3,739.41 1 1
orbyte/internal/platform/module/service.go:741.2,741.53 1 1
orbyte/internal/platform/module/service.go:741.53,742.118 1 0
orbyte/internal/platform/module/service.go:742.118,744.4 1 0
orbyte/internal/platform/module/service.go:745.3,745.70 1 0
orbyte/internal/platform/module/service.go:745.70,747.4 1 0
orbyte/internal/platform/module/service.go:748.3,748.39 1 0
orbyte/internal/platform/module/service.go:750.2,750.64 1 1
orbyte/internal/platform/module/service.go:750.64,751.46 1 0
orbyte/internal/platform/module/service.go:751.46,753.4 1 0
orbyte/internal/platform/module/service.go:754.3,754.76 1 0
orbyte/internal/platform/module/service.go:754.76,756.4 1 0
orbyte/internal/platform/module/service.go:757.3,757.45 1 0
orbyte/internal/platform/module/service.go:759.2,759.62 1 1
orbyte/internal/platform/module/service.go:759.62,760.89 1 0
orbyte/internal/platform/module/service.go:760.89,762.4 1 0
orbyte/internal/platform/module/service.go:763.3,763.74 1 0
orbyte/internal/platform/module/service.go:763.74,765.4 1 0
orbyte/internal/platform/module/service.go:766.3,766.43 1 0
orbyte/internal/platform/module/service.go:768.2,768.56 1 1
orbyte/internal/platform/module/service.go:768.56,769.83 1 0
orbyte/internal/platform/module/service.go:769.83,771.4 1 0
orbyte/internal/platform/module/service.go:772.3,772.68 1 0
orbyte/internal/platform/module/service.go:772.68,774.4 1 0
orbyte/internal/platform/module/service.go:775.3,775.37 1 0
orbyte/internal/platform/module/service.go:777.2,777.44 1 1
orbyte/internal/platform/module/service.go:777.44,778.132 1 0
orbyte/internal/platform/module/service.go:778.132,780.4 1 0
orbyte/internal/platform/module/service.go:781.3,781.70 1 0
orbyte/internal/platform/module/service.go:781.70,783.4 1 0
orbyte/internal/platform/module/service.go:784.3,784.81 1 0
orbyte/internal/platform/module/service.go:784.81,786.4 1 0
orbyte/internal/platform/module/service.go:787.3,787.39 1 0
orbyte/internal/platform/module/service.go:789.2,789.56 1 1
orbyte/internal/platform/module/service.go:789.56,790.82 1 1
orbyte/internal/platform/module/service.go:790.82,792.4 1 0
orbyte/internal/platform/module/service.go:793.3,793.68 1 1
orbyte/internal/platform/module/service.go:793.68,795.4 1 0
orbyte/internal/platform/module/service.go:796.3,796.37 1 1
orbyte/internal/platform/module/service.go:798.2,798.60 1 1
orbyte/internal/platform/module/service.go:798.60,799.44 1 0
orbyte/internal/platform/module/service.go:799.44,801.4 1 0
orbyte/internal/platform/module/service.go:802.3,802.72 1 0
orbyte/internal/platform/module/service.go:802.72,804.4 1 0
orbyte/internal/platform/module/service.go:805.3,805.41 1 0
orbyte/internal/platform/module/service.go:807.2,807.66 1 1
orbyte/internal/platform/module/service.go:807.66,808.48 1 0
orbyte/internal/platform/module/service.go:808.48,810.4 1 0
orbyte/internal/platform/module/service.go:811.3,811.79 1 0
orbyte/internal/platform/module/service.go:811.79,813.4 1 0
orbyte/internal/platform/module/service.go:814.3,814.48 1 0
orbyte/internal/platform/module/service.go:816.2,816.38 1 1
orbyte/internal/platform/module/service.go:816.38,817.83 1 0
orbyte/internal/platform/module/service.go:817.83,819.4 1 0
orbyte/internal/platform/module/service.go:820.3,820.64 1 0
orbyte/internal/platform/module/service.go:820.64,822.4 1 0
orbyte/internal/platform/module/service.go:823.3,823.33 1 0
orbyte/internal/platform/module/service.go:825.2,825.47 1 1
orbyte/internal/platform/module/service.go:825.47,826.126 1 0
orbyte/internal/platform/module/service.go:826.126,828.4 1 0
orbyte/internal/platform/module/service.go:829.3,829.73 1 0
orbyte/internal/platform/module/service.go:829.73,831.4 1 0
orbyte/internal/platform/module/service.go:832.3,832.27 1 0
orbyte/internal/platform/module/service.go:833.19,834.51 1 0
orbyte/internal/platform/module/service.go:834.51,836.5 1 0
orbyte/internal/platform/module/service.go:837.4,837.72 1 0
orbyte/internal/platform/module/service.go:837.72,839.5 1 0
orbyte/internal/platform/module/service.go:840.16,841.47 1 0
orbyte/internal/platform/module/service.go:841.47,843.5 1 0
orbyte/internal/platform/module/service.go:844.4,844.44 1 0
orbyte/internal/platform/module/service.go:844.44,846.5 1 0
orbyte/internal/platform/module/service.go:847.21,848.52 1 0
orbyte/internal/platform/module/service.go:848.52,850.5 1 0
orbyte/internal/platform/module/service.go:851.4,851.54 1 0
orbyte/internal/platform/module/service.go:851.54,853.5 1 0
orbyte/internal/platform/module/service.go:854.11,855.67 1 0
orbyte/internal/platform/module/service.go:857.3,857.42 1 0
orbyte/internal/platform/module/service.go:859.2,859.51 1 1
orbyte/internal/platform/module/service.go:859.51,860.83 1 0
orbyte/internal/platform/module/service.go:860.83,862.4 1 0
orbyte/internal/platform/module/service.go:863.3,863.49 1 0
orbyte/internal/platform/module/service.go:863.49,865.4 1 0
orbyte/internal/platform/module/service.go:867.2,867.52 1 1
orbyte/internal/platform/module/service.go:867.52,868.84 1 0
orbyte/internal/platform/module/service.go:868.84,870.4 1 0
orbyte/internal/platform/module/service.go:871.3,871.49 1 0
orbyte/internal/platform/module/service.go:871.49,873.4 1 0
orbyte/internal/platform/module/service.go:875.2,875.50 1 1
orbyte/internal/platform/module/service.go:875.50,876.80 1 0
orbyte/internal/platform/module/service.go:876.80,878.4 1 0
orbyte/internal/platform/module/service.go:879.3,879.45 1 0
orbyte/internal/platform/module/service.go:879.45,881.4 1 0
orbyte/internal/platform/module/service.go:883.2,883.47 1 1
orbyte/internal/platform/module/service.go:883.47,884.84 1 0
orbyte/internal/platform/module/service.go:884.84,886.4 1 0
orbyte/internal/platform/module/service.go:887.3,887.42 1 0
orbyte/internal/platform/module/service.go:887.42,889.4 1 0
orbyte/internal/platform/module/service.go:892.2,892.47 1 1
orbyte/internal/platform/module/service.go:892.47,893.83 1 1
orbyte/internal/platform/module/service.go:893.83,895.4 1 0
orbyte/internal/platform/module/service.go:896.3,896.64 1 1
orbyte/internal/platform/module/service.go:896.64,898.4 1 0
orbyte/internal/platform/module/service.go:899.3,899.33 1 1
orbyte/internal/platform/module/service.go:901.2,901.47 1 1
orbyte/internal/platform/module/service.go:901.47,902.78 1 1
orbyte/internal/platform/module/service.go:902.78,904.4 1 0
orbyte/internal/platform/module/service.go:905.3,905.45 1 1
orbyte/internal/platform/module/service.go:905.45,906.43 1 0
orbyte/internal/platform/module/service.go:906.43,908.5 1 0
orbyte/internal/platform/module/service.go:910.3,910.47 1 1
orbyte/internal/platform/module/service.go:910.47,911.47 1 0
orbyte/internal/platform/module/service.go:911.47,913.5 1 0
orbyte/internal/platform/module/service.go:915.3,915.39 1 1
orbyte/internal/platform/module/service.go:915.39,916.83 1 0
orbyte/internal/platform/module/service.go:916.83,918.5 1 0
orbyte/internal/platform/module/service.go:920.3,920.39 1 1
orbyte/internal/platform/module/service.go:920.39,921.83 1 0
orbyte/internal/platform/module/service.go:921.83,923.5 1 0
orbyte/internal/platform/module/service.go:925.3,925.41 1 1
orbyte/internal/platform/module/service.go:925.41,926.86 1 0
orbyte/internal/platform/module/service.go:926.86,928.5 1 0
orbyte/internal/platform/module/service.go:930.3,930.33 1 1
orbyte/internal/platform/module/service.go:930.33,931.78 1 0
orbyte/internal/platform/module/service.go:931.78,933.5 1 0
orbyte/internal/platform/module/service.go:935.3,935.37 1 1
orbyte/internal/platform/module/service.go:935.37,936.120 1 0
orbyte/internal/platform/module/service.go:936.120,938.5 1 0
orbyte/internal/platform/module/service.go:940.3,940.45 1 1
orbyte/internal/platform/module/service.go:940.45,941.129 1 0
orbyte/internal/platform/module/service.go:941.129,943.5 1 0
orbyte/internal/platform/module/service.go:945.3,945.51 1 1
orbyte/internal/platform/module/service.go:945.51,946.95 1 0
orbyte/internal/platform/module/service.go:946.95,948.5 1 0
orbyte/internal/platform/module/service.go:950.3,950.35 1 1
orbyte/internal/platform/module/service.go:950.35,951.79 1 0
orbyte/internal/platform/module/service.go:951.79,953.5 1 0
orbyte/internal/platform/module/service.go:955.3,955.64 1 1
orbyte/internal/platform/module/service.go:955.64,957.4 1 0
orbyte/internal/platform/module/service.go:958.3,958.33 1 1
orbyte/internal/platform/module/service.go:960.2,960.56 1 1
orbyte/internal/platform/module/service.go:960.56,961.179 1 1
orbyte/internal/platform/module/service.go:961.179,963.4 1 0
orbyte/internal/platform/module/service.go:964.3,964.73 1 1
orbyte/internal/platform/module/service.go:964.73,966.4 1 0
orbyte/internal/platform/module/service.go:967.3,967.42 1 1
orbyte/internal/platform/module/service.go:969.2,969.55 1 1
orbyte/internal/platform/module/service.go:969.55,970.175 1 0
orbyte/internal/platform/module/service.go:970.175,972.4 1 0
orbyte/internal/platform/module/service.go:973.3,973.64 1 0
orbyte/internal/platform/module/service.go:973.64,975.4 1 0
orbyte/internal/platform/module/service.go:976.3,976.60 1 0
orbyte/internal/platform/module/service.go:976.60,978.4 1 0
orbyte/internal/platform/module/service.go:979.3,981.35 3 0
orbyte/internal/platform/module/service.go:981.35,982.80 1 0
orbyte/internal/platform/module/service.go:982.80,984.5 1 0
orbyte/internal/platform/module/service.go:985.4,985.26 1 0
orbyte/internal/platform/module/service.go:985.26,987.5 1 0
orbyte/internal/platform/module/service.go:988.4,989.32 2 0
orbyte/internal/platform/module/service.go:989.32,991.5 1 0
orbyte/internal/platform/module/service.go:992.4,992.40 1 0
orbyte/internal/platform/module/service.go:992.40,993.127 1 0
orbyte/internal/platform/module/service.go:993.127,995.6 1 0
orbyte/internal/platform/module/service.go:996.5,996.55 1 0
orbyte/internal/platform/module/service.go:996.55,998.6 1 0
orbyte/internal/platform/module/service.go:999.5,999.27 1 0
orbyte/internal/platform/module/service.go:999.27,1001.6 1 0
orbyte/internal/platform/module/service.go:1004.3,1004.35 1 0
orbyte/internal/platform/module/service.go:1004.35,1005.80 1 0
orbyte/internal/platform/module/service.go:1005.80,1007.5 1 0
orbyte/internal/platform/module/service.go:1008.4,1008.40 1 0
orbyte/internal/platform/module/service.go:1008.40,1009.88 1 0
orbyte/internal/platform/module/service.go:1009.88,1011.6 1 0
orbyte/internal/platform/module/service.go:1012.5,1012.36 1 0
orbyte/internal/platform/module/service.go:1012.36,1014.6 1 0
orbyte/internal/platform/module/service.go:1017.3,1017.24 1 0
orbyte/internal/platform/module/service.go:1017.24,1019.4 1 0
orbyte/internal/platform/module/service.go:1020.3,1020.33 1 0
orbyte/internal/platform/module/service.go:1022.2,1022.42 1 1
orbyte/internal/platform/module/service.go:1022.42,1023.84 1 1
orbyte/internal/platform/module/service.go:1023.84,1025.4 1 0
orbyte/internal/platform/module/service.go:1026.3,1026.68 1 1
orbyte/internal/platform/module/service.go:1026.68,1028.4 1 0
orbyte/internal/platform/module/service.go:1029.3,1029.37 1 1
orbyte/internal/platform/module/service.go:1031.2,1033.46 3 1
orbyte/internal/platform/module/service.go:1033.46,1034.116 1 1
orbyte/internal/platform/module/service.go:1034.116,1036.4 1 0
orbyte/internal/platform/module/service.go:1037.3,1037.71 1 1
orbyte/internal/platform/module/service.go:1037.71,1039.4 1 0
orbyte/internal/platform/module/service.go:1040.3,1040.66 1 1
orbyte/internal/platform/module/service.go:1040.66,1042.4 1 0
orbyte/internal/platform/module/service.go:1043.3,1045.38 3 1
orbyte/internal/platform/module/service.go:1047.2,1047.42 1 1
orbyte/internal/platform/module/service.go:1047.42,1048.166 1 0
orbyte/internal/platform/module/service.go:1048.166,1050.4 1 0
orbyte/internal/platform/module/service.go:1051.3,1051.47 1 0
orbyte/internal/platform/module/service.go:1052.25,1052.25 0 0
orbyte/internal/platform/module/service.go:1053.11,1054.65 1 0
orbyte/internal/platform/module/service.go:1056.3,1056.68 1 0
orbyte/internal/platform/module/service.go:1056.68,1058.4 1 0
orbyte/internal/platform/module/service.go:1059.3,1060.38 2 0
orbyte/internal/platform/module/service.go:1062.2,1063.41 2 1
orbyte/internal/platform/module/service.go:1063.41,1064.124 1 1
orbyte/internal/platform/module/service.go:1064.124,1066.4 1 0
orbyte/internal/platform/module/service.go:1067.3,1067.66 1 1
orbyte/internal/platform/module/service.go:1067.66,1069.4 1 0
orbyte/internal/platform/module/service.go:1070.3,1070.92 1 1
orbyte/internal/platform/module/service.go:1070.92,1072.4 1 0
orbyte/internal/platform/module/service.go:1073.3,1073.92 1 1
orbyte/internal/platform/module/service.go:1073.92,1075.4 1 0
orbyte/internal/platform/module/service.go:1076.3,1076.44 1 1
orbyte/internal/platform/module/service.go:1076.44,1077.41 1 0
orbyte/internal/platform/module/service.go:1077.41,1079.5 1 0
orbyte/internal/platform/module/service.go:1081.3,1081.51 1 1
orbyte/internal/platform/module/service.go:1081.51,1082.56 1 1
orbyte/internal/platform/module/service.go:1082.56,1084.5 1 0
orbyte/internal/platform/module/service.go:1086.3,1086.51 1 1
orbyte/internal/platform/module/service.go:1086.51,1087.52 1 0
orbyte/internal/platform/module/service.go:1087.52,1089.5 1 0
orbyte/internal/platform/module/service.go:1091.3,1092.33 2 1
orbyte/internal/platform/module/service.go:1094.2,1094.42 1 1
orbyte/internal/platform/module/service.go:1094.42,1095.122 1 1
orbyte/internal/platform/module/service.go:1095.122,1097.4 1 0
orbyte/internal/platform/module/service.go:1098.3,1098.67 1 1
orbyte/internal/platform/module/service.go:1098.67,1100.4 1 0
orbyte/internal/platform/module/service.go:1101.3,1101.43 1 1
orbyte/internal/platform/module/service.go:1101.43,1102.42 1 1
orbyte/internal/platform/module/service.go:1102.42,1103.43 1 1
orbyte/internal/platform/module/service.go:1103.43,1105.6 1 1
orbyte/internal/platform/module/service.go:1108.3,1108.36 1 1
orbyte/internal/platform/module/service.go:1110.2,1110.46 1 1
orbyte/internal/platform/module/service.go:1110.46,1111.43 1 1
orbyte/internal/platform/module/service.go:1111.43,1112.42 1 0
orbyte/internal/platform/module/service.go:1112.42,1113.43 1 0
orbyte/internal/platform/module/service.go:1113.43,1115.6 1 0
orbyte/internal/platform/module/service.go:1119.2,1121.55 3 1
orbyte/internal/platform/module/service.go:1121.55,1123.3 1 0
orbyte/internal/platform/module/service.go:1124.2,1124.43 1 1
orbyte/internal/platform/module/service.go:1124.43,1125.51 1 1
orbyte/internal/platform/module/service.go:1125.51,1127.4 1 1
orbyte/internal/platform/module/service.go:1128.3,1128.56 1 1
orbyte/internal/platform/module/service.go:1128.56,1130.4 1 0
orbyte/internal/platform/module/service.go:1131.3,1131.55 1 1
orbyte/internal/platform/module/service.go:1131.55,1133.4 1 0
orbyte/internal/platform/module/service.go:1135.2,1135.51 1 1
orbyte/internal/platform/module/service.go:1135.51,1136.87 1 1
orbyte/internal/platform/module/service.go:1136.87,1138.4 1 0
orbyte/internal/platform/module/service.go:1139.3,1139.68 1 1
orbyte/internal/platform/module/service.go:1139.68,1141.4 1 0
orbyte/internal/platform/module/service.go:1142.3,1142.77 1 1
orbyte/internal/platform/module/service.go:1142.77,1144.4 1 1
orbyte/internal/platform/module/service.go:1145.3,1147.132 3 1
orbyte/internal/platform/module/service.go:1147.132,1148.12 1 1
orbyte/internal/platform/module/service.go:1150.3,1150.28 1 1
orbyte/internal/platform/module/service.go:1151.26,1152.47 1 1
orbyte/internal/platform/module/service.go:1152.47,1154.5 1 0
orbyte/internal/platform/module/service.go:1155.4,1155.43 1 1
orbyte/internal/platform/module/service.go:1155.43,1157.5 1 0
orbyte/internal/platform/module/service.go:1158.25,1159.54 1 1
orbyte/internal/platform/module/service.go:1159.54,1161.5 1 0
orbyte/internal/platform/module/service.go:1162.4,1162.58 1 1
orbyte/internal/platform/module/service.go:1162.58,1164.5 1 0
orbyte/internal/platform/module/service.go:1165.23,1166.47 1 0
orbyte/internal/platform/module/service.go:1166.47,1168.5 1 0
orbyte/internal/platform/module/service.go:1169.4,1169.77 1 0
orbyte/internal/platform/module/service.go:1169.77,1171.5 1 0
orbyte/internal/platform/module/service.go:1172.11,1173.61 1 0
orbyte/internal/platform/module/service.go:1176.2,1176.47 1 1
orbyte/internal/platform/module/service.go:1176.47,1177.44 1 1
orbyte/internal/platform/module/service.go:1177.44,1179.4 1 0
orbyte/internal/platform/module/service.go:1181.2,1181.56 1 1
orbyte/internal/platform/module/service.go:1181.56,1182.45 1 1
orbyte/internal/platform/module/service.go:1182.45,1184.4 1 0
orbyte/internal/platform/module/service.go:1185.3,1185.76 1 1
orbyte/internal/platform/module/service.go:1185.76,1187.4 1 0
orbyte/internal/platform/module/service.go:1189.2,1189.55 1 1
orbyte/internal/platform/module/service.go:1189.55,1190.75 1 0
orbyte/internal/platform/module/service.go:1190.75,1192.4 1 0
orbyte/internal/platform/module/service.go:1193.3,1193.44 1 0
orbyte/internal/platform/module/service.go:1195.2,1195.12 1 1
orbyte/internal/platform/module/service.go:1198.59,1200.2 1 1
orbyte/internal/platform/module/service.go:1202.78,1203.14 1 1
orbyte/internal/platform/module/service.go:1203.14,1205.3 1 0
orbyte/internal/platform/module/service.go:1206.2,1206.41 1 1
orbyte/internal/platform/module/service.go:1206.41,1207.48 1 1
orbyte/internal/platform/module/service.go:1207.48,1208.12 1 0
orbyte/internal/platform/module/service.go:1210.3,1210.29 1 1
orbyte/internal/platform/module/service.go:1210.29,1212.4 1 1
orbyte/internal/platform/module/service.go:1214.2,1214.18 1 1
orbyte/internal/platform/module/service.go:1217.138,1218.47 1 1
orbyte/internal/platform/module/service.go:1218.47,1220.3 1 1
orbyte/internal/platform/module/service.go:1221.2,1221.51 1 1
orbyte/internal/platform/module/service.go:1221.51,1223.3 1 1
orbyte/internal/platform/module/service.go:1224.2,1224.47 1 1
orbyte/internal/platform/module/service.go:1224.47,1226.3 1 1
orbyte/internal/platform/module/service.go:1227.2,1227.56 1 1
orbyte/internal/platform/module/service.go:1227.56,1229.3 1 0
orbyte/internal/platform/module/service.go:1230.2,1230.55 1 1
orbyte/internal/platform/module/service.go:1230.55,1232.3 1 0
orbyte/internal/platform/module/service.go:1233.2,1233.42 1 1
orbyte/internal/platform/module/service.go:1233.42,1235.3 1 0
orbyte/internal/platform/module/service.go:1238.109,1239.42 1 1
orbyte/internal/platform/module/service.go:1239.42,1241.3 1 0
orbyte/internal/platform/module/service.go:1242.2,1242.46 1 1
orbyte/internal/platform/module/service.go:1242.46,1245.3 2 0
orbyte/internal/platform/module/service.go:1246.2,1246.41 1 1
orbyte/internal/platform/module/service.go:1246.41,1248.3 1 0
orbyte/internal/platform/module/service.go:1251.95,1252.42 1 1
orbyte/internal/platform/module/service.go:1252.42,1254.3 1 0
orbyte/internal/platform/module/service.go:1257.125,1258.59 1 1
orbyte/internal/platform/module/service.go:1258.59,1260.3 1 0
orbyte/internal/platform/module/service.go:1261.2,1261.55 1 1
orbyte/internal/platform/module/service.go:1261.55,1263.3 1 0
orbyte/internal/platform/module/service.go:1264.2,1264.53 1 1
orbyte/internal/platform/module/service.go:1264.53,1266.3 1 0
orbyte/internal/platform/module/service.go:1269.167,1270.64 1 1
orbyte/internal/platform/module/service.go:1270.64,1272.3 1 0
orbyte/internal/platform/module/service.go:1273.2,1273.62 1 1
orbyte/internal/platform/module/service.go:1273.62,1275.3 1 0
orbyte/internal/platform/module/service.go:1276.2,1276.56 1 1
orbyte/internal/platform/module/service.go:1276.56,1278.3 1 0
orbyte/internal/platform/module/service.go:1279.2,1279.44 1 1
orbyte/internal/platform/module/service.go:1279.44,1281.3 1 0
orbyte/internal/platform/module/service.go:1282.2,1282.56 1 1
orbyte/internal/platform/module/service.go:1282.56,1284.3 1 0
orbyte/internal/platform/module/service.go:1285.2,1285.60 1 1
orbyte/internal/platform/module/service.go:1285.60,1287.3 1 0
orbyte/internal/platform/module/service.go:1288.2,1288.66 1 1
orbyte/internal/platform/module/service.go:1288.66,1290.3 1 0
orbyte/internal/platform/module/service.go:1293.89,1294.38 1 1
orbyte/internal/platform/module/service.go:1294.38,1296.3 1 0
orbyte/internal/platform/module/service.go:1299.101,1300.46 1 1
orbyte/internal/platform/module/service.go:1300.46,1302.3 1 0
orbyte/internal/platform/module/service.go:1305.99,1306.51 1 1
orbyte/internal/platform/module/service.go:1306.51,1308.3 1 0
orbyte/internal/platform/module/service.go:1309.2,1309.41 1 1
orbyte/internal/platform/module/service.go:1309.41,1311.3 1 0
orbyte/internal/platform/module/service.go:1314.91,1315.47 1 1
orbyte/internal/platform/module/service.go:1315.47,1317.3 1 0
orbyte/internal/platform/module/service.go:1320.60,1321.29 1 0
orbyte/internal/platform/module/service.go:1321.29,1322.24 1 0
orbyte/internal/platform/module/service.go:1322.24,1324.4 1 0
orbyte/internal/platform/module/service.go:1326.2,1326.14 1 0
orbyte/internal/platform/module/service.go:1329.70,1330.46 1 1
orbyte/internal/platform/module/service.go:1330.46,1332.62 2 1
orbyte/internal/platform/module/service.go:1332.62,1333.29 1 1
orbyte/internal/platform/module/service.go:1333.29,1335.5 1 0
orbyte/internal/platform/module/service.go:1336.4,1336.37 1 1
orbyte/internal/platform/module/service.go:1338.3,1338.15 1 1
orbyte/internal/platform/module/service.go:1340.2,1341.51 2 1
orbyte/internal/platform/module/service.go:1341.51,1342.42 1 0
orbyte/internal/platform/module/service.go:1342.42,1343.12 1 0
orbyte/internal/platform/module/service.go:1345.3,1345.100 1 0
orbyte/internal/platform/module/service.go:1347.2,1347.14 1 1
orbyte/internal/platform/module/service.go:1350.66,1353.16 3 1
orbyte/internal/platform/module/service.go:1353.16,1355.3 1 0
orbyte/internal/platform/module/service.go:1356.2,1356.41 1 1
orbyte/internal/platform/module/service.go:1356.41,1358.23 2 1
orbyte/internal/platform/module/service.go:1358.23,1359.12 1 0
orbyte/internal/platform/module/service.go:1361.3,1363.10 3 1
orbyte/internal/platform/module/service.go:1364.44,1366.69 2 1
orbyte/internal/platform/module/service.go:1367.44,1369.69 2 0
orbyte/internal/platform/module/service.go:1370.43,1372.68 2 0
orbyte/internal/platform/module/service.go:1373.43,1375.68 2 1
orbyte/internal/platform/module/service.go:1376.43,1378.68 2 0
orbyte/internal/platform/module/service.go:1380.3,1381.17 2 1
orbyte/internal/platform/module/service.go:1381.17,1383.4 1 0
orbyte/internal/platform/module/service.go:1384.3,1385.19 2 1
orbyte/internal/platform/module/service.go:1386.13,1387.15 1 1
orbyte/internal/platform/module/service.go:1387.15,1389.5 1 1
orbyte/internal/platform/module/service.go:1390.13,1391.15 1 0
orbyte/internal/platform/module/service.go:1391.15,1393.5 1 0
orbyte/internal/platform/module/service.go:1394.12,1395.16 1 0
orbyte/internal/platform/module/service.go:1395.16,1397.5 1 0
orbyte/internal/platform/module/service.go:1398.12,1399.16 1 1
orbyte/internal/platform/module/service.go:1399.16,1401.5 1 0
orbyte/internal/platform/module/service.go:1402.11,1403.16 1 0
orbyte/internal/platform/module/service.go:1403.16,1405.5 1 0
orbyte/internal/platform/module/service.go:1408.2,1408.18 1 1
orbyte/internal/platform/module/service.go:1417.58,1420.21 3 1
orbyte/internal/platform/module/service.go:1420.21,1422.3 1 1
orbyte/internal/platform/module/service.go:1423.2,1424.16 2 1
orbyte/internal/platform/module/service.go:1424.16,1426.3 1 0
orbyte/internal/platform/module/service.go:1427.2,1428.16 2 1
orbyte/internal/platform/module/service.go:1428.16,1430.3 1 0
orbyte/internal/platform/module/service.go:1431.2,1432.16 2 1
orbyte/internal/platform/module/service.go:1432.16,1434.3 1 0
orbyte/internal/platform/module/service.go:1435.2,1435.71 1 1
orbyte/internal/platform/module/service.go:1438.55,1439.9 1 1
orbyte/internal/platform/module/service.go:1440.33,1441.45 1 1
orbyte/internal/platform/module/service.go:1442.33,1443.45 1 0
orbyte/internal/platform/module/service.go:1444.10,1445.45 1 1
orbyte/internal/platform/module/service.go:1449.38,1450.9 1 1
orbyte/internal/platform/module/service.go:1451.20,1452.12 1 1
orbyte/internal/platform/module/service.go:1453.20,1454.11 1 0
orbyte/internal/platform/module/service.go:1455.10,1456.11 1 1
orbyte/internal/platform/monitoring/service.go:56.172,58.2 1 1
orbyte/internal/platform/monitoring/service.go:60.37,62.44 2 1
orbyte/internal/platform/monitoring/service.go:62.44,65.3 2 1
orbyte/internal/platform/monitoring/service.go:66.2,67.47 2 1
orbyte/internal/platform/monitoring/service.go:67.47,68.22 1 1
orbyte/internal/platform/monitoring/service.go:69.18,70.27 1 0
orbyte/internal/platform/monitoring/service.go:71.21,72.30 1 0
orbyte/internal/platform/monitoring/service.go:73.21,74.30 1 1
orbyte/internal/platform/monitoring/service.go:75.22,76.30 1 0
orbyte/internal/platform/monitoring/service.go:79.2,80.47 2 1
orbyte/internal/platform/monitoring/service.go:80.47,81.22 1 1
orbyte/internal/platform/monitoring/service.go:82.15,83.31 1 1
orbyte/internal/platform/monitoring/service.go:84.20,85.36 1 0
orbyte/internal/platform/monitoring/service.go:86.20,87.36 1 0
orbyte/internal/platform/monitoring/service.go:90.2,90.55 1 1
orbyte/internal/platform/monitoring/service.go:90.55,91.26 1 1
orbyte/internal/platform/monitoring/service.go:92.18,93.38 1 1
orbyte/internal/platform/monitoring/service.go:94.19,95.39 1 0
orbyte/internal/platform/monitoring/service.go:96.19,97.39 1 0
orbyte/internal/platform/monitoring/service.go:100.2,102.18 3 1
orbyte/internal/platform/monitoring/service.go:102.18,104.3 1 1
orbyte/internal/platform/monitoring/service.go:105.2,112.3 1 1
orbyte/internal/platform/workflow/list.go:3.39,6.27 3 1
orbyte/internal/platform/workflow/list.go:6.27,8.3 1 1
orbyte/internal/platform/workflow/list.go:9.2,9.13 1 1
orbyte/internal/platform/workflow/memory_repository.go:15.46,17.2 1 1
orbyte/internal/platform/workflow/memory_repository.go:19.65,20.49 1 1
orbyte/internal/platform/workflow/memory_repository.go:20.49,22.3 1 0
orbyte/internal/platform/workflow/memory_repository.go:23.2,24.12 2 1
orbyte/internal/platform/workflow/memory_repository.go:27.73,30.2 2 1
orbyte/internal/platform/workflow/memory_repository.go:32.59,34.37 2 1
orbyte/internal/platform/workflow/memory_repository.go:34.37,36.3 1 1
orbyte/internal/platform/workflow/memory_repository.go:37.2,37.40 1 1
orbyte/internal/platform/workflow/memory_repository.go:37.40,39.3 1 0
orbyte/internal/platform/workflow/memory_repository.go:40.2,40.14 1 1
orbyte/internal/platform/workflow/memory_repository.go:43.54,46.2 2 1
orbyte/internal/platform/workflow/memory_repository.go:48.47,50.40 2 1
orbyte/internal/platform/workflow/memory_repository.go:50.40,50.96 1 0
orbyte/internal/platform/workflow/memory_repository.go:51.2,51.14 1 1
orbyte/internal/platform/workflow/memory_repository.go:54.76,55.25 1 1
orbyte/internal/platform/workflow/memory_repository.go:55.25,56.33 1 1
orbyte/internal/platform/workflow/memory_repository.go:56.33,58.35 2 1
orbyte/internal/platform/workflow/memory_repository.go:58.35,59.35 1 1
orbyte/internal/platform/workflow/memory_repository.go:59.35,61.6 1 0
orbyte/internal/platform/workflow/memory_repository.go:62.5,62.59 1 1
orbyte/internal/platform/workflow/memory_repository.go:64.4,64.31 1 1
orbyte/internal/platform/workflow/memory_repository.go:64.31,65.35 1 0
orbyte/internal/platform/workflow/memory_repository.go:65.35,67.6 1 0
orbyte/internal/platform/workflow/memory_repository.go:68.5,68.59 1 0
orbyte/internal/platform/workflow/memory_repository.go:70.4,70.14 1 1
orbyte/internal/platform/workflow/memory_repository.go:73.2,73.51 1 0
orbyte/internal/platform/workflow/memory_repository.go:76.66,79.2 2 1
orbyte/internal/platform/workflow/memory_repository.go:81.55,83.40 2 1
orbyte/internal/platform/workflow/memory_repository.go:83.40,83.100 1 0
orbyte/internal/platform/workflow/memory_repository.go:84.2,84.14 1 1
orbyte/internal/platform/workflow/memory_repository.go:87.84,88.29 1 1
orbyte/internal/platform/workflow/memory_repository.go:88.29,89.37 1 1
orbyte/internal/platform/workflow/memory_repository.go:89.37,92.35 3 1
orbyte/internal/platform/workflow/memory_repository.go:92.35,94.5 1 1
orbyte/internal/platform/workflow/memory_repository.go:95.4,95.14 1 1
orbyte/internal/platform/workflow/memory_repository.go:98.2,98.55 1 0
orbyte/internal/platform/workflow/postgres_repository.go:17.60,19.2 1 1
orbyte/internal/platform/workflow/postgres_repository.go:21.67,23.16 2 1
orbyte/internal/platform/workflow/postgres_repository.go:23.16,25.3 1 0
orbyte/internal/platform/workflow/postgres_repository.go:26.2,27.16 2 1
orbyte/internal/platform/workflow/postgres_repository.go:27.16,29.3 1 0
orbyte/internal/platform/workflow/postgres_repository.go:30.2,35.16 3 1
orbyte/internal/platform/workflow/postgres_repository.go:35.16,37.3 1 0
orbyte/internal/platform/workflow/postgres_repository.go:38.2,38.12 1 1
orbyte/internal/platform/workflow/postgres_repository.go:41.75,52.16 4 1
orbyte/internal/platform/workflow/postgres_repository.go:52.16,54.3 1 0
orbyte/internal/platform/workflow/postgres_repository.go:55.2,55.64 1 1
orbyte/internal/platform/workflow/postgres_repository.go:55.64,57.3 1 0
orbyte/internal/platform/workflow/postgres_repository.go:58.2,58.66 1 1
orbyte/internal/platform/workflow/postgres_repository.go:58.66,60.3 1 0
orbyte/internal/platform/workflow/postgres_repository.go:61.2,61.18 1 1
orbyte/internal/platform/workflow/postgres_repository.go:64.61,67.16 3 1
orbyte/internal/platform/workflow/postgres_repository.go:67.16,69.3 1 0
orbyte/internal/platform/workflow/postgres_repository.go:70.2,72.18 3 1
orbyte/internal/platform/workflow/postgres_repository.go:72.18,78.72 2 1
orbyte/internal/platform/workflow/postgres_repository.go:78.72,79.12 1 0
orbyte/internal/platform/workflow/postgres_repository.go:81.3,81.65 1 1
orbyte/internal/platform/workflow/postgres_repository.go:81.65,82.12 1 0
orbyte/internal/platform/workflow/postgres_repository.go:84.3,84.67 1 1
orbyte/internal/platform/workflow/postgres_repository.go:84.67,85.12 1 0
orbyte/internal/platform/workflow/postgres_repository.go:87.3,87.29 1 1
orbyte/internal/platform/workflow/postgres_repository.go:89.2,89.40 1 1
orbyte/internal/platform/workflow/postgres_repository.go:89.40,89.78 1 0
orbyte/internal/platform/workflow/postgres_repository.go:90.2,90.14 1 1
orbyte/internal/platform/workflow/postgres_repository.go:93.56,95.16 2 1
orbyte/internal/platform/workflow/postgres_repository.go:95.16,97.3 1 0
orbyte/internal/platform/workflow/postgres_repository.go:98.2,99.16 2 1
orbyte/internal/platform/workflow/postgres_repository.go:99.16,101.3 1 0
orbyte/internal/platform/workflow/postgres_repository.go:102.2,109.12 3 1
orbyte/internal/platform/workflow/postgres_repository.go:112.49,115.16 3 1
orbyte/internal/platform/workflow/postgres_repository.go:115.16,117.3 1 0
orbyte/internal/platform/workflow/postgres_repository.go:118.2,120.18 3 1
orbyte/internal/platform/workflow/postgres_repository.go:120.18,126.281 6 1
orbyte/internal/platform/workflow/postgres_repository.go:126.281,127.12 1 0
orbyte/internal/platform/workflow/postgres_repository.go:129.3,131.18 3 1
orbyte/internal/platform/workflow/postgres_repository.go:131.18,133.4 1 0
orbyte/internal/platform/workflow/postgres_repository.go:134.3,134.23 1 1
orbyte/internal/platform/workflow/postgres_repository.go:134.23,136.4 1 0
orbyte/internal/platform/workflow/postgres_repository.go:137.3,137.30 1 1
orbyte/internal/platform/workflow/postgres_repository.go:139.2,139.40 1 1
orbyte/internal/platform/workflow/postgres_repository.go:139.40,139.96 1 0
orbyte/internal/platform/workflow/postgres_repository.go:140.2,140.14 1 1
orbyte/internal/platform/workflow/postgres_repository.go:143.78,147.2 3 1
orbyte/internal/platform/workflow/postgres_repository.go:149.68,151.16 2 1
orbyte/internal/platform/workflow/postgres_repository.go:151.16,153.3 1 0
orbyte/internal/platform/workflow/postgres_repository.go:154.2,155.16 2 1
orbyte/internal/platform/workflow/postgres_repository.go:155.16,157.3 1 0
orbyte/internal/platform/workflow/postgres_repository.go:158.2,164.12 3 1
orbyte/internal/platform/workflow/postgres_repository.go:167.57,170.16 3 1
orbyte/internal/platform/workflow/postgres_repository.go:170.16,172.3 1 0
orbyte/internal/platform/workflow/postgres_repository.go:173.2,175.18 3 1
orbyte/internal/platform/workflow/postgres_repository.go:175.18,181.236 6 1
orbyte/internal/platform/workflow/postgres_repository.go:181.236,182.12 1 0
orbyte/internal/platform/workflow/postgres_repository.go:184.3,186.23 3 1
orbyte/internal/platform/workflow/postgres_repository.go:186.23,188.4 1 0
orbyte/internal/platform/workflow/postgres_repository.go:189.3,189.18 1 1
orbyte/internal/platform/workflow/postgres_repository.go:189.18,191.4 1 0
orbyte/internal/platform/workflow/postgres_repository.go:192.3,192.30 1 1
orbyte/internal/platform/workflow/postgres_repository.go:194.2,194.40 1 1
orbyte/internal/platform/workflow/postgres_repository.go:194.40,194.100 1 0
orbyte/internal/platform/workflow/postgres_repository.go:195.2,195.14 1 1
orbyte/internal/platform/workflow/postgres_repository.go:198.86,202.2 3 1
orbyte/internal/platform/workflow/postgres_repository.go:204.36,205.16 1 1
orbyte/internal/platform/workflow/postgres_repository.go:205.16,207.3 1 1
orbyte/internal/platform/workflow/postgres_repository.go:208.2,208.10 1 0
orbyte/internal/platform/workflow/service.go:14.28,30.2 3 1
orbyte/internal/platform/workflow/service.go:32.57,34.2 1 1
orbyte/internal/platform/workflow/service.go:36.50,37.19 1 1
orbyte/internal/platform/workflow/service.go:37.19,39.3 1 0
orbyte/internal/platform/workflow/service.go:40.2,40.35 1 1
orbyte/internal/platform/workflow/service.go:43.55,45.9 2 1
orbyte/internal/platform/workflow/service.go:45.9,47.3 1 0
orbyte/internal/platform/workflow/service.go:48.2,48.17 1 1
orbyte/internal/platform/workflow/service.go:51.89,53.9 2 1
orbyte/internal/platform/workflow/service.go:53.9,55.3 1 0
orbyte/internal/platform/workflow/service.go:56.2,56.35 1 1
orbyte/internal/platform/workflow/service.go:56.35,57.62 1 1
orbyte/internal/platform/workflow/service.go:57.62,75.4 1 1
orbyte/internal/platform/workflow/service.go:77.2,77.88 1 0
orbyte/internal/platform/workflow/service.go:80.110,82.2 1 1
orbyte/internal/platform/workflow/service.go:84.38,86.2 1 1
orbyte/internal/platform/workflow/service.go:88.46,90.2 1 1
orbyte/internal/platform/workflow/service.go:92.58,94.2 1 1
orbyte/internal/platform/workflow/service.go:96.87,98.2 1 0
orbyte/internal/platform/workflow/service.go:100.126,103.36 3 1
orbyte/internal/platform/workflow/service.go:103.36,105.3 1 1
orbyte/internal/platform/workflow/service.go:106.2,107.41 2 1
orbyte/internal/platform/workflow/service.go:107.41,109.3 1 1
orbyte/internal/platform/workflow/service.go:110.2,110.31 1 1
orbyte/internal/platform/workflow/service.go:110.31,127.3 1 1
orbyte/internal/platform/workflow/service.go:128.2,128.31 1 1
orbyte/internal/platform/workflow/service.go:128.31,146.3 1 1
orbyte/internal/platform/workflow/service.go:147.2,147.17 1 1
orbyte/internal/platform/workflow/service.go:150.118,152.50 2 1
orbyte/internal/platform/workflow/service.go:152.50,153.68 1 1
orbyte/internal/platform/workflow/service.go:153.68,155.4 1 1
orbyte/internal/platform/workflow/service.go:157.2,157.42 1 1
orbyte/internal/platform/workflow/service.go:157.42,158.57 1 1
orbyte/internal/platform/workflow/service.go:158.57,160.4 1 1
orbyte/internal/platform/workflow/service.go:162.2,162.17 1 1
orbyte/internal/platform/workflow/service.go:165.58,166.38 1 1
orbyte/internal/platform/workflow/service.go:166.38,167.47 1 1
orbyte/internal/platform/workflow/service.go:167.47,169.4 1 0
orbyte/internal/platform/workflow/service.go:171.2,171.46 1 1
orbyte/internal/platform/workflow/service.go:171.46,172.55 1 1
orbyte/internal/platform/workflow/service.go:172.55,174.4 1 0
orbyte/internal/platform/workflow/service.go:176.2,176.50 1 1
orbyte/internal/platform/workflow/service.go:176.50,177.61 1 1
orbyte/internal/platform/workflow/service.go:177.61,179.4 1 0
orbyte/internal/platform/workflow/service.go:181.2,181.46 1 1
orbyte/internal/platform/workflow/service.go:181.46,182.57 1 1
orbyte/internal/platform/workflow/service.go:182.57,184.4 1 0
orbyte/internal/platform/workflow/service.go:186.2,186.12 1 1
orbyte/internal/platform/reference/memory_repository.go:10.46,15.2 1 1
orbyte/internal/platform/reference/memory_repository.go:17.63,20.2 2 1
orbyte/internal/platform/reference/memory_repository.go:22.71,25.2 2 1
orbyte/internal/platform/reference/memory_repository.go:27.57,29.31 2 0
orbyte/internal/platform/reference/memory_repository.go:29.31,31.3 1 0
orbyte/internal/platform/reference/memory_repository.go:32.2,32.40 1 0
orbyte/internal/platform/reference/memory_repository.go:32.40,32.78 1 0
orbyte/internal/platform/reference/memory_repository.go:33.2,33.14 1 0
orbyte/internal/platform/reference/memory_repository.go:36.60,37.45 1 1
orbyte/internal/platform/reference/memory_repository.go:37.45,39.3 1 1
orbyte/internal/platform/reference/memory_repository.go:40.2,41.12 2 1
orbyte/internal/platform/reference/memory_repository.go:44.65,47.29 3 1
orbyte/internal/platform/reference/memory_repository.go:47.29,49.3 1 1
orbyte/internal/platform/reference/memory_repository.go:50.2,50.38 1 1
orbyte/internal/platform/reference/memory_repository.go:50.38,51.31 1 1
orbyte/internal/platform/reference/memory_repository.go:51.31,52.36 1 1
orbyte/internal/platform/reference/memory_repository.go:52.36,54.5 1 0
orbyte/internal/platform/reference/memory_repository.go:55.4,55.38 1 1
orbyte/internal/platform/reference/memory_repository.go:57.3,57.33 1 0
orbyte/internal/platform/reference/memory_repository.go:59.2,59.12 1 1
orbyte/internal/platform/reference/memory_repository.go:62.38,64.2 1 1
orbyte/internal/platform/reference/postgres_repository.go:14.60,16.2 1 0
orbyte/internal/platform/reference/postgres_repository.go:18.65,30.2 3 0
orbyte/internal/platform/reference/postgres_repository.go:32.73,36.104 4 0
orbyte/internal/platform/reference/postgres_repository.go:36.104,38.3 1 0
orbyte/internal/platform/reference/postgres_repository.go:39.2,41.18 3 0
orbyte/internal/platform/reference/postgres_repository.go:44.59,46.16 2 0
orbyte/internal/platform/reference/postgres_repository.go:46.16,48.3 1 0
orbyte/internal/platform/reference/postgres_repository.go:49.2,51.18 3 0
orbyte/internal/platform/reference/postgres_repository.go:51.18,54.116 3 0
orbyte/internal/platform/reference/postgres_repository.go:54.116,55.12 1 0
orbyte/internal/platform/reference/postgres_repository.go:57.3,58.29 2 0
orbyte/internal/platform/reference/postgres_repository.go:60.2,60.40 1 0
orbyte/internal/platform/reference/postgres_repository.go:60.40,60.78 1 0
orbyte/internal/platform/reference/postgres_repository.go:61.2,61.14 1 0
orbyte/internal/platform/reference/postgres_repository.go:64.62,81.2 4 0
orbyte/internal/platform/reference/postgres_repository.go:83.67,85.16 2 0
orbyte/internal/platform/reference/postgres_repository.go:85.16,87.3 1 0
orbyte/internal/platform/reference/postgres_repository.go:88.2,90.18 3 0
orbyte/internal/platform/reference/postgres_repository.go:90.18,93.208 3 0
orbyte/internal/platform/reference/postgres_repository.go:93.208,94.12 1 0
orbyte/internal/platform/reference/postgres_repository.go:96.3,99.30 4 0
orbyte/internal/platform/reference/postgres_repository.go:101.2,101.40 1 0
orbyte/internal/platform/reference/postgres_repository.go:101.40,102.35 1 0
orbyte/internal/platform/reference/postgres_repository.go:102.35,104.4 1 0
orbyte/internal/platform/reference/postgres_repository.go:105.3,105.37 1 0
orbyte/internal/platform/reference/postgres_repository.go:107.2,107.14 1 0
orbyte/internal/platform/reference/postgres_repository.go:110.42,111.20 1 0
orbyte/internal/platform/reference/postgres_repository.go:111.20,113.3 1 0
orbyte/internal/platform/reference/postgres_repository.go:114.2,114.14 1 0
orbyte/internal/platform/reference/service.go:15.28,17.2 1 1
orbyte/internal/platform/reference/service.go:19.57,21.2 1 1
orbyte/internal/platform/reference/service.go:23.58,24.82 1 1
orbyte/internal/platform/reference/service.go:24.82,26.3 1 0
orbyte/internal/platform/reference/service.go:27.2,27.25 1 1
orbyte/internal/platform/reference/service.go:27.25,29.3 1 1
orbyte/internal/platform/reference/service.go:30.2,30.33 1 1
orbyte/internal/platform/reference/service.go:30.33,32.3 1 1
orbyte/internal/platform/reference/service.go:33.2,33.29 1 1
orbyte/internal/platform/reference/service.go:36.59,38.2 1 0
orbyte/internal/platform/reference/service.go:40.44,42.2 1 0
orbyte/internal/platform/reference/service.go:44.53,45.131 1 1
orbyte/internal/platform/reference/service.go:45.131,47.3 1 0
orbyte/internal/platform/reference/service.go:48.2,49.9 2 1
orbyte/internal/platform/reference/service.go:49.9,51.3 1 0
orbyte/internal/platform/reference/service.go:52.2,53.41 2 1
orbyte/internal/platform/reference/service.go:53.41,55.3 1 0
orbyte/internal/platform/reference/service.go:56.2,57.25 2 1
orbyte/internal/platform/reference/service.go:57.25,59.3 1 1
orbyte/internal/platform/reference/service.go:60.2,60.31 1 1
orbyte/internal/platform/reference/service.go:60.31,62.3 1 0
orbyte/internal/platform/reference/service.go:63.2,63.34 1 1
orbyte/internal/platform/reference/service.go:66.52,68.2 1 0
orbyte/internal/platform/reference/service.go:70.106,72.19 2 1
orbyte/internal/platform/reference/service.go:72.19,74.3 1 0
orbyte/internal/platform/reference/service.go:75.2,75.43 1 1
orbyte/internal/platform/reference/service.go:75.43,77.3 1 0
orbyte/internal/platform/reference/service.go:78.2,78.17 1 1
orbyte/internal/platform/reference/service.go:78.17,80.3 1 0
orbyte/internal/platform/reference/service.go:81.2,83.33 3 1
orbyte/internal/platform/reference/service.go:83.33,84.131 1 1
orbyte/internal/platform/reference/service.go:84.131,85.12 1 1
orbyte/internal/platform/reference/service.go:87.3,87.42 1 1
orbyte/internal/platform/reference/service.go:89.2,89.45 1 1
orbyte/internal/platform/reference/service.go:89.45,90.45 1 1
orbyte/internal/platform/reference/service.go:90.45,92.4 1 1
orbyte/internal/platform/reference/service.go:93.3,93.47 1 0
orbyte/internal/platform/reference/service.go:95.2,97.34 3 1
orbyte/internal/platform/reference/service.go:97.34,98.35 1 1
orbyte/internal/platform/reference/service.go:98.35,99.12 1 1
orbyte/internal/platform/reference/service.go:101.3,102.34 2 1
orbyte/internal/platform/reference/service.go:104.2,105.29 2 1
orbyte/internal/platform/reference/service.go:105.29,107.3 1 1
orbyte/internal/platform/reference/service.go:108.2,108.40 1 1
orbyte/internal/platform/reference/service.go:108.40,108.78 1 0
orbyte/internal/platform/reference/service.go:109.2,110.34 2 1
orbyte/internal/platform/reference/service.go:110.34,112.3 1 1
orbyte/internal/platform/reference/service.go:113.2,121.8 2 1
orbyte/internal/platform/reference/service.go:124.42,126.17 2 1
orbyte/internal/platform/reference/service.go:126.17,128.3 1 0
orbyte/internal/platform/reference/service.go:129.2,129.14 1 1
orbyte/internal/platform/reference/service.go:132.71,133.38 1 1
orbyte/internal/platform/reference/service.go:134.20,135.14 1 1
orbyte/internal/platform/reference/service.go:136.22,137.85 1 0
orbyte/internal/platform/reference/service.go:138.18,139.81 1 1
orbyte/internal/platform/reference/service.go:140.10,141.15 1 0
orbyte/internal/platform/reference/service.go:145.52,146.71 1 1
orbyte/internal/platform/reference/service.go:146.71,148.3 1 1
orbyte/internal/platform/reference/service.go:149.2,149.66 1 1
orbyte/internal/platform/reference/service.go:149.66,151.3 1 0
orbyte/internal/platform/reference/service.go:152.2,152.13 1 1
orbyte/internal/platform/reference/service.go:155.34,156.31 1 1
orbyte/internal/platform/reference/service.go:157.18,158.11 1 1
orbyte/internal/platform/reference/service.go:159.22,160.11 1 0
orbyte/internal/platform/reference/service.go:161.10,162.11 1 1
orbyte/internal/platform/reference/service.go:166.40,167.33 1 1
orbyte/internal/platform/reference/service.go:167.33,169.3 1 1
orbyte/internal/platform/reference/service.go:170.2,170.14 1 1
orbyte/internal/platform/reference/service.go:173.54,174.29 1 1
orbyte/internal/platform/reference/service.go:174.29,175.24 1 1
orbyte/internal/platform/reference/service.go:175.24,177.4 1 1
orbyte/internal/platform/reference/service.go:179.2,179.14 1 0
orbyte/internal/platform/reference/service.go:182.45,183.31 1 1
orbyte/internal/platform/reference/service.go:183.31,184.37 1 1
orbyte/internal/platform/reference/service.go:184.37,186.4 1 1
orbyte/internal/platform/reference/service.go:188.2,188.11 1 1
orbyte/internal/platform/policy/service.go:82.28,84.2 1 1
orbyte/internal/platform/policy/service.go:86.57,93.2 1 1
orbyte/internal/platform/policy/service.go:95.54,96.38 1 1
orbyte/internal/platform/policy/service.go:96.38,98.3 1 1
orbyte/internal/platform/policy/service.go:99.2,99.39 1 1
orbyte/internal/platform/policy/service.go:99.39,101.3 1 1
orbyte/internal/platform/policy/service.go:102.2,102.41 1 1
orbyte/internal/platform/policy/service.go:102.41,104.3 1 1
orbyte/internal/platform/policy/service.go:105.2,105.29 1 1
orbyte/internal/platform/policy/service.go:105.29,107.3 1 1
orbyte/internal/platform/policy/service.go:108.2,108.33 1 1
orbyte/internal/platform/policy/service.go:108.33,110.3 1 1
orbyte/internal/platform/policy/service.go:111.2,111.28 1 1
orbyte/internal/platform/policy/service.go:111.28,113.3 1 1
orbyte/internal/platform/policy/service.go:114.2,115.30 2 1
orbyte/internal/platform/policy/service.go:115.30,116.47 1 1
orbyte/internal/platform/policy/service.go:116.47,118.4 1 1
orbyte/internal/platform/policy/service.go:119.3,119.45 1 1
orbyte/internal/platform/policy/service.go:119.45,121.4 1 1
orbyte/internal/platform/policy/service.go:123.2,125.30 3 1
orbyte/internal/platform/policy/service.go:125.30,127.3 1 1
orbyte/internal/platform/policy/service.go:128.2,128.12 1 1
orbyte/internal/platform/policy/service.go:131.50,133.29 2 1
orbyte/internal/platform/policy/service.go:133.29,135.3 1 1
orbyte/internal/platform/policy/service.go:136.2,136.40 1 1
orbyte/internal/platform/policy/service.go:136.40,136.78 1 1
orbyte/internal/platform/policy/service.go:137.2,137.14 1 1
orbyte/internal/platform/policy/service.go:140.70,141.35 1 1
orbyte/internal/platform/policy/service.go:141.35,143.3 1 1
orbyte/internal/platform/policy/service.go:144.2,144.17 1 1
orbyte/internal/platform/policy/service.go:144.17,146.3 1 1
orbyte/internal/platform/policy/service.go:147.2,148.12 2 1
orbyte/internal/platform/policy/service.go:151.99,153.9 2 1
orbyte/internal/platform/policy/service.go:153.9,155.3 1 0
orbyte/internal/platform/policy/service.go:156.2,156.18 1 1
orbyte/internal/platform/policy/service.go:156.18,158.3 1 1
orbyte/internal/platform/policy/service.go:159.2,159.17 1 1
orbyte/internal/platform/policy/service.go:159.17,161.3 1 0
orbyte/internal/platform/policy/service.go:162.2,172.4 1 1
orbyte/internal/platform/policy/service.go:175.105,177.9 2 1
orbyte/internal/platform/policy/service.go:177.9,179.3 1 1
orbyte/internal/platform/policy/service.go:180.2,180.18 1 1
orbyte/internal/platform/policy/service.go:180.18,189.3 1 0
orbyte/internal/platform/policy/service.go:190.2,191.9 2 1
orbyte/internal/platform/policy/service.go:191.9,200.3 1 1
orbyte/internal/platform/policy/service.go:201.2,201.20 1 1
orbyte/internal/platform/policy/service.go:204.87,206.9 2 1
orbyte/internal/platform/policy/service.go:206.9,208.3 1 1
orbyte/internal/platform/policy/service.go:209.2,209.30 1 1
orbyte/internal/platform/policy/service.go:209.30,211.3 1 1
orbyte/internal/platform/policy/service.go:212.2,212.18 1 1
orbyte/internal/platform/policy/service.go:212.18,214.3 1 1
orbyte/internal/platform/policy/service.go:215.2,215.37 1 1
orbyte/internal/platform/policy/service.go:215.37,217.3 1 0
orbyte/internal/platform/policy/service.go:218.2,218.50 1 1
orbyte/internal/platform/policy/service.go:218.50,220.3 1 1
orbyte/internal/platform/policy/service.go:221.2,221.17 1 1
orbyte/internal/platform/policy/service.go:221.17,223.3 1 0
orbyte/internal/platform/policy/service.go:224.2,234.4 1 1
orbyte/internal/platform/policy/service.go:237.107,239.37 2 1
orbyte/internal/platform/policy/service.go:239.37,241.3 1 1
orbyte/internal/platform/policy/service.go:242.2,242.18 1 1
orbyte/internal/platform/policy/service.go:242.18,243.91 1 1
orbyte/internal/platform/policy/service.go:243.91,245.20 2 1
orbyte/internal/platform/policy/service.go:245.20,247.5 1 1
orbyte/internal/platform/policy/service.go:250.2,250.52 1 1
orbyte/internal/platform/policy/service.go:250.52,252.3 1 1
orbyte/internal/platform/policy/service.go:253.2,260.9 1 1
orbyte/internal/platform/policy/service.go:263.91,265.9 2 1
orbyte/internal/platform/policy/service.go:265.9,267.3 1 1
orbyte/internal/platform/policy/service.go:268.2,275.30 3 1
orbyte/internal/platform/policy/service.go:275.30,277.3 1 1
orbyte/internal/platform/policy/service.go:278.2,281.9 4 1
orbyte/internal/platform/policy/service.go:281.9,285.3 3 1
orbyte/internal/platform/policy/service.go:286.2,288.62 3 1
orbyte/internal/platform/policy/service.go:288.62,292.3 3 0
orbyte/internal/platform/policy/service.go:293.2,294.22 2 1
orbyte/internal/platform/policy/service.go:297.77,300.27 3 1
orbyte/internal/platform/policy/service.go:300.27,303.3 2 1
orbyte/internal/platform/policy/service.go:304.2,304.14 1 1
orbyte/internal/platform/policy/service.go:307.53,308.38 1 1
orbyte/internal/platform/policy/service.go:308.38,309.31 1 1
orbyte/internal/platform/policy/service.go:309.31,310.12 1 1
orbyte/internal/platform/policy/service.go:312.3,312.56 1 1
orbyte/internal/platform/policy/service.go:312.56,313.99 1 1
orbyte/internal/platform/policy/service.go:313.99,315.5 1 1
orbyte/internal/platform/policy/service.go:317.3,317.19 1 1
orbyte/internal/platform/policy/service.go:317.19,318.12 1 0
orbyte/internal/platform/policy/service.go:320.3,320.41 1 1
orbyte/internal/platform/policy/service.go:320.41,321.45 1 1
orbyte/internal/platform/policy/service.go:321.45,322.13 1 1
orbyte/internal/platform/policy/service.go:324.4,325.20 2 0
orbyte/internal/platform/policy/service.go:325.20,326.13 1 0
orbyte/internal/platform/policy/service.go:328.4,328.52 1 0
orbyte/internal/platform/policy/service.go:328.52,330.5 1 0
orbyte/internal/platform/policy/service.go:333.2,333.12 1 1
orbyte/internal/platform/policy/service.go:336.50,338.9 2 1
orbyte/internal/platform/policy/service.go:338.9,340.3 1 1
orbyte/internal/platform/policy/service.go:341.2,342.8 2 1
orbyte/internal/platform/policy/service.go:342.8,344.3 1 1
orbyte/internal/platform/policy/service.go:344.8,344.28 1 0
orbyte/internal/platform/policy/service.go:344.28,346.3 1 0
orbyte/internal/platform/policy/service.go:347.2,347.23 1 1
orbyte/internal/platform/policy/service.go:347.23,349.3 1 1
orbyte/internal/platform/policy/service.go:350.2,350.30 1 1
orbyte/internal/platform/policy/service.go:350.30,352.3 1 1
orbyte/internal/platform/policy/service.go:353.2,354.9 2 1
orbyte/internal/platform/policy/service.go:354.9,356.3 1 1
orbyte/internal/platform/policy/service.go:357.2,358.26 2 1
orbyte/internal/platform/policy/service.go:358.26,360.3 1 0
orbyte/internal/platform/policy/service.go:361.2,361.17 1 1
orbyte/internal/platform/policy/service.go:364.74,366.9 2 1
orbyte/internal/platform/policy/service.go:366.9,368.3 1 0
orbyte/internal/platform/policy/service.go:369.2,371.16 3 1
orbyte/internal/platform/policy/service.go:371.16,373.3 1 0
orbyte/internal/platform/policy/service.go:374.2,383.16 2 1
orbyte/internal/platform/policy/service.go:383.16,385.3 1 0
orbyte/internal/platform/policy/service.go:386.2,387.9 2 1
orbyte/internal/platform/policy/service.go:387.9,389.3 1 1
orbyte/internal/platform/policy/service.go:390.2,390.26 1 1
orbyte/internal/platform/policy/service.go:390.26,392.3 1 1
orbyte/internal/platform/policy/service.go:393.2,393.17 1 1
orbyte/internal/platform/policy/service.go:396.94,399.46 3 1
orbyte/internal/platform/policy/service.go:399.46,402.3 2 1
orbyte/internal/platform/policy/service.go:403.2,408.16 3 1
orbyte/internal/platform/policy/service.go:408.16,410.3 1 1
orbyte/internal/platform/policy/service.go:411.2,414.19 4 1
orbyte/internal/platform/policy/service.go:417.62,418.18 1 1
orbyte/internal/platform/policy/service.go:418.18,420.3 1 0
orbyte/internal/platform/policy/service.go:421.2,430.4 1 1
orbyte/internal/platform/policy/service.go:433.64,434.18 1 1
orbyte/internal/platform/policy/service.go:434.18,436.3 1 0
orbyte/internal/platform/policy/service.go:437.2,448.4 1 1
orbyte/internal/platform/policy/service.go:451.43,453.2 1 1
orbyte/internal/platform/policy/service.go:455.45,457.2 1 1
orbyte/internal/platform/policy/service.go:459.45,460.52 1 1
orbyte/internal/platform/policy/service.go:461.20,462.18 1 1
orbyte/internal/platform/policy/service.go:463.18,464.20 1 1
orbyte/internal/platform/policy/service.go:465.10,466.18 1 1
orbyte/internal/platform/policy/service.go:470.48,474.29 4 1
orbyte/internal/platform/policy/service.go:474.29,476.17 2 1
orbyte/internal/platform/policy/service.go:476.17,477.12 1 0
orbyte/internal/platform/policy/service.go:479.3,479.49 1 1
orbyte/internal/platform/policy/service.go:481.2,481.33 1 1
orbyte/internal/platform/policy/service.go:484.48,486.2 1 1
orbyte/internal/platform/policy/service.go:488.45,490.17 2 1
orbyte/internal/platform/policy/service.go:490.17,492.3 1 0
orbyte/internal/platform/policy/service.go:493.2,494.26 2 1
orbyte/internal/platform/policy/service.go:494.26,495.10 1 1
orbyte/internal/platform/policy/service.go:496.29,497.18 1 1
orbyte/internal/platform/policy/service.go:498.29,499.32 1 1
orbyte/internal/platform/policy/service.go:500.29,501.20 1 0
orbyte/internal/platform/policy/service.go:501.20,503.5 1 0
orbyte/internal/platform/policy/service.go:504.4,504.18 1 0
orbyte/internal/platform/policy/service.go:505.11,506.20 1 1
orbyte/internal/platform/policy/service.go:509.2,510.15 2 1
orbyte/internal/platform/policy/service.go:510.15,512.3 1 0
orbyte/internal/platform/policy/service.go:513.2,513.12 1 1
orbyte/internal/platform/policy/service.go:516.56,519.2 2 1
orbyte/internal/platform/policy/service.go:521.70,522.59 1 1
orbyte/internal/platform/policy/service.go:522.59,524.3 1 1
orbyte/internal/platform/policy/service.go:525.2,526.9 2 1
orbyte/internal/platform/policy/service.go:526.9,528.3 1 1
orbyte/internal/platform/policy/service.go:529.2,530.9 2 1
orbyte/internal/platform/policy/service.go:530.9,532.3 1 0
orbyte/internal/platform/policy/service.go:533.2,538.56 2 1
orbyte/internal/platform/policy/service.go:538.56,540.3 1 1
orbyte/internal/platform/policy/service.go:541.2,541.23 1 1
orbyte/internal/platform/policy/service.go:544.60,545.19 1 1
orbyte/internal/platform/policy/service.go:546.63,551.4 1 1
orbyte/internal/platform/policy/service.go:552.39,559.4 1 1
orbyte/internal/platform/policy/service.go:560.37,565.4 1 1
orbyte/internal/platform/policy/service.go:566.36,572.4 1 1
orbyte/internal/platform/policy/service.go:573.33,577.4 1 1
orbyte/internal/platform/policy/service.go:578.42,582.4 1 1
orbyte/internal/platform/policy/service.go:583.10,584.13 1 1
orbyte/internal/platform/policy/service.go:588.52,589.21 1 1
orbyte/internal/platform/policy/service.go:589.21,591.3 1 1
orbyte/internal/platform/policy/service.go:592.2,593.32 2 1
orbyte/internal/platform/policy/service.go:593.32,595.3 1 1
orbyte/internal/platform/policy/service.go:596.2,596.15 1 1
orbyte/internal/platform/policy/service.go:599.36,600.36 1 1
orbyte/internal/platform/policy/service.go:600.36,602.3 1 1
orbyte/internal/platform/policy/service.go:603.2,603.11 1 1
orbyte/internal/platform/policy/service.go:606.45,607.31 1 1
orbyte/internal/platform/policy/service.go:607.31,608.37 1 1
orbyte/internal/platform/policy/service.go:608.37,610.4 1 1
orbyte/internal/platform/policy/service.go:612.2,612.11 1 0
orbyte/internal/platform/offline/service.go:26.111,33.2 1 0
orbyte/internal/platform/offline/service.go:74.41,75.34 1 0
orbyte/internal/platform/offline/service.go:75.34,77.3 1 0
orbyte/internal/platform/offline/service.go:78.2,84.3 1 0
orbyte/internal/platform/offline/service.go:87.120,88.56 1 0
orbyte/internal/platform/offline/service.go:88.56,90.3 1 0
orbyte/internal/platform/offline/service.go:91.2,92.9 2 0
orbyte/internal/platform/offline/service.go:92.9,94.3 1 0
orbyte/internal/platform/offline/service.go:95.2,96.16 2 0
orbyte/internal/platform/offline/service.go:96.16,98.3 1 0
orbyte/internal/platform/offline/service.go:99.2,113.8 3 0
orbyte/internal/platform/offline/service.go:116.134,117.53 1 0
orbyte/internal/platform/offline/service.go:117.53,119.3 1 0
orbyte/internal/platform/offline/service.go:120.2,121.9 2 0
orbyte/internal/platform/offline/service.go:121.9,123.3 1 0
orbyte/internal/platform/offline/service.go:124.2,126.16 3 0
orbyte/internal/platform/offline/service.go:126.16,128.3 1 0
orbyte/internal/platform/offline/service.go:129.2,146.8 3 0
orbyte/internal/platform/offline/service.go:149.73,151.19 2 0
orbyte/internal/platform/offline/service.go:151.19,153.3 1 0
orbyte/internal/platform/offline/service.go:154.2,156.32 3 0
orbyte/internal/platform/offline/service.go:159.65,161.19 2 0
orbyte/internal/platform/offline/service.go:161.19,163.3 1 0
orbyte/internal/platform/offline/service.go:164.2,167.19 4 0
orbyte/internal/platform/offline/service.go:170.116,171.24 1 0
orbyte/internal/platform/offline/service.go:171.24,173.3 1 0
orbyte/internal/platform/offline/service.go:174.2,174.66 1 0
orbyte/internal/platform/offline/service.go:174.66,175.37 1 0
orbyte/internal/platform/offline/service.go:175.37,177.4 1 0
orbyte/internal/platform/offline/service.go:179.2,179.70 1 0
orbyte/internal/platform/offline/service.go:179.70,181.3 1 0
orbyte/internal/platform/offline/service.go:182.2,182.19 1 0
orbyte/internal/platform/offline/service.go:182.19,184.3 1 0
orbyte/internal/platform/offline/service.go:185.2,185.23 1 0
orbyte/internal/platform/offline/service.go:185.23,187.3 1 0
orbyte/internal/platform/offline/service.go:188.2,188.12 1 0
orbyte/internal/platform/offline/service.go:191.60,193.29 2 0
orbyte/internal/platform/offline/service.go:193.29,195.59 2 0
orbyte/internal/platform/offline/service.go:195.59,196.12 1 0
orbyte/internal/platform/offline/service.go:198.3,198.68 1 0
orbyte/internal/platform/offline/service.go:200.2,200.15 1 0
orbyte/internal/platform/offline/service.go:203.70,209.2 5 0
orbyte/internal/platform/offline/service.go:211.140,213.29 2 0
orbyte/internal/platform/offline/service.go:213.29,214.54 1 0
orbyte/internal/platform/offline/service.go:214.54,216.4 1 0
orbyte/internal/platform/offline/service.go:218.2,218.43 1 0
orbyte/internal/platform/offline/service.go:218.43,218.95 1 0
orbyte/internal/platform/offline/service.go:219.2,219.17 1 0
orbyte/internal/platform/offline/service.go:222.143,224.29 2 0
orbyte/internal/platform/offline/service.go:224.29,225.54 1 0
orbyte/internal/platform/offline/service.go:225.54,227.4 1 0
orbyte/internal/platform/offline/service.go:229.2,229.43 1 0
orbyte/internal/platform/offline/service.go:229.43,229.97 1 0
orbyte/internal/platform/offline/service.go:230.2,230.17 1 0
orbyte/internal/platform/offline/service.go:233.137,235.29 2 0
orbyte/internal/platform/offline/service.go:235.29,237.37 2 0
orbyte/internal/platform/offline/service.go:237.37,239.4 1 0
orbyte/internal/platform/offline/service.go:240.3,240.37 1 0
orbyte/internal/platform/offline/service.go:240.37,242.4 1 0
orbyte/internal/platform/offline/service.go:243.3,243.38 1 0
orbyte/internal/platform/offline/service.go:243.38,245.4 1 0
orbyte/internal/platform/offline/service.go:247.2,247.43 1 0
orbyte/internal/platform/offline/service.go:247.43,247.89 1 0
orbyte/internal/platform/offline/service.go:248.2,248.17 1 0
orbyte/internal/platform/offline/service.go:251.128,253.29 2 0
orbyte/internal/platform/offline/service.go:253.29,255.37 2 0
orbyte/internal/platform/offline/service.go:255.37,257.4 1 0
orbyte/internal/platform/offline/service.go:258.3,258.37 1 0
orbyte/internal/platform/offline/service.go:258.37,260.4 1 0
orbyte/internal/platform/offline/service.go:261.3,261.38 1 0
orbyte/internal/platform/offline/service.go:261.38,263.4 1 0
orbyte/internal/platform/offline/service.go:265.2,265.43 1 0
orbyte/internal/platform/offline/service.go:265.43,265.97 1 0
orbyte/internal/platform/offline/service.go:266.2,266.17 1 0
orbyte/internal/platform/reporting/service.go:61.49,63.2 1 1
orbyte/internal/platform/reporting/service.go:65.97,68.2 2 1
orbyte/internal/platform/reporting/service.go:70.71,72.2 1 1
orbyte/internal/platform/reporting/service.go:74.57,75.119 1 1
orbyte/internal/platform/reporting/service.go:75.119,77.3 1 0
orbyte/internal/platform/reporting/service.go:78.2,78.46 1 1
orbyte/internal/platform/reporting/service.go:78.46,80.3 1 0
orbyte/internal/platform/reporting/service.go:81.2,82.12 2 1
orbyte/internal/platform/reporting/service.go:85.53,87.34 2 1
orbyte/internal/platform/reporting/service.go:87.34,89.3 1 1
orbyte/internal/platform/reporting/service.go:90.2,90.40 1 1
orbyte/internal/platform/reporting/service.go:90.40,90.78 1 0
orbyte/internal/platform/reporting/service.go:91.2,91.14 1 1
orbyte/internal/platform/reporting/service.go:94.68,97.2 2 0
orbyte/internal/platform/reporting/service.go:99.63,101.2 1 1
orbyte/internal/platform/reporting/service.go:103.87,105.2 1 1
orbyte/internal/platform/reporting/service.go:107.105,109.16 2 1
orbyte/internal/platform/reporting/service.go:109.16,111.3 1 0
orbyte/internal/platform/reporting/service.go:112.2,113.9 2 1
orbyte/internal/platform/reporting/service.go:113.9,115.3 1 0
orbyte/internal/platform/reporting/service.go:116.2,116.24 1 1
orbyte/internal/platform/reporting/service.go:117.15,118.26 1 1
orbyte/internal/platform/reporting/service.go:118.26,121.4 2 0
orbyte/internal/platform/reporting/service.go:122.3,122.41 1 1
orbyte/internal/platform/reporting/service.go:122.41,124.4 1 1
orbyte/internal/platform/reporting/service.go:125.3,126.17 2 1
orbyte/internal/platform/reporting/service.go:126.17,128.4 1 0
orbyte/internal/platform/reporting/service.go:129.3,132.28 4 1
orbyte/internal/platform/reporting/service.go:132.28,134.4 1 1
orbyte/internal/platform/reporting/service.go:135.3,135.108 1 1
orbyte/internal/platform/reporting/service.go:136.10,137.67 1 0
orbyte/internal/platform/reporting/service.go:141.99,144.16 3 1
orbyte/internal/platform/reporting/service.go:144.16,146.3 1 1
orbyte/internal/platform/reporting/service.go:147.2,148.20 2 1
orbyte/internal/platform/reporting/service.go:148.20,150.3 1 1
orbyte/internal/platform/reporting/service.go:151.2,152.9 2 1
orbyte/internal/platform/reporting/service.go:152.9,154.3 1 0
orbyte/internal/platform/reporting/service.go:155.2,156.31 2 1
orbyte/internal/platform/reporting/service.go:156.31,157.36 1 0
orbyte/internal/platform/reporting/service.go:157.36,159.4 1 0
orbyte/internal/platform/reporting/service.go:160.8,161.39 1 1
orbyte/internal/platform/reporting/service.go:161.39,163.17 2 1
orbyte/internal/platform/reporting/service.go:163.17,164.13 1 0
orbyte/internal/platform/reporting/service.go:166.4,166.89 1 1
orbyte/internal/platform/reporting/service.go:169.2,170.36 2 1
orbyte/internal/platform/reporting/service.go:170.36,172.22 2 1
orbyte/internal/platform/reporting/service.go:172.22,174.12 2 0
orbyte/internal/platform/reporting/service.go:176.3,176.147 1 1
orbyte/internal/platform/reporting/service.go:178.2,178.24 1 1
orbyte/internal/platform/reporting/service.go:178.24,180.3 1 0
orbyte/internal/platform/reporting/service.go:181.2,191.55 4 1
orbyte/internal/platform/reporting/service.go:194.115,197.16 3 1
orbyte/internal/platform/reporting/service.go:197.16,199.3 1 0
orbyte/internal/platform/reporting/service.go:200.2,201.9 2 1
orbyte/internal/platform/reporting/service.go:202.44,204.42 2 0
orbyte/internal/platform/reporting/service.go:205.29,206.25 1 1
orbyte/internal/platform/reporting/service.go:206.25,208.4 1 0
orbyte/internal/platform/reporting/service.go:209.3,218.29 4 1
orbyte/internal/platform/reporting/service.go:218.29,220.4 1 0
orbyte/internal/platform/reporting/service.go:221.3,221.136 1 1
orbyte/internal/platform/reporting/service.go:222.40,223.22 1 1
orbyte/internal/platform/reporting/service.go:223.22,225.4 1 0
orbyte/internal/platform/reporting/service.go:226.3,235.29 4 1
orbyte/internal/platform/reporting/service.go:235.29,237.4 1 0
orbyte/internal/platform/reporting/service.go:238.3,238.136 1 1
orbyte/internal/platform/reporting/service.go:239.10,240.60 1 1
orbyte/internal/platform/reporting/service.go:244.67,248.50 4 1
orbyte/internal/platform/reporting/service.go:248.50,250.3 1 1
orbyte/internal/platform/reporting/service.go:251.2,251.46 1 1
orbyte/internal/platform/reporting/service.go:251.46,253.3 1 0
orbyte/internal/platform/reporting/service.go:254.2,254.47 1 1
orbyte/internal/platform/reporting/service.go:254.47,256.3 1 0
orbyte/internal/platform/reporting/service.go:257.2,257.20 1 1
orbyte/internal/platform/reporting/service.go:257.20,259.3 1 0
orbyte/internal/platform/reporting/service.go:260.2,260.32 1 1
orbyte/internal/platform/reporting/service.go:260.32,262.3 1 0
orbyte/internal/platform/reporting/service.go:263.2,263.18 1 1
orbyte/internal/platform/reporting/service.go:266.45,269.29 3 1
orbyte/internal/platform/reporting/service.go:269.29,271.31 2 1
orbyte/internal/platform/reporting/service.go:271.31,272.12 1 0
orbyte/internal/platform/reporting/service.go:274.3,275.26 2 1
orbyte/internal/platform/reporting/service.go:277.2,277.12 1 1
orbyte/internal/platform/reporting/service.go:280.87,281.20 1 1
orbyte/internal/platform/reporting/service.go:281.20,283.3 1 1
orbyte/internal/platform/reporting/service.go:284.2,285.27 2 1
orbyte/internal/platform/reporting/service.go:285.27,287.3 1 1
orbyte/internal/platform/reporting/service.go:288.2,289.27 2 1
orbyte/internal/platform/reporting/service.go:289.27,290.52 1 1
orbyte/internal/platform/reporting/service.go:290.52,292.4 1 1
orbyte/internal/platform/reporting/service.go:294.2,294.12 1 1
orbyte/internal/platform/reporting/service.go:297.81,298.20 1 1
orbyte/internal/platform/reporting/service.go:298.20,300.3 1 1
orbyte/internal/platform/reporting/service.go:301.2,302.27 2 1
orbyte/internal/platform/reporting/service.go:302.27,304.3 1 1
orbyte/internal/platform/reporting/service.go:305.2,306.27 2 1
orbyte/internal/platform/reporting/service.go:306.27,307.52 1 1
orbyte/internal/platform/reporting/service.go:307.52,309.4 1 0
orbyte/internal/platform/reporting/service.go:311.2,311.12 1 1
orbyte/internal/platform/reporting/service.go:314.70,316.19 2 1
orbyte/internal/platform/reporting/service.go:316.19,318.3 1 1
orbyte/internal/platform/reporting/service.go:319.2,320.31 2 1
orbyte/internal/platform/reporting/service.go:320.31,322.16 2 1
orbyte/internal/platform/reporting/service.go:322.16,323.12 1 0
orbyte/internal/platform/reporting/service.go:325.3,325.74 1 1
orbyte/internal/platform/reporting/service.go:327.2,327.12 1 1
orbyte/internal/platform/reporting/service.go:330.56,331.20 1 1
orbyte/internal/platform/reporting/service.go:331.20,333.3 1 0
orbyte/internal/platform/reporting/service.go:334.2,335.27 2 1
orbyte/internal/platform/reporting/service.go:335.27,337.22 2 1
orbyte/internal/platform/reporting/service.go:337.22,339.12 2 1
orbyte/internal/platform/reporting/service.go:341.3,341.137 1 0
orbyte/internal/platform/reporting/service.go:343.2,343.12 1 1
orbyte/internal/platform/reporting/service.go:346.71,348.15 2 1
orbyte/internal/platform/reporting/service.go:348.15,350.3 1 1
orbyte/internal/platform/reporting/service.go:351.2,351.39 1 1
orbyte/internal/platform/reporting/service.go:351.39,354.25 3 1
orbyte/internal/platform/reporting/service.go:355.37,358.12 3 1
orbyte/internal/platform/reporting/service.go:358.12,360.5 1 1
orbyte/internal/platform/reporting/service.go:361.4,361.23 1 0
orbyte/internal/platform/reporting/service.go:363.3,365.11 3 0
orbyte/internal/platform/reporting/service.go:365.11,367.4 1 0
orbyte/internal/platform/reporting/service.go:368.3,368.22 1 0
orbyte/internal/platform/reporting/service.go:372.207,384.48 4 1
orbyte/internal/platform/reporting/service.go:384.48,386.3 1 1
orbyte/internal/platform/reporting/service.go:387.2,388.12 2 1
orbyte/internal/platform/reporting/service.go:391.35,392.31 1 1
orbyte/internal/platform/reporting/service.go:393.14,394.15 1 1
orbyte/internal/platform/reporting/service.go:395.10,396.53 1 0
orbyte/internal/platform/reporting/service.go:400.58,401.52 1 1
orbyte/internal/platform/reporting/service.go:401.52,403.3 1 0
orbyte/internal/platform/reporting/service.go:404.2,405.67 2 1
orbyte/internal/platform/reporting/service.go:405.67,407.10 2 1
orbyte/internal/platform/reporting/service.go:407.10,409.4 1 0
orbyte/internal/platform/reporting/service.go:410.3,410.26 1 1
orbyte/internal/platform/reporting/service.go:412.2,412.16 1 1
orbyte/internal/platform/reporting/service.go:415.76,416.22 1 0
orbyte/internal/platform/reporting/service.go:417.15,418.20 1 0
orbyte/internal/platform/reporting/service.go:419.13,421.30 2 0
orbyte/internal/platform/reporting/service.go:421.30,423.4 1 0
orbyte/internal/platform/reporting/service.go:424.3,424.15 1 0
orbyte/internal/platform/reporting/service.go:425.13,426.22 1 0
orbyte/internal/platform/reporting/service.go:426.22,428.4 1 0
orbyte/internal/platform/reporting/service.go:429.3,430.30 2 0
orbyte/internal/platform/reporting/service.go:430.30,432.4 1 0
orbyte/internal/platform/reporting/service.go:433.3,433.37 1 0
orbyte/internal/platform/reporting/service.go:434.13,435.22 1 0
orbyte/internal/platform/reporting/service.go:435.22,437.4 1 0
orbyte/internal/platform/reporting/service.go:438.3,439.34 2 0
orbyte/internal/platform/reporting/service.go:439.34,441.19 2 0
orbyte/internal/platform/reporting/service.go:441.19,443.5 1 0
orbyte/internal/platform/reporting/service.go:445.3,445.13 1 0
orbyte/internal/platform/reporting/service.go:446.13,447.22 1 0
orbyte/internal/platform/reporting/service.go:447.22,449.4 1 0
orbyte/internal/platform/reporting/service.go:450.3,451.34 2 0
orbyte/internal/platform/reporting/service.go:451.34,453.19 2 0
orbyte/internal/platform/reporting/service.go:453.19,455.5 1 0
orbyte/internal/platform/reporting/service.go:457.3,457.13 1 0
orbyte/internal/platform/reporting/service.go:458.10,459.13 1 0
orbyte/internal/platform/reporting/service.go:463.55,465.29 2 1
orbyte/internal/platform/reporting/service.go:465.29,467.39 2 1
orbyte/internal/platform/reporting/service.go:467.39,469.4 1 1
orbyte/internal/platform/reporting/service.go:470.3,470.27 1 1
orbyte/internal/platform/reporting/service.go:472.2,472.13 1 1
orbyte/internal/platform/reporting/service.go:475.112,477.29 2 1
orbyte/internal/platform/reporting/service.go:477.29,478.41 1 1
orbyte/internal/platform/reporting/service.go:478.41,479.12 1 0
orbyte/internal/platform/reporting/service.go:481.3,482.20 2 1
orbyte/internal/platform/reporting/service.go:482.20,490.4 1 1
orbyte/internal/platform/reporting/service.go:491.3,508.5 1 1
orbyte/internal/platform/reporting/service.go:510.2,510.35 1 1
orbyte/internal/platform/reporting/service.go:513.89,515.29 2 1
orbyte/internal/platform/reporting/service.go:515.29,526.45 2 1
orbyte/internal/platform/reporting/service.go:526.45,527.12 1 0
orbyte/internal/platform/reporting/service.go:529.3,529.27 1 1
orbyte/internal/platform/reporting/service.go:531.2,531.35 1 1
orbyte/internal/platform/reporting/service.go:534.121,536.29 2 1
orbyte/internal/platform/reporting/service.go:536.29,538.40 2 1
orbyte/internal/platform/reporting/service.go:538.40,540.4 1 1
orbyte/internal/platform/reporting/service.go:541.3,541.36 1 1
orbyte/internal/platform/reporting/service.go:541.36,542.31 1 1
orbyte/internal/platform/reporting/service.go:542.31,544.13 2 1
orbyte/internal/platform/reporting/service.go:546.4,546.54 1 1
orbyte/internal/platform/reporting/service.go:548.3,548.27 1 1
orbyte/internal/platform/reporting/service.go:550.2,550.13 1 1
orbyte/internal/platform/reporting/service.go:553.89,555.35 2 1
orbyte/internal/platform/reporting/service.go:555.35,557.3 1 1
orbyte/internal/platform/reporting/service.go:558.2,558.16 1 1
orbyte/internal/platform/reporting/service.go:561.118,562.23 1 1
orbyte/internal/platform/reporting/service.go:562.23,564.3 1 0
orbyte/internal/platform/reporting/service.go:565.2,567.29 3 1
orbyte/internal/platform/reporting/service.go:567.29,570.37 3 1
orbyte/internal/platform/reporting/service.go:570.37,572.19 2 1
orbyte/internal/platform/reporting/service.go:572.19,574.5 1 0
orbyte/internal/platform/reporting/service.go:575.4,576.38 2 1
orbyte/internal/platform/reporting/service.go:578.3,579.39 2 1
orbyte/internal/platform/reporting/service.go:579.39,582.4 2 1
orbyte/internal/platform/reporting/service.go:583.3,583.36 1 1
orbyte/internal/platform/reporting/service.go:583.36,585.4 1 1
orbyte/internal/platform/reporting/service.go:587.2,588.28 2 1
orbyte/internal/platform/reporting/service.go:588.28,590.36 2 1
orbyte/internal/platform/reporting/service.go:590.36,591.29 1 1
orbyte/internal/platform/reporting/service.go:591.29,593.5 1 1
orbyte/internal/platform/reporting/service.go:595.3,595.27 1 1
orbyte/internal/platform/reporting/service.go:597.2,597.12 1 1
orbyte/internal/platform/reporting/service.go:600.81,601.22 1 1
orbyte/internal/platform/reporting/service.go:602.15,603.20 1 1
orbyte/internal/platform/reporting/service.go:604.13,606.30 2 1
orbyte/internal/platform/reporting/service.go:606.30,608.4 1 1
orbyte/internal/platform/reporting/service.go:609.3,609.15 1 1
orbyte/internal/platform/reporting/service.go:610.13,611.22 1 1
orbyte/internal/platform/reporting/service.go:611.22,613.4 1 0
orbyte/internal/platform/reporting/service.go:614.3,615.30 2 1
orbyte/internal/platform/reporting/service.go:615.30,617.4 1 1
orbyte/internal/platform/reporting/service.go:618.3,618.37 1 1
orbyte/internal/platform/reporting/service.go:619.13,620.22 1 1
orbyte/internal/platform/reporting/service.go:620.22,622.4 1 0
orbyte/internal/platform/reporting/service.go:623.3,624.34 2 1
orbyte/internal/platform/reporting/service.go:624.34,626.19 2 1
orbyte/internal/platform/reporting/service.go:626.19,628.5 1 1
orbyte/internal/platform/reporting/service.go:630.3,630.13 1 1
orbyte/internal/platform/reporting/service.go:631.13,632.22 1 1
orbyte/internal/platform/reporting/service.go:632.22,634.4 1 0
orbyte/internal/platform/reporting/service.go:635.3,636.34 2 1
orbyte/internal/platform/reporting/service.go:636.34,638.19 2 1
orbyte/internal/platform/reporting/service.go:638.19,640.5 1 1
orbyte/internal/platform/reporting/service.go:642.3,642.13 1 1
orbyte/internal/platform/reporting/service.go:643.10,644.13 1 0
orbyte/internal/platform/reporting/service.go:648.92,649.22 1 1
orbyte/internal/platform/reporting/service.go:650.15,652.22 2 1
orbyte/internal/platform/reporting/service.go:653.13,655.66 2 1
orbyte/internal/platform/reporting/service.go:656.13,658.19 2 1
orbyte/internal/platform/reporting/service.go:658.19,660.4 1 1
orbyte/internal/platform/reporting/service.go:661.3,663.15 3 1
orbyte/internal/platform/reporting/service.go:664.13,666.21 2 1
orbyte/internal/platform/reporting/service.go:666.21,668.4 1 1
orbyte/internal/platform/reporting/service.go:669.3,670.23 2 0
orbyte/internal/platform/reporting/service.go:670.23,672.4 1 0
orbyte/internal/platform/reporting/service.go:673.3,673.18 1 0
orbyte/internal/platform/reporting/service.go:674.13,676.21 2 1
orbyte/internal/platform/reporting/service.go:676.21,678.4 1 1
orbyte/internal/platform/reporting/service.go:679.3,680.23 2 1
orbyte/internal/platform/reporting/service.go:680.23,682.4 1 1
orbyte/internal/platform/reporting/service.go:683.3,683.18 1 0
orbyte/internal/platform/reporting/service.go:684.10,685.17 1 0
orbyte/internal/platform/reporting/service.go:689.73,690.40 1 1
orbyte/internal/platform/reporting/service.go:690.40,692.17 2 0
orbyte/internal/platform/reporting/service.go:692.17,693.12 1 0
orbyte/internal/platform/reporting/service.go:695.3,695.14 1 0
orbyte/internal/platform/reporting/service.go:696.15,697.83 1 0
orbyte/internal/platform/reporting/service.go:697.83,699.5 1 0
orbyte/internal/platform/reporting/service.go:700.17,701.85 1 0
orbyte/internal/platform/reporting/service.go:701.85,703.5 1 0
orbyte/internal/platform/reporting/service.go:704.26,705.93 1 0
orbyte/internal/platform/reporting/service.go:705.93,707.5 1 0
orbyte/internal/platform/reporting/service.go:708.22,709.89 1 0
orbyte/internal/platform/reporting/service.go:709.89,711.5 1 0
orbyte/internal/platform/reporting/service.go:714.2,714.13 1 1
orbyte/internal/platform/reporting/service.go:717.76,718.34 1 1
orbyte/internal/platform/reporting/service.go:718.34,720.17 2 0
orbyte/internal/platform/reporting/service.go:720.17,721.12 1 0
orbyte/internal/platform/reporting/service.go:723.3,723.99 1 0
orbyte/internal/platform/reporting/service.go:723.99,725.4 1 0
orbyte/internal/platform/reporting/service.go:727.2,727.13 1 1
orbyte/internal/platform/reporting/service.go:730.79,732.27 2 1
orbyte/internal/platform/reporting/service.go:732.27,733.44 1 1
orbyte/internal/platform/reporting/service.go:733.44,735.4 1 1
orbyte/internal/platform/reporting/service.go:737.2,737.25 1 1
orbyte/internal/platform/reporting/service.go:737.25,739.3 1 0
orbyte/internal/platform/reporting/service.go:740.2,742.15 3 1
orbyte/internal/platform/reporting/service.go:742.15,744.3 1 0
orbyte/internal/platform/reporting/service.go:745.2,745.19 1 1
orbyte/internal/platform/reporting/service.go:745.19,747.3 1 0
orbyte/internal/platform/reporting/service.go:748.2,749.28 2 1
orbyte/internal/platform/reporting/service.go:749.28,751.3 1 0
orbyte/internal/platform/reporting/service.go:752.2,753.25 2 1
orbyte/internal/platform/reporting/service.go:753.25,755.3 1 1
orbyte/internal/platform/reporting/service.go:756.2,756.28 1 1
orbyte/internal/platform/reporting/service.go:759.87,760.22 1 0
orbyte/internal/platform/reporting/service.go:761.15,763.22 2 0
orbyte/internal/platform/reporting/service.go:764.13,766.73 2 0
orbyte/internal/platform/reporting/service.go:767.13,769.19 2 0
orbyte/internal/platform/reporting/service.go:769.19,771.4 1 0
orbyte/internal/platform/reporting/service.go:772.3,774.15 3 0
orbyte/internal/platform/reporting/service.go:775.13,777.21 2 0
orbyte/internal/platform/reporting/service.go:777.21,779.4 1 0
orbyte/internal/platform/reporting/service.go:780.3,781.23 2 0
orbyte/internal/platform/reporting/service.go:781.23,783.4 1 0
orbyte/internal/platform/reporting/service.go:784.3,784.18 1 0
orbyte/internal/platform/reporting/service.go:785.13,787.21 2 0
orbyte/internal/platform/reporting/service.go:787.21,789.4 1 0
orbyte/internal/platform/reporting/service.go:790.3,791.23 2 0
orbyte/internal/platform/reporting/service.go:791.23,793.4 1 0
orbyte/internal/platform/reporting/service.go:794.3,794.18 1 0
orbyte/internal/platform/reporting/service.go:795.10,796.17 1 0
orbyte/internal/platform/reporting/service.go:800.37,802.18 2 1
orbyte/internal/platform/reporting/service.go:802.18,804.3 1 0
orbyte/internal/platform/reporting/service.go:805.2,806.16 2 1
orbyte/internal/platform/reporting/service.go:806.16,808.3 1 0
orbyte/internal/platform/reporting/service.go:809.2,810.29 2 1
orbyte/internal/platform/reporting/service.go:813.38,814.31 1 1
orbyte/internal/platform/reporting/service.go:815.11,816.24 1 1
orbyte/internal/platform/reporting/service.go:817.13,818.24 1 0
orbyte/internal/platform/reporting/service.go:819.15,820.15 1 1
orbyte/internal/platform/reporting/service.go:821.15,822.24 1 0
orbyte/internal/platform/reporting/service.go:823.14,825.19 2 0
orbyte/internal/platform/reporting/service.go:825.19,827.4 1 0
orbyte/internal/platform/reporting/service.go:828.3,830.13 3 0
orbyte/internal/platform/reporting/service.go:831.10,832.11 1 0
orbyte/internal/platform/runtimehealth/tracker.go:57.28,61.2 1 0
orbyte/internal/platform/runtimehealth/tracker.go:63.47,64.14 1 0
orbyte/internal/platform/runtimehealth/tracker.go:64.14,66.3 1 0
orbyte/internal/platform/runtimehealth/tracker.go:67.2,69.21 3 0
orbyte/internal/platform/runtimehealth/tracker.go:72.64,73.14 1 0
orbyte/internal/platform/runtimehealth/tracker.go:73.14,75.3 1 0
orbyte/internal/platform/runtimehealth/tracker.go:76.2,78.30 3 0
orbyte/internal/platform/runtimehealth/tracker.go:81.47,82.14 1 0
orbyte/internal/platform/runtimehealth/tracker.go:82.14,84.3 1 0
orbyte/internal/platform/runtimehealth/tracker.go:85.2,87.24 3 0
orbyte/internal/platform/runtimehealth/tracker.go:90.54,91.14 1 0
orbyte/internal/platform/runtimehealth/tracker.go:91.14,93.3 1 0
orbyte/internal/platform/runtimehealth/tracker.go:94.2,96.31 3 0
orbyte/internal/platform/runtimehealth/tracker.go:99.54,100.14 1 0
orbyte/internal/platform/runtimehealth/tracker.go:100.14,102.3 1 0
orbyte/internal/platform/runtimehealth/tracker.go:103.2,105.31 3 0
orbyte/internal/platform/runtimehealth/tracker.go:108.44,109.28 1 0
orbyte/internal/platform/runtimehealth/tracker.go:109.28,111.3 1 0
orbyte/internal/platform/runtimehealth/tracker.go:112.2,120.27 9 0
orbyte/internal/platform/runtimehealth/tracker.go:123.55,124.28 1 0
orbyte/internal/platform/runtimehealth/tracker.go:124.28,126.3 1 0
orbyte/internal/platform/runtimehealth/tracker.go:127.2,133.16 7 0
orbyte/internal/platform/runtimehealth/tracker.go:133.16,135.3 1 0
orbyte/internal/platform/runtimehealth/tracker.go:136.2,136.54 1 0
orbyte/internal/platform/runtimehealth/tracker.go:136.54,138.3 1 0
orbyte/internal/platform/runtimehealth/tracker.go:138.8,140.3 1 0
orbyte/internal/platform/runtimehealth/tracker.go:141.2,141.27 1 0
orbyte/internal/platform/runtimehealth/tracker.go:144.58,145.14 1 0
orbyte/internal/platform/runtimehealth/tracker.go:145.14,147.3 1 0
orbyte/internal/platform/runtimehealth/tracker.go:148.2,156.36 9 0
orbyte/internal/platform/runtimehealth/tracker.go:156.36,158.32 2 0
orbyte/internal/platform/runtimehealth/tracker.go:158.32,160.4 1 0
orbyte/internal/platform/runtimehealth/tracker.go:162.2,166.20 4 0
orbyte/internal/platform/runtimehealth/tracker.go:166.20,167.38 1 0
orbyte/internal/platform/runtimehealth/tracker.go:167.38,171.4 3 0
orbyte/internal/platform/runtimehealth/tracker.go:173.2,174.28 2 0
orbyte/internal/platform/runtimehealth/tracker.go:174.28,176.3 1 0
orbyte/internal/platform/runtimehealth/tracker.go:177.2,187.3 1 0
orbyte/internal/platform/identity/google.go:44.133,45.23 1 1
orbyte/internal/platform/identity/google.go:45.23,47.3 1 0
orbyte/internal/platform/identity/google.go:48.2,48.48 1 1
orbyte/internal/platform/identity/google.go:48.48,50.3 1 0
orbyte/internal/platform/identity/google.go:51.2,51.47 1 1
orbyte/internal/platform/identity/google.go:51.47,53.3 1 0
orbyte/internal/platform/identity/google.go:54.2,54.38 1 1
orbyte/internal/platform/identity/google.go:54.38,56.3 1 0
orbyte/internal/platform/identity/google.go:57.2,57.26 1 1
orbyte/internal/platform/identity/google.go:57.26,61.3 3 1
orbyte/internal/platform/identity/google.go:62.2,63.25 2 1
orbyte/internal/platform/identity/google.go:63.25,65.3 1 0
orbyte/internal/platform/identity/google.go:66.2,67.16 2 1
orbyte/internal/platform/identity/google.go:67.16,69.3 1 0
orbyte/internal/platform/identity/google.go:70.2,74.16 2 1
orbyte/internal/platform/identity/google.go:74.16,76.3 1 0
orbyte/internal/platform/identity/google.go:77.2,78.64 2 1
orbyte/internal/platform/identity/google.go:78.64,80.3 1 1
orbyte/internal/platform/identity/google.go:81.2,81.64 1 1
orbyte/internal/platform/identity/google.go:81.64,83.3 1 0
orbyte/internal/platform/identity/google.go:85.2,93.19 8 1
orbyte/internal/platform/identity/google.go:93.19,95.3 1 0
orbyte/internal/platform/identity/google.go:96.2,96.17 1 1
orbyte/internal/platform/identity/google.go:96.17,98.3 1 0
orbyte/internal/platform/identity/google.go:99.2,99.20 1 1
orbyte/internal/platform/identity/google.go:99.20,101.3 1 0
orbyte/internal/platform/identity/google.go:102.2,102.92 1 1
orbyte/internal/platform/identity/google.go:102.92,104.3 1 0
orbyte/internal/platform/identity/google.go:105.2,113.8 1 1
orbyte/internal/platform/identity/google.go:116.63,118.48 2 1
orbyte/internal/platform/identity/google.go:118.48,120.3 1 1
orbyte/internal/platform/identity/google.go:121.2,121.39 1 1
orbyte/internal/platform/identity/google.go:124.59,126.48 2 1
orbyte/internal/platform/identity/google.go:126.48,128.3 1 1
orbyte/internal/platform/identity/google.go:129.2,130.47 2 0
orbyte/internal/platform/identity/google.go:130.47,132.3 1 0
orbyte/internal/platform/identity/google.go:133.2,133.21 1 0
orbyte/internal/platform/identity/memory_repository.go:17.231,29.2 1 1
orbyte/internal/platform/identity/memory_repository.go:31.43,33.2 1 1
orbyte/internal/platform/identity/memory_repository.go:35.43,37.2 1 1
orbyte/internal/platform/identity/memory_repository.go:39.55,41.2 1 1
orbyte/internal/platform/identity/memory_repository.go:43.57,45.2 1 1
orbyte/internal/platform/identity/memory_repository.go:47.63,49.2 1 1
orbyte/internal/platform/identity/memory_repository.go:51.55,53.2 1 1
orbyte/internal/platform/identity/memory_repository.go:55.49,57.2 1 1
orbyte/internal/platform/identity/memory_repository.go:59.67,61.2 1 1
orbyte/internal/platform/identity/memory_repository.go:63.54,64.34 1 1
orbyte/internal/platform/identity/memory_repository.go:64.34,65.28 1 1
orbyte/internal/platform/identity/memory_repository.go:65.28,68.4 2 1
orbyte/internal/platform/identity/memory_repository.go:70.2,71.12 2 1
orbyte/internal/platform/identity/memory_repository.go:74.54,75.34 1 1
orbyte/internal/platform/identity/memory_repository.go:75.34,76.28 1 1
orbyte/internal/platform/identity/memory_repository.go:76.28,79.4 2 0
orbyte/internal/platform/identity/memory_repository.go:81.2,82.12 2 1
orbyte/internal/platform/identity/memory_repository.go:85.72,86.40 1 0
orbyte/internal/platform/identity/memory_repository.go:86.40,87.36 1 0
orbyte/internal/platform/identity/memory_repository.go:87.36,90.4 2 0
orbyte/internal/platform/identity/memory_repository.go:92.2,93.12 2 0
orbyte/internal/platform/identity/memory_repository.go:96.71,97.37 1 1
orbyte/internal/platform/identity/memory_repository.go:97.37,98.31 1 1
orbyte/internal/platform/identity/memory_repository.go:98.31,101.4 2 1
orbyte/internal/platform/identity/memory_repository.go:103.2,104.12 2 1
orbyte/internal/platform/identity/memory_repository.go:107.75,108.35 1 0
orbyte/internal/platform/identity/memory_repository.go:108.35,109.85 1 0
orbyte/internal/platform/identity/memory_repository.go:109.85,112.4 2 0
orbyte/internal/platform/identity/memory_repository.go:114.2,115.12 2 0
orbyte/internal/platform/identity/memory_repository.go:118.61,119.31 1 1
orbyte/internal/platform/identity/memory_repository.go:119.31,120.20 1 1
orbyte/internal/platform/identity/memory_repository.go:120.20,122.4 1 1
orbyte/internal/platform/identity/memory_repository.go:124.2,124.22 1 0
orbyte/internal/platform/identity/memory_repository.go:127.77,128.31 1 1
orbyte/internal/platform/identity/memory_repository.go:128.31,129.32 1 1
orbyte/internal/platform/identity/memory_repository.go:129.32,131.4 1 1
orbyte/internal/platform/identity/memory_repository.go:133.2,133.22 1 1
orbyte/internal/platform/identity/memory_repository.go:136.89,137.31 1 1
orbyte/internal/platform/identity/memory_repository.go:137.31,138.44 1 1
orbyte/internal/platform/identity/memory_repository.go:138.44,140.4 1 0
orbyte/internal/platform/identity/memory_repository.go:142.2,142.22 1 1
orbyte/internal/platform/identity/memory_repository.go:145.67,146.37 1 1
orbyte/internal/platform/identity/memory_repository.go:146.37,147.23 1 1
orbyte/internal/platform/identity/memory_repository.go:147.23,149.4 1 1
orbyte/internal/platform/identity/memory_repository.go:151.2,151.25 1 0
orbyte/internal/platform/identity/memory_repository.go:154.85,155.43 1 1
orbyte/internal/platform/identity/memory_repository.go:155.43,156.34 1 1
orbyte/internal/platform/identity/memory_repository.go:156.34,158.4 1 1
orbyte/internal/platform/identity/memory_repository.go:160.2,160.28 1 0
orbyte/internal/platform/identity/memory_repository.go:163.85,164.48 1 1
orbyte/internal/platform/identity/memory_repository.go:164.48,165.25 1 1
orbyte/internal/platform/identity/memory_repository.go:165.25,167.4 1 1
orbyte/internal/platform/identity/memory_repository.go:169.2,169.34 1 0
orbyte/internal/platform/identity/memory_repository.go:172.83,173.46 1 0
orbyte/internal/platform/identity/memory_repository.go:173.46,174.33 1 0
orbyte/internal/platform/identity/memory_repository.go:174.33,177.4 2 0
orbyte/internal/platform/identity/memory_repository.go:179.2,180.12 2 0
orbyte/internal/platform/identity/memory_repository.go:183.72,184.40 1 1
orbyte/internal/platform/identity/memory_repository.go:184.40,185.42 1 1
orbyte/internal/platform/identity/memory_repository.go:185.42,188.4 2 1
orbyte/internal/platform/identity/memory_repository.go:190.2,191.12 2 1
orbyte/internal/platform/identity/memory_repository.go:194.63,195.37 1 1
orbyte/internal/platform/identity/memory_repository.go:195.37,196.31 1 1
orbyte/internal/platform/identity/memory_repository.go:196.31,199.4 2 1
orbyte/internal/platform/identity/memory_repository.go:201.2,202.12 2 1
orbyte/internal/platform/identity/memory_repository.go:205.86,207.24 2 1
orbyte/internal/platform/identity/memory_repository.go:207.24,209.3 1 1
orbyte/internal/platform/identity/memory_repository.go:210.2,211.39 2 1
orbyte/internal/platform/identity/memory_repository.go:211.39,212.33 1 1
orbyte/internal/platform/identity/memory_repository.go:212.33,214.4 1 1
orbyte/internal/platform/identity/memory_repository.go:216.2,216.24 1 1
orbyte/internal/platform/identity/memory_repository.go:216.24,219.3 2 0
orbyte/internal/platform/identity/memory_repository.go:220.2,221.22 2 1
orbyte/internal/platform/identity/memory_repository.go:224.88,227.2 2 1
orbyte/internal/platform/identity/memory_repository.go:229.65,232.2 2 1
orbyte/internal/platform/identity/memory_repository.go:234.73,235.45 1 1
orbyte/internal/platform/identity/memory_repository.go:235.45,237.40 2 1
orbyte/internal/platform/identity/memory_repository.go:237.40,238.35 1 1
orbyte/internal/platform/identity/memory_repository.go:238.35,240.5 1 1
orbyte/internal/platform/identity/memory_repository.go:242.3,242.25 1 1
orbyte/internal/platform/identity/memory_repository.go:242.25,244.12 2 0
orbyte/internal/platform/identity/memory_repository.go:246.3,246.34 1 1
orbyte/internal/platform/identity/memory_repository.go:248.2,248.12 1 1
orbyte/internal/platform/identity/password.go:22.52,24.43 2 1
orbyte/internal/platform/identity/password.go:24.43,26.3 1 0
orbyte/internal/platform/identity/password.go:27.2,36.8 2 1
orbyte/internal/platform/identity/password.go:39.65,41.47 2 1
orbyte/internal/platform/identity/password.go:41.47,43.3 1 0
orbyte/internal/platform/identity/password.go:44.2,45.66 2 1
orbyte/internal/platform/identity/password.go:45.66,47.3 1 0
orbyte/internal/platform/identity/password.go:48.2,48.31 1 1
orbyte/internal/platform/identity/password.go:48.31,50.3 1 0
orbyte/internal/platform/identity/password.go:51.2,52.22 2 1
orbyte/internal/platform/identity/password.go:52.22,54.3 1 0
orbyte/internal/platform/identity/password.go:55.2,56.16 2 1
orbyte/internal/platform/identity/password.go:56.16,58.3 1 0
orbyte/internal/platform/identity/password.go:59.2,60.16 2 1
orbyte/internal/platform/identity/password.go:60.16,62.3 1 0
orbyte/internal/platform/identity/password.go:63.2,64.16 2 1
orbyte/internal/platform/identity/password.go:64.16,66.3 1 0
orbyte/internal/platform/identity/password.go:67.2,68.16 2 1
orbyte/internal/platform/identity/password.go:68.16,70.3 1 0
orbyte/internal/platform/identity/password.go:71.2,72.16 2 1
orbyte/internal/platform/identity/password.go:72.16,74.3 1 0
orbyte/internal/platform/identity/password.go:75.2,76.68 2 1
orbyte/internal/platform/identity/password.go:79.61,82.16 3 1
orbyte/internal/platform/identity/password.go:82.16,84.3 1 0
orbyte/internal/platform/identity/password.go:85.2,85.28 1 1
orbyte/internal/platform/identity/password.go:88.59,91.16 3 1
orbyte/internal/platform/identity/password.go:91.16,93.3 1 0
orbyte/internal/platform/identity/password.go:94.2,94.27 1 1
orbyte/internal/platform/identity/postgres_repository.go:14.60,16.2 1 1
orbyte/internal/platform/identity/postgres_repository.go:18.45,25.16 3 1
orbyte/internal/platform/identity/postgres_repository.go:25.16,27.3 1 0
orbyte/internal/platform/identity/postgres_repository.go:28.2,31.18 3 1
orbyte/internal/platform/identity/postgres_repository.go:31.18,33.239 2 1
orbyte/internal/platform/identity/postgres_repository.go:33.239,34.12 1 0
orbyte/internal/platform/identity/postgres_repository.go:36.3,36.30 1 1
orbyte/internal/platform/identity/postgres_repository.go:38.2,38.14 1 1
orbyte/internal/platform/identity/postgres_repository.go:41.45,48.16 3 1
orbyte/internal/platform/identity/postgres_repository.go:48.16,50.3 1 0
orbyte/internal/platform/identity/postgres_repository.go:51.2,54.18 3 1
orbyte/internal/platform/identity/postgres_repository.go:54.18,56.168 2 1
orbyte/internal/platform/identity/postgres_repository.go:56.168,57.12 1 0
orbyte/internal/platform/identity/postgres_repository.go:59.3,59.30 1 1
orbyte/internal/platform/identity/postgres_repository.go:61.2,61.14 1 1
orbyte/internal/platform/identity/postgres_repository.go:64.57,71.16 3 1
orbyte/internal/platform/identity/postgres_repository.go:71.16,73.3 1 0
orbyte/internal/platform/identity/postgres_repository.go:74.2,77.18 3 1
orbyte/internal/platform/identity/postgres_repository.go:77.18,79.109 2 1
orbyte/internal/platform/identity/postgres_repository.go:79.109,80.12 1 0
orbyte/internal/platform/identity/postgres_repository.go:82.3,82.30 1 1
orbyte/internal/platform/identity/postgres_repository.go:84.2,84.14 1 1
orbyte/internal/platform/identity/postgres_repository.go:87.59,93.16 3 1
orbyte/internal/platform/identity/postgres_repository.go:93.16,95.3 1 0
orbyte/internal/platform/identity/postgres_repository.go:96.2,98.18 3 1
orbyte/internal/platform/identity/postgres_repository.go:98.18,101.170 3 1
orbyte/internal/platform/identity/postgres_repository.go:101.170,102.12 1 0
orbyte/internal/platform/identity/postgres_repository.go:104.3,104.24 1 1
orbyte/internal/platform/identity/postgres_repository.go:104.24,106.4 1 0
orbyte/internal/platform/identity/postgres_repository.go:107.3,107.30 1 1
orbyte/internal/platform/identity/postgres_repository.go:109.2,109.14 1 1
orbyte/internal/platform/identity/postgres_repository.go:112.65,118.16 3 1
orbyte/internal/platform/identity/postgres_repository.go:118.16,120.3 1 0
orbyte/internal/platform/identity/postgres_repository.go:121.2,123.18 3 1
orbyte/internal/platform/identity/postgres_repository.go:123.18,125.70 2 1
orbyte/internal/platform/identity/postgres_repository.go:125.70,126.12 1 0
orbyte/internal/platform/identity/postgres_repository.go:128.3,128.30 1 1
orbyte/internal/platform/identity/postgres_repository.go:130.2,130.14 1 1
orbyte/internal/platform/identity/postgres_repository.go:133.57,140.16 3 1
orbyte/internal/platform/identity/postgres_repository.go:140.16,142.3 1 0
orbyte/internal/platform/identity/postgres_repository.go:143.2,146.18 3 1
orbyte/internal/platform/identity/postgres_repository.go:146.18,151.151 2 1
orbyte/internal/platform/identity/postgres_repository.go:151.151,152.12 1 0
orbyte/internal/platform/identity/postgres_repository.go:154.3,154.24 1 1
orbyte/internal/platform/identity/postgres_repository.go:154.24,156.4 1 0
orbyte/internal/platform/identity/postgres_repository.go:157.3,157.30 1 1
orbyte/internal/platform/identity/postgres_repository.go:159.2,159.14 1 1
orbyte/internal/platform/identity/postgres_repository.go:162.63,181.16 4 1
orbyte/internal/platform/identity/postgres_repository.go:181.16,183.3 1 0
orbyte/internal/platform/identity/postgres_repository.go:184.2,184.19 1 1
orbyte/internal/platform/identity/postgres_repository.go:187.79,206.16 4 1
orbyte/internal/platform/identity/postgres_repository.go:206.16,208.3 1 0
orbyte/internal/platform/identity/postgres_repository.go:209.2,209.19 1 1
orbyte/internal/platform/identity/postgres_repository.go:212.91,231.16 4 1
orbyte/internal/platform/identity/postgres_repository.go:231.16,233.3 1 0
orbyte/internal/platform/identity/postgres_repository.go:234.2,234.19 1 1
orbyte/internal/platform/identity/postgres_repository.go:237.87,255.16 4 1
orbyte/internal/platform/identity/postgres_repository.go:255.16,257.3 1 0
orbyte/internal/platform/identity/postgres_repository.go:258.2,258.23 1 1
orbyte/internal/platform/identity/postgres_repository.go:258.23,260.3 1 0
orbyte/internal/platform/identity/postgres_repository.go:261.2,261.19 1 1
orbyte/internal/platform/identity/postgres_repository.go:264.51,272.16 3 1
orbyte/internal/platform/identity/postgres_repository.go:272.16,274.3 1 0
orbyte/internal/platform/identity/postgres_repository.go:275.2,278.18 3 1
orbyte/internal/platform/identity/postgres_repository.go:278.18,284.204 2 1
orbyte/internal/platform/identity/postgres_repository.go:284.204,285.12 1 0
orbyte/internal/platform/identity/postgres_repository.go:287.3,287.22 1 1
orbyte/internal/platform/identity/postgres_repository.go:287.22,289.4 1 0
orbyte/internal/platform/identity/postgres_repository.go:290.3,291.30 2 1
orbyte/internal/platform/identity/postgres_repository.go:293.2,293.14 1 1
orbyte/internal/platform/identity/postgres_repository.go:296.69,304.16 3 1
orbyte/internal/platform/identity/postgres_repository.go:304.16,306.3 1 0
orbyte/internal/platform/identity/postgres_repository.go:307.2,310.18 3 1
orbyte/internal/platform/identity/postgres_repository.go:310.18,315.138 2 1
orbyte/internal/platform/identity/postgres_repository.go:315.138,316.12 1 0
orbyte/internal/platform/identity/postgres_repository.go:318.3,319.30 2 1
orbyte/internal/platform/identity/postgres_repository.go:321.2,321.14 1 1
orbyte/internal/platform/identity/postgres_repository.go:324.56,353.2 3 1
orbyte/internal/platform/identity/postgres_repository.go:355.56,380.2 3 0
orbyte/internal/platform/identity/postgres_repository.go:382.74,402.2 3 0
orbyte/internal/platform/identity/postgres_repository.go:404.73,418.35 3 1
orbyte/internal/platform/identity/postgres_repository.go:418.35,420.3 1 0
orbyte/internal/platform/identity/postgres_repository.go:421.2,434.12 2 1
orbyte/internal/platform/identity/postgres_repository.go:437.77,444.2 3 0
orbyte/internal/platform/identity/postgres_repository.go:446.69,470.16 4 1
orbyte/internal/platform/identity/postgres_repository.go:470.16,472.3 1 0
orbyte/internal/platform/identity/postgres_repository.go:473.2,473.21 1 1
orbyte/internal/platform/identity/postgres_repository.go:473.21,475.3 1 0
orbyte/internal/platform/identity/postgres_repository.go:476.2,477.19 2 1
orbyte/internal/platform/identity/postgres_repository.go:480.87,500.16 4 1
orbyte/internal/platform/identity/postgres_repository.go:500.16,502.3 1 0
orbyte/internal/platform/identity/postgres_repository.go:503.2,504.19 2 1
orbyte/internal/platform/identity/postgres_repository.go:507.85,519.16 3 0
orbyte/internal/platform/identity/postgres_repository.go:519.16,521.3 1 0
orbyte/internal/platform/identity/postgres_repository.go:522.2,533.12 2 0
orbyte/internal/platform/identity/postgres_repository.go:536.88,542.99 3 1
orbyte/internal/platform/identity/postgres_repository.go:542.99,544.3 1 0
orbyte/internal/platform/identity/postgres_repository.go:545.2,545.14 1 1
orbyte/internal/platform/identity/postgres_repository.go:548.90,554.2 3 1
orbyte/internal/platform/identity/postgres_repository.go:556.67,562.2 3 1
orbyte/internal/platform/identity/postgres_repository.go:564.75,570.2 3 1
orbyte/internal/platform/identity/postgres_repository.go:572.65,587.16 3 1
orbyte/internal/platform/identity/postgres_repository.go:587.16,589.3 1 0
orbyte/internal/platform/identity/postgres_repository.go:590.2,591.33 2 1
orbyte/internal/platform/identity/postgres_repository.go:591.33,593.3 1 0
orbyte/internal/platform/identity/postgres_repository.go:594.2,608.12 2 1
orbyte/internal/platform/identity/postgres_repository.go:611.74,623.38 3 1
orbyte/internal/platform/identity/postgres_repository.go:623.38,625.3 1 0
orbyte/internal/platform/identity/postgres_repository.go:626.2,636.12 2 1
orbyte/internal/platform/identity/service.go:38.53,42.2 3 1
orbyte/internal/platform/identity/service.go:44.82,194.29 5 1
orbyte/internal/platform/identity/service.go:194.29,196.17 2 1
orbyte/internal/platform/identity/service.go:196.17,203.4 1 1
orbyte/internal/platform/identity/service.go:205.2,337.3 5 1
orbyte/internal/platform/identity/service.go:340.84,342.2 1 1
orbyte/internal/platform/identity/service.go:344.60,347.34 3 0
orbyte/internal/platform/identity/service.go:347.34,348.47 1 0
orbyte/internal/platform/identity/service.go:348.47,350.4 1 0
orbyte/internal/platform/identity/service.go:352.2,352.46 1 0
orbyte/internal/platform/identity/service.go:352.46,353.59 1 0
orbyte/internal/platform/identity/service.go:353.59,355.4 1 0
orbyte/internal/platform/identity/service.go:357.2,357.34 1 0
orbyte/internal/platform/identity/service.go:357.34,358.47 1 0
orbyte/internal/platform/identity/service.go:358.47,360.4 1 0
orbyte/internal/platform/identity/service.go:362.2,362.40 1 0
orbyte/internal/platform/identity/service.go:362.40,363.57 1 0
orbyte/internal/platform/identity/service.go:363.57,365.4 1 0
orbyte/internal/platform/identity/service.go:367.2,367.36 1 0
orbyte/internal/platform/identity/service.go:367.36,368.58 1 0
orbyte/internal/platform/identity/service.go:368.58,370.4 1 0
orbyte/internal/platform/identity/service.go:372.2,372.46 1 0
orbyte/internal/platform/identity/service.go:372.46,373.59 1 0
orbyte/internal/platform/identity/service.go:373.59,375.4 1 0
orbyte/internal/platform/identity/service.go:377.2,377.40 1 0
orbyte/internal/platform/identity/service.go:377.40,378.53 1 0
orbyte/internal/platform/identity/service.go:378.53,380.4 1 0
orbyte/internal/platform/identity/service.go:382.2,382.51 1 0
orbyte/internal/platform/identity/service.go:382.51,383.64 1 0
orbyte/internal/platform/identity/service.go:383.64,385.4 1 0
orbyte/internal/platform/identity/service.go:387.2,387.12 1 0
orbyte/internal/platform/identity/service.go:390.34,392.2 1 1
orbyte/internal/platform/identity/service.go:394.46,396.2 1 0
orbyte/internal/platform/identity/service.go:398.54,400.2 1 0
orbyte/internal/platform/identity/service.go:402.34,404.2 1 1
orbyte/internal/platform/identity/service.go:406.52,408.2 1 1
orbyte/internal/platform/identity/service.go:410.57,412.9 2 1
orbyte/internal/platform/identity/service.go:412.9,414.3 1 0
orbyte/internal/platform/identity/service.go:415.2,415.51 1 1
orbyte/internal/platform/identity/service.go:415.51,417.3 1 0
orbyte/internal/platform/identity/service.go:418.2,418.51 1 1
orbyte/internal/platform/identity/service.go:421.65,423.9 2 1
orbyte/internal/platform/identity/service.go:423.9,425.3 1 0
orbyte/internal/platform/identity/service.go:426.2,426.53 1 1
orbyte/internal/platform/identity/service.go:427.15,428.60 1 1
orbyte/internal/platform/identity/service.go:429.10,430.59 1 1
orbyte/internal/platform/identity/service.go:434.63,442.48 4 1
orbyte/internal/platform/identity/service.go:442.48,443.61 1 1
orbyte/internal/platform/identity/service.go:443.61,444.12 1 0
orbyte/internal/platform/identity/service.go:446.3,446.39 1 1
orbyte/internal/platform/identity/service.go:446.39,447.12 1 0
orbyte/internal/platform/identity/service.go:449.3,449.71 1 1
orbyte/internal/platform/identity/service.go:449.71,450.12 1 0
orbyte/internal/platform/identity/service.go:452.3,453.10 2 1
orbyte/internal/platform/identity/service.go:453.10,454.12 1 0
orbyte/internal/platform/identity/service.go:456.3,456.107 1 1
orbyte/internal/platform/identity/service.go:458.2,458.41 1 1
orbyte/internal/platform/identity/service.go:458.41,459.47 1 1
orbyte/internal/platform/identity/service.go:459.47,460.44 1 0
orbyte/internal/platform/identity/service.go:460.44,462.5 1 0
orbyte/internal/platform/identity/service.go:463.4,463.47 1 0
orbyte/internal/platform/identity/service.go:465.3,465.49 1 1
orbyte/internal/platform/identity/service.go:467.2,467.30 1 1
orbyte/internal/platform/identity/service.go:467.30,468.54 1 1
orbyte/internal/platform/identity/service.go:469.16,470.83 1 1
orbyte/internal/platform/identity/service.go:470.83,472.5 1 1
orbyte/internal/platform/identity/service.go:473.11,474.82 1 1
orbyte/internal/platform/identity/service.go:474.82,476.5 1 1
orbyte/internal/platform/identity/service.go:479.2,479.11 1 0
orbyte/internal/platform/identity/service.go:482.44,484.2 1 1
orbyte/internal/platform/identity/service.go:486.40,488.2 1 1
orbyte/internal/platform/identity/service.go:490.46,492.2 1 1
orbyte/internal/platform/identity/service.go:494.58,496.2 1 1
orbyte/internal/platform/identity/service.go:498.58,500.2 1 1
orbyte/internal/platform/identity/service.go:502.68,504.2 1 1
orbyte/internal/platform/identity/service.go:506.79,508.9 2 1
orbyte/internal/platform/identity/service.go:508.9,510.3 1 0
orbyte/internal/platform/identity/service.go:511.2,513.46 3 1
orbyte/internal/platform/identity/service.go:513.46,515.3 1 0
orbyte/internal/platform/identity/service.go:516.2,516.18 1 1
orbyte/internal/platform/identity/service.go:519.94,521.9 2 1
orbyte/internal/platform/identity/service.go:521.9,523.3 1 0
orbyte/internal/platform/identity/service.go:524.2,527.46 4 1
orbyte/internal/platform/identity/service.go:527.46,529.3 1 0
orbyte/internal/platform/identity/service.go:530.2,530.18 1 1
orbyte/internal/platform/identity/service.go:533.76,535.2 1 1
orbyte/internal/platform/identity/service.go:537.76,539.2 1 1
orbyte/internal/platform/identity/service.go:541.77,543.2 1 1
orbyte/internal/platform/identity/service.go:545.79,547.2 1 1
orbyte/internal/platform/identity/service.go:549.56,551.2 1 1
orbyte/internal/platform/identity/service.go:553.64,555.2 1 1
orbyte/internal/platform/identity/service.go:557.118,559.2 1 1
orbyte/internal/platform/identity/service.go:561.159,563.20 2 1
orbyte/internal/platform/identity/service.go:563.20,565.3 1 0
orbyte/internal/platform/identity/service.go:566.2,566.54 1 1
orbyte/internal/platform/identity/service.go:566.54,568.3 1 0
orbyte/internal/platform/identity/service.go:569.2,569.73 1 1
orbyte/internal/platform/identity/service.go:569.73,571.3 1 0
orbyte/internal/platform/identity/service.go:572.2,572.18 1 1
orbyte/internal/platform/identity/service.go:572.18,574.3 1 0
orbyte/internal/platform/identity/service.go:575.2,575.27 1 1
orbyte/internal/platform/identity/service.go:575.27,577.3 1 0
orbyte/internal/platform/identity/service.go:578.2,578.21 1 1
orbyte/internal/platform/identity/service.go:578.21,580.3 1 0
orbyte/internal/platform/identity/service.go:581.2,590.46 3 1
orbyte/internal/platform/identity/service.go:590.46,592.3 1 0
orbyte/internal/platform/identity/service.go:593.2,594.16 2 1
orbyte/internal/platform/identity/service.go:594.16,596.3 1 0
orbyte/internal/platform/identity/service.go:597.2,602.17 1 1
orbyte/internal/platform/identity/service.go:602.17,604.3 1 0
orbyte/internal/platform/identity/service.go:605.2,614.17 1 1
orbyte/internal/platform/identity/service.go:614.17,616.3 1 0
orbyte/internal/platform/identity/service.go:617.2,617.18 1 1
orbyte/internal/platform/identity/service.go:620.146,622.9 2 1
orbyte/internal/platform/identity/service.go:622.9,624.3 1 0
orbyte/internal/platform/identity/service.go:625.2,625.29 1 1
orbyte/internal/platform/identity/service.go:625.29,627.3 1 1
orbyte/internal/platform/identity/service.go:628.2,629.9 2 1
orbyte/internal/platform/identity/service.go:629.9,631.3 1 0
orbyte/internal/platform/identity/service.go:632.2,633.75 2 1
orbyte/internal/platform/identity/service.go:633.75,635.3 1 1
orbyte/internal/platform/identity/service.go:636.2,637.16 2 1
orbyte/internal/platform/identity/service.go:637.16,639.3 1 0
orbyte/internal/platform/identity/service.go:640.2,640.15 1 1
orbyte/internal/platform/identity/service.go:640.15,642.64 2 1
orbyte/internal/platform/identity/service.go:642.64,645.4 2 1
orbyte/internal/platform/identity/service.go:646.3,647.67 2 1
orbyte/internal/platform/identity/service.go:647.67,649.4 1 0
orbyte/internal/platform/identity/service.go:650.3,650.63 1 1
orbyte/internal/platform/identity/service.go:652.2,655.58 4 1
orbyte/internal/platform/identity/service.go:655.58,657.3 1 0
orbyte/internal/platform/identity/service.go:658.2,658.78 1 1
orbyte/internal/platform/identity/service.go:670.150,672.9 2 1
orbyte/internal/platform/identity/service.go:672.9,674.3 1 0
orbyte/internal/platform/identity/service.go:675.2,675.91 1 1
orbyte/internal/platform/identity/service.go:678.188,680.26 2 1
orbyte/internal/platform/identity/service.go:680.26,682.3 1 0
orbyte/internal/platform/identity/service.go:683.2,684.9 2 1
orbyte/internal/platform/identity/service.go:684.9,686.10 2 1
orbyte/internal/platform/identity/service.go:686.10,688.18 2 1
orbyte/internal/platform/identity/service.go:688.18,690.5 1 1
orbyte/internal/platform/identity/service.go:691.4,692.13 2 1
orbyte/internal/platform/identity/service.go:695.2,695.38 1 1
orbyte/internal/platform/identity/service.go:695.38,698.47 3 1
orbyte/internal/platform/identity/service.go:698.47,700.4 1 0
orbyte/internal/platform/identity/service.go:701.8,701.50 1 1
orbyte/internal/platform/identity/service.go:701.50,703.3 1 0
orbyte/internal/platform/identity/service.go:704.2,705.21 2 1
orbyte/internal/platform/identity/service.go:705.21,707.3 1 0
orbyte/internal/platform/identity/service.go:708.2,710.33 3 1
orbyte/internal/platform/identity/service.go:710.33,712.3 1 0
orbyte/internal/platform/identity/service.go:713.2,713.25 1 1
orbyte/internal/platform/identity/service.go:713.25,715.3 1 1
orbyte/internal/platform/identity/service.go:716.2,716.73 1 1
orbyte/internal/platform/identity/service.go:719.133,720.27 1 1
orbyte/internal/platform/identity/service.go:720.27,722.3 1 0
orbyte/internal/platform/identity/service.go:723.2,724.17 2 1
orbyte/internal/platform/identity/service.go:724.17,726.3 1 0
orbyte/internal/platform/identity/service.go:727.2,727.42 1 1
orbyte/internal/platform/identity/service.go:727.42,730.22 3 1
orbyte/internal/platform/identity/service.go:730.22,732.56 2 1
orbyte/internal/platform/identity/service.go:732.56,733.67 1 1
orbyte/internal/platform/identity/service.go:733.67,735.11 2 1
orbyte/internal/platform/identity/service.go:739.3,739.21 1 1
orbyte/internal/platform/identity/service.go:739.21,741.4 1 1
orbyte/internal/platform/identity/service.go:743.2,744.18 2 1
orbyte/internal/platform/identity/service.go:744.18,746.3 1 0
orbyte/internal/platform/identity/service.go:747.2,747.27 1 1
orbyte/internal/platform/identity/service.go:747.27,749.3 1 0
orbyte/internal/platform/identity/service.go:750.2,751.21 2 1
orbyte/internal/platform/identity/service.go:751.21,753.3 1 0
orbyte/internal/platform/identity/service.go:754.2,764.46 3 1
orbyte/internal/platform/identity/service.go:764.46,766.3 1 0
orbyte/internal/platform/identity/service.go:767.2,776.17 1 1
orbyte/internal/platform/identity/service.go:776.17,778.3 1 0
orbyte/internal/platform/identity/service.go:779.2,779.18 1 1
orbyte/internal/platform/identity/service.go:782.158,783.29 1 1
orbyte/internal/platform/identity/service.go:783.29,785.3 1 0
orbyte/internal/platform/identity/service.go:786.2,786.14 1 1
orbyte/internal/platform/identity/service.go:786.14,788.3 1 0
orbyte/internal/platform/identity/service.go:789.2,789.22 1 1
orbyte/internal/platform/identity/service.go:789.22,791.3 1 1
orbyte/internal/platform/identity/service.go:792.2,804.52 3 1
orbyte/internal/platform/identity/service.go:804.52,806.3 1 0
orbyte/internal/platform/identity/service.go:807.2,807.21 1 1
orbyte/internal/platform/identity/service.go:810.85,812.2 1 1
orbyte/internal/platform/identity/service.go:814.118,815.76 1 1
orbyte/internal/platform/identity/service.go:815.76,817.3 1 0
orbyte/internal/platform/identity/service.go:818.2,819.9 2 1
orbyte/internal/platform/identity/service.go:819.9,821.3 1 0
orbyte/internal/platform/identity/service.go:822.2,823.9 2 1
orbyte/internal/platform/identity/service.go:823.9,825.3 1 0
orbyte/internal/platform/identity/service.go:826.2,827.16 2 1
orbyte/internal/platform/identity/service.go:827.16,829.3 1 0
orbyte/internal/platform/identity/service.go:830.2,830.15 1 1
orbyte/internal/platform/identity/service.go:830.15,832.3 1 0
orbyte/internal/platform/identity/service.go:833.2,834.16 2 1
orbyte/internal/platform/identity/service.go:834.16,836.3 1 0
orbyte/internal/platform/identity/service.go:837.2,843.58 7 1
orbyte/internal/platform/identity/service.go:843.58,845.3 1 0
orbyte/internal/platform/identity/service.go:846.2,846.43 1 1
orbyte/internal/platform/identity/service.go:849.67,851.2 1 1
orbyte/internal/platform/identity/service.go:853.100,854.76 1 1
orbyte/internal/platform/identity/service.go:854.76,856.3 1 0
orbyte/internal/platform/identity/service.go:857.2,858.9 2 1
orbyte/internal/platform/identity/service.go:858.9,860.3 1 0
orbyte/internal/platform/identity/service.go:861.2,862.9 2 1
orbyte/internal/platform/identity/service.go:862.9,864.3 1 0
orbyte/internal/platform/identity/service.go:865.2,866.16 2 1
orbyte/internal/platform/identity/service.go:866.16,868.3 1 0
orbyte/internal/platform/identity/service.go:869.2,875.58 7 1
orbyte/internal/platform/identity/service.go:875.58,877.3 1 0
orbyte/internal/platform/identity/service.go:878.2,878.43 1 1
orbyte/internal/platform/identity/service.go:881.73,883.20 2 1
orbyte/internal/platform/identity/service.go:883.20,885.3 1 0
orbyte/internal/platform/identity/service.go:886.2,887.9 2 1
orbyte/internal/platform/identity/service.go:887.9,889.3 1 0
orbyte/internal/platform/identity/service.go:890.2,891.16 2 1
orbyte/internal/platform/identity/service.go:891.16,893.3 1 0
orbyte/internal/platform/identity/service.go:894.2,901.64 3 1
orbyte/internal/platform/identity/service.go:901.64,906.3 4 1
orbyte/internal/platform/identity/service.go:907.2,907.42 1 1
orbyte/internal/platform/identity/service.go:910.47,911.113 1 1
orbyte/internal/platform/identity/service.go:911.113,913.3 1 0
orbyte/internal/platform/identity/service.go:914.2,917.29 4 1
orbyte/internal/platform/identity/service.go:917.29,919.3 1 1
orbyte/internal/platform/identity/service.go:920.2,921.30 2 1
orbyte/internal/platform/identity/service.go:924.92,926.9 2 0
orbyte/internal/platform/identity/service.go:926.9,928.3 1 0
orbyte/internal/platform/identity/service.go:929.2,932.46 4 0
orbyte/internal/platform/identity/service.go:932.46,934.3 1 0
orbyte/internal/platform/identity/service.go:935.2,935.18 1 0
orbyte/internal/platform/identity/service.go:938.65,939.139 1 0
orbyte/internal/platform/identity/service.go:939.139,941.3 1 0
orbyte/internal/platform/identity/service.go:942.2,942.42 1 0
orbyte/internal/platform/identity/service.go:945.67,946.91 1 0
orbyte/internal/platform/identity/service.go:946.91,948.3 1 0
orbyte/internal/platform/identity/service.go:949.2,949.41 1 0
orbyte/internal/platform/identity/service.go:952.95,953.18 1 1
orbyte/internal/platform/identity/service.go:953.18,955.3 1 0
orbyte/internal/platform/identity/service.go:956.2,956.48 1 1
orbyte/internal/platform/identity/service.go:956.48,957.30 1 1
orbyte/internal/platform/identity/service.go:957.30,958.12 1 1
orbyte/internal/platform/identity/service.go:960.3,961.57 2 1
orbyte/internal/platform/identity/service.go:961.57,963.4 1 0
orbyte/internal/platform/identity/service.go:964.3,964.22 1 1
orbyte/internal/platform/identity/service.go:966.2,966.65 1 0
orbyte/internal/platform/identity/service.go:969.88,971.2 1 1
orbyte/internal/platform/identity/service.go:973.87,975.9 2 1
orbyte/internal/platform/identity/service.go:975.9,977.3 1 0
orbyte/internal/platform/identity/service.go:978.2,978.63 1 1
orbyte/internal/platform/identity/service.go:978.63,980.3 1 0
orbyte/internal/platform/identity/service.go:981.2,981.14 1 1
orbyte/internal/platform/identity/service.go:981.14,983.3 1 0
orbyte/internal/platform/identity/service.go:984.2,988.52 5 1
orbyte/internal/platform/identity/service.go:988.52,990.3 1 0
orbyte/internal/platform/identity/service.go:991.2,1002.52 2 1
orbyte/internal/platform/identity/service.go:1002.52,1004.3 1 0
orbyte/internal/platform/identity/service.go:1005.2,1005.21 1 1
orbyte/internal/platform/identity/service.go:1008.70,1010.9 2 1
orbyte/internal/platform/identity/service.go:1010.9,1012.3 1 0
orbyte/internal/platform/identity/service.go:1013.2,1014.16 2 1
orbyte/internal/platform/identity/service.go:1015.28,1015.28 0 1
orbyte/internal/platform/identity/service.go:1016.10,1017.72 1 0
orbyte/internal/platform/identity/service.go:1019.2,1022.46 4 1
orbyte/internal/platform/identity/service.go:1022.46,1024.3 1 0
orbyte/internal/platform/identity/service.go:1025.2,1025.24 1 1
orbyte/internal/platform/identity/service.go:1025.24,1026.60 1 1
orbyte/internal/platform/identity/service.go:1026.60,1028.4 1 0
orbyte/internal/platform/identity/service.go:1030.2,1030.18 1 1
orbyte/internal/platform/identity/service.go:1033.85,1035.9 2 1
orbyte/internal/platform/identity/service.go:1035.9,1037.3 1 0
orbyte/internal/platform/identity/service.go:1038.2,1038.21 1 1
orbyte/internal/platform/identity/service.go:1038.21,1040.3 1 0
orbyte/internal/platform/identity/service.go:1041.2,1042.52 2 1
orbyte/internal/platform/identity/service.go:1042.52,1044.3 1 0
orbyte/internal/platform/identity/service.go:1045.2,1045.21 1 1
orbyte/internal/platform/identity/service.go:1048.89,1050.9 2 1
orbyte/internal/platform/identity/service.go:1050.9,1052.3 1 0
orbyte/internal/platform/identity/service.go:1053.2,1053.24 1 1
orbyte/internal/platform/identity/service.go:1053.24,1055.3 1 0
orbyte/internal/platform/identity/service.go:1056.2,1059.52 4 1
orbyte/internal/platform/identity/service.go:1059.52,1061.3 1 0
orbyte/internal/platform/identity/service.go:1062.2,1062.21 1 1
orbyte/internal/platform/identity/service.go:1065.77,1066.18 1 1
orbyte/internal/platform/identity/service.go:1066.18,1068.3 1 1
orbyte/internal/platform/identity/service.go:1069.2,1069.25 1 1
orbyte/internal/platform/identity/service.go:1069.25,1071.3 1 0
orbyte/internal/platform/identity/service.go:1072.2,1073.36 2 1
orbyte/internal/platform/identity/service.go:1073.36,1075.3 1 0
orbyte/internal/platform/identity/service.go:1076.2,1076.61 1 1
orbyte/internal/platform/identity/service.go:1076.61,1078.3 1 1
orbyte/internal/platform/identity/service.go:1079.2,1081.46 3 1
orbyte/internal/platform/identity/service.go:1081.46,1083.3 1 0
orbyte/internal/platform/identity/service.go:1084.2,1084.17 1 1
orbyte/internal/platform/identity/service.go:1087.87,1088.21 1 1
orbyte/internal/platform/identity/service.go:1088.21,1090.3 1 0
orbyte/internal/platform/identity/service.go:1091.2,1092.9 2 1
orbyte/internal/platform/identity/service.go:1092.9,1094.3 1 0
orbyte/internal/platform/identity/service.go:1095.2,1095.32 1 1
orbyte/internal/platform/identity/service.go:1095.32,1097.3 1 0
orbyte/internal/platform/identity/service.go:1098.2,1098.33 1 1
orbyte/internal/platform/identity/service.go:1098.33,1100.3 1 0
orbyte/internal/platform/identity/service.go:1101.2,1101.79 1 1
orbyte/internal/platform/identity/service.go:1101.79,1103.3 1 1
orbyte/internal/platform/identity/service.go:1104.2,1104.22 1 1
orbyte/internal/platform/identity/service.go:1104.22,1106.3 1 1
orbyte/internal/platform/identity/service.go:1107.2,1107.60 1 1
orbyte/internal/platform/identity/service.go:1110.86,1111.23 1 1
orbyte/internal/platform/identity/service.go:1111.23,1113.3 1 0
orbyte/internal/platform/identity/service.go:1114.2,1114.25 1 1
orbyte/internal/platform/identity/service.go:1114.25,1116.3 1 0
orbyte/internal/platform/identity/service.go:1117.2,1118.9 2 1
orbyte/internal/platform/identity/service.go:1118.9,1120.3 1 0
orbyte/internal/platform/identity/service.go:1121.2,1121.34 1 1
orbyte/internal/platform/identity/service.go:1121.34,1123.3 1 0
orbyte/internal/platform/identity/service.go:1124.2,1124.58 1 1
orbyte/internal/platform/identity/service.go:1124.58,1125.31 1 1
orbyte/internal/platform/identity/service.go:1125.31,1127.4 1 1
orbyte/internal/platform/identity/service.go:1129.2,1129.66 1 1
orbyte/internal/platform/identity/service.go:1132.84,1135.48 3 1
orbyte/internal/platform/identity/service.go:1135.48,1136.61 1 1
orbyte/internal/platform/identity/service.go:1136.61,1137.12 1 0
orbyte/internal/platform/identity/service.go:1139.3,1139.39 1 1
orbyte/internal/platform/identity/service.go:1139.39,1140.12 1 0
orbyte/internal/platform/identity/service.go:1142.3,1142.71 1 1
orbyte/internal/platform/identity/service.go:1142.71,1143.12 1 0
orbyte/internal/platform/identity/service.go:1145.3,1145.116 1 1
orbyte/internal/platform/identity/service.go:1145.116,1146.12 1 0
orbyte/internal/platform/identity/service.go:1148.3,1148.46 1 1
orbyte/internal/platform/identity/service.go:1150.2,1150.30 1 1
orbyte/internal/platform/identity/service.go:1150.30,1152.3 1 0
orbyte/internal/platform/identity/service.go:1153.2,1153.49 1 1
orbyte/internal/platform/identity/service.go:1153.49,1154.43 1 1
orbyte/internal/platform/identity/service.go:1154.43,1155.12 1 0
orbyte/internal/platform/identity/service.go:1157.3,1157.48 1 1
orbyte/internal/platform/identity/service.go:1157.48,1159.4 1 1
orbyte/internal/platform/identity/service.go:1161.2,1161.14 1 1
orbyte/internal/platform/identity/service.go:1164.60,1165.24 1 1
orbyte/internal/platform/identity/service.go:1165.24,1167.3 1 1
orbyte/internal/platform/identity/service.go:1168.2,1169.35 2 1
orbyte/internal/platform/identity/service.go:1169.35,1171.3 1 1
orbyte/internal/platform/identity/service.go:1172.2,1172.15 1 1
orbyte/internal/platform/identity/service.go:1175.45,1177.55 2 1
orbyte/internal/platform/identity/service.go:1177.55,1179.3 1 1
orbyte/internal/platform/identity/service.go:1180.2,1180.17 1 1
orbyte/internal/platform/identity/service.go:1183.43,1184.66 1 1
orbyte/internal/platform/identity/service.go:1185.40,1186.14 1 1
orbyte/internal/platform/identity/service.go:1187.10,1188.15 1 0
orbyte/internal/platform/identity/service.go:1192.64,1193.39 1 1
orbyte/internal/platform/identity/service.go:1193.39,1195.3 1 0
orbyte/internal/platform/identity/service.go:1196.2,1196.20 1 1
orbyte/internal/platform/identity/service.go:1196.20,1198.3 1 0
orbyte/internal/platform/identity/service.go:1199.2,1199.31 1 1
orbyte/internal/platform/identity/service.go:1199.31,1201.3 1 0
orbyte/internal/platform/identity/service.go:1202.2,1202.12 1 1
orbyte/internal/platform/identity/service.go:1205.50,1206.38 1 1
orbyte/internal/platform/identity/service.go:1206.38,1207.24 1 1
orbyte/internal/platform/identity/service.go:1207.24,1209.4 1 1
orbyte/internal/platform/identity/service.go:1211.2,1211.14 1 0
orbyte/internal/platform/identity/service.go:1214.56,1215.38 1 1
orbyte/internal/platform/identity/service.go:1215.38,1216.24 1 1
orbyte/internal/platform/identity/service.go:1216.24,1218.4 1 1
orbyte/internal/platform/identity/service.go:1220.2,1220.22 1 0
orbyte/internal/platform/identity/service.go:1223.52,1225.17 2 1
orbyte/internal/platform/identity/service.go:1225.17,1227.3 1 0
orbyte/internal/platform/identity/service.go:1228.2,1228.36 1 1
orbyte/internal/platform/identity/service.go:1228.36,1230.3 1 0
orbyte/internal/platform/identity/service.go:1231.2,1231.14 1 1
orbyte/internal/platform/identity/service.go:1234.80,1235.44 1 1
orbyte/internal/platform/identity/service.go:1235.44,1236.92 1 1
orbyte/internal/platform/identity/service.go:1236.92,1237.12 1 1
orbyte/internal/platform/identity/service.go:1239.3,1242.53 4 1
orbyte/internal/platform/identity/service.go:1242.53,1244.4 1 0
orbyte/internal/platform/identity/service.go:1246.2,1246.12 1 1
orbyte/internal/platform/identity/service.go:1249.73,1251.9 2 1
orbyte/internal/platform/identity/service.go:1251.9,1253.3 1 0
orbyte/internal/platform/identity/service.go:1254.2,1257.46 4 1
orbyte/internal/platform/identity/service.go:1257.46,1258.71 1 1
orbyte/internal/platform/identity/service.go:1258.71,1259.12 1 1
orbyte/internal/platform/identity/service.go:1261.3,1261.67 1 1
orbyte/internal/platform/identity/service.go:1261.67,1263.4 1 1
orbyte/internal/platform/identity/service.go:1264.3,1264.23 1 1
orbyte/internal/platform/identity/service.go:1264.23,1265.122 1 1
orbyte/internal/platform/identity/service.go:1265.122,1267.5 1 1
orbyte/internal/platform/identity/service.go:1269.3,1269.22 1 1
orbyte/internal/platform/identity/service.go:1269.22,1270.117 1 1
orbyte/internal/platform/identity/service.go:1270.117,1272.5 1 1
orbyte/internal/platform/identity/service.go:1275.2,1275.41 1 1
orbyte/internal/platform/identity/service.go:1275.41,1277.3 1 1
orbyte/internal/platform/identity/service.go:1278.2,1278.21 1 1
orbyte/internal/platform/identity/service.go:1281.61,1282.29 1 1
orbyte/internal/platform/identity/service.go:1282.29,1283.20 1 1
orbyte/internal/platform/identity/service.go:1283.20,1285.4 1 1
orbyte/internal/platform/identity/service.go:1287.2,1287.29 1 1
orbyte/internal/platform/identity/token.go:30.45,32.18 2 1
orbyte/internal/platform/identity/token.go:32.18,34.3 1 0
orbyte/internal/platform/identity/token.go:35.2,38.28 1 1
orbyte/internal/platform/identity/token.go:38.28,38.55 1 0
orbyte/internal/platform/identity/token.go:42.75,43.46 1 1
orbyte/internal/platform/identity/token.go:43.46,45.3 1 0
orbyte/internal/platform/identity/token.go:46.2,53.4 1 1
orbyte/internal/platform/identity/token.go:56.114,57.24 1 1
orbyte/internal/platform/identity/token.go:57.24,59.3 1 0
orbyte/internal/platform/identity/token.go:60.2,60.14 1 1
orbyte/internal/platform/identity/token.go:60.14,62.3 1 0
orbyte/internal/platform/identity/token.go:63.2,71.4 2 1
orbyte/internal/platform/identity/token.go:74.65,75.24 1 1
orbyte/internal/platform/identity/token.go:75.24,77.3 1 0
orbyte/internal/platform/identity/token.go:78.2,79.21 2 1
orbyte/internal/platform/identity/token.go:79.21,81.3 1 0
orbyte/internal/platform/identity/token.go:82.2,84.53 3 1
orbyte/internal/platform/identity/token.go:84.53,86.3 1 1
orbyte/internal/platform/identity/token.go:87.2,88.16 2 1
orbyte/internal/platform/identity/token.go:88.16,90.3 1 0
orbyte/internal/platform/identity/token.go:91.2,92.57 2 1
orbyte/internal/platform/identity/token.go:92.57,94.3 1 0
orbyte/internal/platform/identity/token.go:95.2,95.31 1 1
orbyte/internal/platform/identity/token.go:95.31,97.3 1 0
orbyte/internal/platform/identity/token.go:98.2,98.63 1 1
orbyte/internal/platform/identity/token.go:98.63,100.3 1 1
orbyte/internal/platform/identity/token.go:101.2,101.20 1 1
orbyte/internal/platform/identity/token.go:104.66,105.24 1 1
orbyte/internal/platform/identity/token.go:105.24,107.3 1 0
orbyte/internal/platform/identity/token.go:108.2,109.16 2 1
orbyte/internal/platform/identity/token.go:109.16,111.3 1 0
orbyte/internal/platform/identity/token.go:112.2,113.16 2 1
orbyte/internal/platform/identity/token.go:113.16,115.3 1 0
orbyte/internal/platform/identity/token.go:116.2,120.44 5 1
orbyte/internal/platform/identity/token.go:123.47,127.2 3 1
orbyte/internal/platform/securityfields/mask.go:8.44,9.33 1 1
orbyte/internal/platform/securityfields/mask.go:10.18,11.15 1 1
orbyte/internal/platform/securityfields/mask.go:12.14,13.22 1 1
orbyte/internal/platform/securityfields/mask.go:14.15,16.21 2 1
orbyte/internal/platform/securityfields/mask.go:16.21,18.4 1 1
orbyte/internal/platform/securityfields/mask.go:19.3,19.63 1 1
orbyte/internal/platform/securityfields/mask.go:20.23,23.40 3 1
orbyte/internal/platform/securityfields/mask.go:23.40,25.4 1 1
orbyte/internal/platform/securityfields/mask.go:26.3,27.22 2 1
orbyte/internal/platform/securityfields/mask.go:27.22,29.4 1 1
orbyte/internal/platform/securityfields/mask.go:30.3,30.33 1 1
orbyte/internal/platform/securityfields/mask.go:31.10,32.22 1 0
orbyte/internal/platform/securityfields/service.go:61.53,67.2 1 1
orbyte/internal/platform/securityfields/service.go:69.87,70.14 1 1
orbyte/internal/platform/securityfields/service.go:70.14,72.3 1 1
orbyte/internal/platform/securityfields/service.go:73.2,74.15 2 1
orbyte/internal/platform/securityfields/service.go:74.15,75.46 1 1
orbyte/internal/platform/securityfields/service.go:75.46,77.4 1 0
orbyte/internal/platform/securityfields/service.go:79.2,80.67 2 1
orbyte/internal/platform/securityfields/service.go:80.67,95.67 2 1
orbyte/internal/platform/securityfields/service.go:95.67,96.33 1 1
orbyte/internal/platform/securityfields/service.go:96.33,100.5 3 1
orbyte/internal/platform/securityfields/service.go:103.2,103.15 1 1
orbyte/internal/platform/securityfields/service.go:103.15,105.3 1 1
orbyte/internal/platform/securityfields/service.go:106.2,106.16 1 1
orbyte/internal/platform/securityfields/service.go:109.94,110.14 1 1
orbyte/internal/platform/securityfields/service.go:110.14,112.3 1 1
orbyte/internal/platform/securityfields/service.go:113.2,114.15 2 1
orbyte/internal/platform/securityfields/service.go:114.15,115.54 1 1
orbyte/internal/platform/securityfields/service.go:115.54,117.4 1 1
orbyte/internal/platform/securityfields/service.go:119.2,124.70 2 1
orbyte/internal/platform/securityfields/service.go:124.70,138.67 2 1
orbyte/internal/platform/securityfields/service.go:138.67,139.33 1 1
orbyte/internal/platform/securityfields/service.go:139.33,143.5 3 1
orbyte/internal/platform/securityfields/service.go:146.2,146.15 1 1
orbyte/internal/platform/securityfields/service.go:146.15,148.3 1 1
orbyte/internal/platform/securityfields/service.go:149.2,149.16 1 1
orbyte/internal/platform/securityfields/service.go:152.96,155.2 2 1
orbyte/internal/platform/securityfields/service.go:157.102,159.33 2 1
orbyte/internal/platform/securityfields/service.go:159.33,161.3 1 1
orbyte/internal/platform/securityfields/service.go:162.2,162.14 1 1
orbyte/internal/platform/securityfields/service.go:165.112,166.35 1 1
orbyte/internal/platform/securityfields/service.go:166.35,167.38 1 1
orbyte/internal/platform/securityfields/service.go:167.38,168.12 1 1
orbyte/internal/platform/securityfields/service.go:170.3,170.21 1 1
orbyte/internal/platform/securityfields/service.go:170.21,172.4 1 1
orbyte/internal/platform/securityfields/service.go:173.3,174.29 2 1
orbyte/internal/platform/securityfields/service.go:174.29,176.4 1 1
orbyte/internal/platform/securityfields/service.go:178.2,178.12 1 0
orbyte/internal/platform/securityfields/service.go:181.107,183.2 1 1
orbyte/internal/platform/securityfields/service.go:185.111,186.53 1 1
orbyte/internal/platform/securityfields/service.go:186.53,188.29 2 1
orbyte/internal/platform/securityfields/service.go:188.29,190.4 1 1
orbyte/internal/platform/securityfields/service.go:192.2,192.12 1 1
orbyte/internal/platform/securityfields/service.go:195.82,196.22 1 1
orbyte/internal/platform/securityfields/service.go:196.22,198.3 1 0
orbyte/internal/platform/securityfields/service.go:199.2,200.33 2 1
orbyte/internal/platform/securityfields/service.go:200.33,202.28 2 1
orbyte/internal/platform/securityfields/service.go:202.28,203.12 1 1
orbyte/internal/platform/securityfields/service.go:205.3,205.30 1 1
orbyte/internal/platform/securityfields/service.go:205.30,207.12 2 1
orbyte/internal/platform/securityfields/service.go:209.3,209.19 1 1
orbyte/internal/platform/securityfields/service.go:211.2,211.12 1 1
orbyte/internal/platform/securityfields/service.go:214.81,220.35 2 1
orbyte/internal/platform/securityfields/service.go:220.35,223.95 3 1
orbyte/internal/platform/securityfields/service.go:223.95,225.4 1 1
orbyte/internal/platform/securityfields/service.go:226.3,226.97 1 1
orbyte/internal/platform/securityfields/service.go:226.97,228.4 1 1
orbyte/internal/platform/securityfields/service.go:229.3,230.33 2 1
orbyte/internal/platform/securityfields/service.go:230.33,232.4 1 0
orbyte/internal/platform/securityfields/service.go:232.9,232.29 1 1
orbyte/internal/platform/securityfields/service.go:232.29,234.4 1 1
orbyte/internal/platform/securityfields/service.go:235.3,236.33 2 1
orbyte/internal/platform/securityfields/service.go:236.33,238.4 1 1
orbyte/internal/platform/securityfields/service.go:238.9,238.29 1 1
orbyte/internal/platform/securityfields/service.go:238.29,240.4 1 1
orbyte/internal/platform/securityfields/service.go:241.3,242.15 2 1
orbyte/internal/platform/securityfields/service.go:242.15,244.4 1 1
orbyte/internal/platform/securityfields/service.go:245.3,251.4 1 1
orbyte/internal/platform/securityfields/service.go:253.2,253.16 1 1
orbyte/internal/platform/securityfields/service.go:256.53,258.9 2 1
orbyte/internal/platform/securityfields/service.go:258.9,260.3 1 0
orbyte/internal/platform/securityfields/service.go:261.2,261.39 1 1
orbyte/internal/platform/securityfields/service.go:261.39,263.3 1 1
orbyte/internal/platform/securityfields/service.go:264.2,264.40 1 1
orbyte/internal/platform/securityfields/service.go:264.40,266.3 1 1
orbyte/internal/platform/securityfields/service.go:267.2,267.46 1 1
orbyte/internal/platform/securityfields/service.go:267.46,269.3 1 1
orbyte/internal/platform/securityfields/service.go:270.2,270.46 1 1
orbyte/internal/platform/securityfields/service.go:270.46,272.3 1 1
orbyte/internal/platform/securityfields/service.go:273.2,273.36 1 1
orbyte/internal/platform/securityfields/service.go:273.36,275.17 2 1
orbyte/internal/platform/securityfields/service.go:275.17,277.4 1 1
orbyte/internal/platform/securityfields/service.go:281.65,282.18 1 1
orbyte/internal/platform/securityfields/service.go:282.18,284.3 1 0
orbyte/internal/platform/securityfields/service.go:285.2,285.48 1 1
orbyte/internal/platform/securityfields/service.go:288.62,289.46 1 1
orbyte/internal/platform/securityfields/service.go:289.46,290.25 1 1
orbyte/internal/platform/securityfields/service.go:290.25,292.4 1 1
orbyte/internal/platform/securityfields/service.go:294.2,294.14 1 0
orbyte/internal/platform/securityfields/service.go:297.57,299.31 2 1
orbyte/internal/platform/securityfields/service.go:299.31,301.3 1 1
orbyte/internal/platform/securityfields/service.go:302.2,302.13 1 1
orbyte/internal/platform/securityfields/service.go:305.47,306.31 1 1
orbyte/internal/platform/securityfields/service.go:307.12,308.15 1 1
orbyte/internal/platform/securityfields/service.go:309.10,310.18 1 0
orbyte/internal/platform/securityfields/service.go:314.63,316.19 2 1
orbyte/internal/platform/securityfields/service.go:316.19,318.3 1 1
orbyte/internal/platform/securityfields/service.go:319.2,320.17 2 1
orbyte/internal/platform/securityfields/service.go:320.17,322.3 1 0
orbyte/internal/platform/securityfields/service.go:323.2,330.9 1 1
orbyte/internal/platform/securityfields/service.go:333.73,335.19 2 1
orbyte/internal/platform/securityfields/service.go:335.19,337.3 1 0
orbyte/internal/platform/securityfields/service.go:338.2,347.9 2 1
orbyte/internal/platform/securityfields/service.go:350.67,355.39 5 1
orbyte/internal/platform/securityfields/service.go:355.39,356.9 1 1
orbyte/internal/platform/securityfields/service.go:356.9,360.4 3 0
orbyte/internal/platform/securityfields/service.go:361.3,361.32 1 1
orbyte/internal/platform/securityfields/service.go:363.2,363.28 1 0
orbyte/internal/platform/securityfields/service.go:366.67,373.2 3 1
orbyte/internal/platform/securityfields/service.go:375.77,380.39 5 1
orbyte/internal/platform/securityfields/service.go:380.39,381.9 1 1
orbyte/internal/platform/securityfields/service.go:381.9,385.4 3 0
orbyte/internal/platform/securityfields/service.go:386.3,386.34 1 1
orbyte/internal/platform/securityfields/service.go:388.2,392.9 1 1
orbyte/internal/platform/securityfields/service.go:395.77,406.2 3 1
orbyte/internal/platform/securityfields/service.go:408.109,409.23 1 1
orbyte/internal/platform/securityfields/service.go:409.23,411.3 1 0
orbyte/internal/platform/securityfields/service.go:412.2,413.34 2 1
orbyte/internal/platform/securityfields/service.go:413.34,416.35 3 1
orbyte/internal/platform/securityfields/service.go:416.35,417.12 1 1
orbyte/internal/platform/securityfields/service.go:419.3,419.46 1 1
orbyte/internal/platform/securityfields/service.go:419.46,421.55 2 1
orbyte/internal/platform/securityfields/service.go:421.55,422.13 1 0
orbyte/internal/platform/securityfields/service.go:424.4,425.12 2 1
orbyte/internal/platform/securityfields/service.go:427.3,427.37 1 1
orbyte/internal/platform/securityfields/service.go:427.37,429.12 2 1
orbyte/internal/platform/securityfields/service.go:431.3,431.19 1 1
orbyte/internal/platform/securityfields/service.go:433.2,433.12 1 1
orbyte/internal/platform/securityfields/service.go:436.67,438.34 2 1
orbyte/internal/platform/securityfields/service.go:438.34,441.46 3 1
orbyte/internal/platform/securityfields/service.go:441.46,443.4 1 0
orbyte/internal/platform/securityfields/service.go:445.2,445.14 1 1
orbyte/internal/platform/securityfields/service.go:448.42,449.37 1 1
orbyte/internal/platform/securityfields/service.go:449.37,451.3 1 1
orbyte/internal/platform/securityfields/service.go:452.2,452.34 1 1
orbyte/internal/platform/securityfields/service.go:452.34,454.3 1 0
orbyte/internal/platform/securityfields/service.go:455.2,455.65 1 1
orbyte/internal/platform/securityfields/service.go:458.45,459.31 1 1
orbyte/internal/platform/securityfields/service.go:459.31,460.37 1 1
orbyte/internal/platform/securityfields/service.go:460.37,462.4 1 1
orbyte/internal/platform/securityfields/service.go:464.2,464.11 1 1
orbyte/internal/platform/search/embedder.go:11.38,13.2 1 1
orbyte/internal/platform/search/embedder.go:15.83,16.21 1 1
orbyte/internal/platform/search/embedder.go:16.21,18.3 1 0
orbyte/internal/platform/search/embedder.go:19.2,20.29 2 1
orbyte/internal/platform/search/embedder.go:20.29,23.35 3 1
orbyte/internal/platform/search/embedder.go:23.35,27.4 3 1
orbyte/internal/platform/search/embedder.go:28.3,29.28 2 1
orbyte/internal/platform/search/embedder.go:31.2,31.17 1 1
orbyte/internal/platform/search/embedder.go:34.40,35.22 1 1
orbyte/internal/platform/search/embedder.go:35.22,37.3 1 0
orbyte/internal/platform/search/embedder.go:38.2,39.31 2 1
orbyte/internal/platform/search/embedder.go:39.31,41.3 1 1
orbyte/internal/platform/search/embedder.go:42.2,43.17 2 1
orbyte/internal/platform/search/embedder.go:43.17,45.3 1 0
orbyte/internal/platform/search/embedder.go:46.2,46.31 1 1
orbyte/internal/platform/search/embedder.go:46.31,48.3 1 1
orbyte/internal/platform/search/jobs.go:17.61,18.117 1 1
orbyte/internal/platform/search/jobs.go:18.117,19.25 1 0
orbyte/internal/platform/search/jobs.go:19.25,21.4 1 0
orbyte/internal/platform/search/jobs.go:22.3,23.23 2 0
orbyte/internal/platform/search/jobs.go:23.23,25.4 1 0
orbyte/internal/platform/search/jobs.go:26.3,27.17 2 0
orbyte/internal/platform/search/jobs.go:27.17,29.4 1 0
orbyte/internal/platform/search/jobs.go:30.3,30.62 1 0
orbyte/internal/platform/search/jobs.go:30.62,32.4 1 0
orbyte/internal/platform/search/jobs.go:33.3,33.56 1 0
orbyte/internal/platform/search/jobs.go:35.2,35.114 1 1
orbyte/internal/platform/search/jobs.go:35.114,36.22 1 0
orbyte/internal/platform/search/jobs.go:36.22,38.4 1 0
orbyte/internal/platform/search/jobs.go:39.3,41.39 3 0
orbyte/internal/platform/search/jobs.go:41.39,43.4 1 0
orbyte/internal/platform/search/jobs.go:44.3,45.17 2 0
orbyte/internal/platform/search/jobs.go:45.17,47.4 1 0
orbyte/internal/platform/search/jobs.go:48.3,48.54 1 0
orbyte/internal/platform/search/jobs.go:48.54,50.4 1 0
orbyte/internal/platform/search/jobs.go:51.3,51.75 1 0
orbyte/internal/platform/search/jobs.go:53.2,53.114 1 1
orbyte/internal/platform/search/jobs.go:53.114,55.21 2 0
orbyte/internal/platform/search/jobs.go:55.21,57.4 1 0
orbyte/internal/platform/search/jobs.go:58.3,58.34 1 0
orbyte/internal/platform/search/jobs.go:60.2,60.116 1 1
orbyte/internal/platform/search/jobs.go:60.116,61.25 1 0
orbyte/internal/platform/search/jobs.go:61.25,63.4 1 0
orbyte/internal/platform/search/jobs.go:64.3,65.23 2 0
orbyte/internal/platform/search/jobs.go:65.23,67.18 2 0
orbyte/internal/platform/search/jobs.go:67.18,69.5 1 0
orbyte/internal/platform/search/jobs.go:70.4,71.57 2 0
orbyte/internal/platform/search/jobs.go:73.3,75.52 3 0
orbyte/internal/platform/search/memory_backend.go:17.40,19.2 1 1
orbyte/internal/platform/search/memory_backend.go:21.87,25.38 4 1
orbyte/internal/platform/search/memory_backend.go:25.38,27.3 1 1
orbyte/internal/platform/search/memory_backend.go:28.2,28.12 1 1
orbyte/internal/platform/search/memory_backend.go:31.104,35.38 4 1
orbyte/internal/platform/search/memory_backend.go:35.38,37.3 1 0
orbyte/internal/platform/search/memory_backend.go:38.2,39.8 2 1
orbyte/internal/platform/search/memory_backend.go:39.8,40.39 1 1
orbyte/internal/platform/search/memory_backend.go:40.39,42.4 1 0
orbyte/internal/platform/search/memory_backend.go:43.3,43.86 1 1
orbyte/internal/platform/search/memory_backend.go:43.86,45.4 1 1
orbyte/internal/platform/search/memory_backend.go:47.2,48.12 2 1
orbyte/internal/platform/search/memory_backend.go:51.92,57.2 5 0
orbyte/internal/platform/search/memory_backend.go:59.115,62.77 3 1
orbyte/internal/platform/search/memory_backend.go:62.77,64.3 1 1
orbyte/internal/platform/search/memory_backend.go:65.2,69.29 4 1
orbyte/internal/platform/search/memory_backend.go:69.29,70.48 1 1
orbyte/internal/platform/search/memory_backend.go:70.48,71.12 1 0
orbyte/internal/platform/search/memory_backend.go:73.3,74.65 2 1
orbyte/internal/platform/search/memory_backend.go:74.65,76.4 1 1
orbyte/internal/platform/search/memory_backend.go:77.3,77.68 1 1
orbyte/internal/platform/search/memory_backend.go:77.68,79.4 1 1
orbyte/internal/platform/search/memory_backend.go:80.3,80.46 1 1
orbyte/internal/platform/search/memory_backend.go:80.46,82.4 1 0
orbyte/internal/platform/search/memory_backend.go:83.3,83.17 1 1
orbyte/internal/platform/search/memory_backend.go:83.17,84.12 1 1
orbyte/internal/platform/search/memory_backend.go:86.3,92.5 1 1
orbyte/internal/platform/search/memory_backend.go:95.2,95.43 1 1
orbyte/internal/platform/search/memory_backend.go:95.43,96.23 1 0
orbyte/internal/platform/search/memory_backend.go:96.23,99.16 3 0
orbyte/internal/platform/search/memory_backend.go:99.16,100.22 1 0
orbyte/internal/platform/search/memory_backend.go:100.22,102.6 1 0
orbyte/internal/platform/search/memory_backend.go:103.5,103.24 1 0
orbyte/internal/platform/search/memory_backend.go:105.4,105.21 1 0
orbyte/internal/platform/search/memory_backend.go:105.21,107.5 1 0
orbyte/internal/platform/search/memory_backend.go:108.4,108.23 1 0
orbyte/internal/platform/search/memory_backend.go:110.3,110.45 1 0
orbyte/internal/platform/search/memory_backend.go:110.45,112.4 1 0
orbyte/internal/platform/search/memory_backend.go:113.3,113.47 1 0
orbyte/internal/platform/search/memory_backend.go:116.2,117.15 2 1
orbyte/internal/platform/search/memory_backend.go:117.15,119.3 1 0
orbyte/internal/platform/search/memory_backend.go:120.2,121.19 2 1
orbyte/internal/platform/search/memory_backend.go:121.19,123.3 1 0
orbyte/internal/platform/search/memory_backend.go:124.2,126.20 3 1
orbyte/internal/platform/search/memory_backend.go:126.20,128.3 1 1
orbyte/internal/platform/search/memory_backend.go:129.2,130.17 2 1
orbyte/internal/platform/search/memory_backend.go:130.17,132.3 1 1
orbyte/internal/platform/search/memory_backend.go:133.2,133.129 1 1
orbyte/internal/platform/search/memory_backend.go:136.60,138.15 2 1
orbyte/internal/platform/search/memory_backend.go:138.15,140.3 1 0
orbyte/internal/platform/search/memory_backend.go:141.2,141.30 1 1
orbyte/internal/platform/search/memory_backend.go:144.80,145.37 1 1
orbyte/internal/platform/search/memory_backend.go:145.37,147.21 2 1
orbyte/internal/platform/search/memory_backend.go:147.21,148.12 1 0
orbyte/internal/platform/search/memory_backend.go:150.3,150.14 1 1
orbyte/internal/platform/search/memory_backend.go:151.26,152.39 1 0
orbyte/internal/platform/search/memory_backend.go:152.39,154.5 1 0
orbyte/internal/platform/search/memory_backend.go:155.22,156.35 1 1
orbyte/internal/platform/search/memory_backend.go:156.35,158.5 1 0
orbyte/internal/platform/search/memory_backend.go:159.11,160.67 1 0
orbyte/internal/platform/search/memory_backend.go:160.67,162.5 1 0
orbyte/internal/platform/search/memory_backend.go:165.2,165.13 1 1
orbyte/internal/platform/search/memory_backend.go:168.82,170.17 2 1
orbyte/internal/platform/search/memory_backend.go:170.17,172.3 1 0
orbyte/internal/platform/search/memory_backend.go:173.2,174.35 2 1
orbyte/internal/platform/search/memory_backend.go:174.35,175.24 1 1
orbyte/internal/platform/search/memory_backend.go:175.24,176.12 1 1
orbyte/internal/platform/search/memory_backend.go:178.3,179.18 2 1
orbyte/internal/platform/search/memory_backend.go:179.18,180.12 1 0
orbyte/internal/platform/search/memory_backend.go:182.3,182.37 1 1
orbyte/internal/platform/search/memory_backend.go:182.37,184.4 1 1
orbyte/internal/platform/search/memory_backend.go:186.2,186.14 1 1
orbyte/internal/platform/search/memory_backend.go:189.101,191.68 2 1
orbyte/internal/platform/search/memory_backend.go:191.68,193.3 1 1
orbyte/internal/platform/search/memory_backend.go:194.2,195.41 2 1
orbyte/internal/platform/search/memory_backend.go:195.41,197.3 1 0
orbyte/internal/platform/search/memory_backend.go:198.2,199.24 2 1
orbyte/internal/platform/search/memory_backend.go:199.24,201.3 1 0
orbyte/internal/platform/search/memory_backend.go:202.2,203.29 2 1
orbyte/internal/platform/search/memory_backend.go:203.29,205.3 1 1
orbyte/internal/platform/search/memory_backend.go:206.2,206.25 1 1
orbyte/internal/platform/search/memory_backend.go:209.75,210.25 1 1
orbyte/internal/platform/search/memory_backend.go:210.25,216.3 5 1
orbyte/internal/platform/search/memory_backend.go:217.2,218.32 2 0
orbyte/internal/platform/search/memory_backend.go:218.32,219.40 1 0
orbyte/internal/platform/search/memory_backend.go:219.40,221.4 1 0
orbyte/internal/platform/search/memory_backend.go:223.2,223.12 1 0
orbyte/internal/platform/search/memory_backend.go:226.36,227.31 1 1
orbyte/internal/platform/search/memory_backend.go:228.14,229.15 1 1
orbyte/internal/platform/search/memory_backend.go:230.17,231.40 1 0
orbyte/internal/platform/search/memory_backend.go:232.10,233.46 1 1
orbyte/internal/platform/search/memory_backend.go:237.55,238.18 1 1
orbyte/internal/platform/search/memory_backend.go:238.18,240.3 1 0
orbyte/internal/platform/search/memory_backend.go:241.2,242.32 2 1
orbyte/internal/platform/search/memory_backend.go:242.32,244.3 1 1
orbyte/internal/platform/search/memory_backend.go:245.2,245.12 1 1
orbyte/internal/platform/search/memory_repository.go:9.46,11.2 1 1
orbyte/internal/platform/search/memory_repository.go:13.72,14.56 1 1
orbyte/internal/platform/search/memory_repository.go:14.56,15.40 1 1
orbyte/internal/platform/search/memory_repository.go:15.40,17.4 1 1
orbyte/internal/platform/search/memory_repository.go:18.3,18.88 1 0
orbyte/internal/platform/search/memory_repository.go:18.88,20.4 1 0
orbyte/internal/platform/search/memory_repository.go:22.2,23.12 2 1
orbyte/internal/platform/search/memory_repository.go:26.62,28.35 2 1
orbyte/internal/platform/search/memory_repository.go:28.35,30.3 1 1
orbyte/internal/platform/search/memory_repository.go:31.2,31.40 1 1
orbyte/internal/platform/search/memory_repository.go:31.40,33.3 1 0
orbyte/internal/platform/search/memory_repository.go:34.2,34.14 1 1
orbyte/internal/platform/search/postgres_repository.go:13.60,15.2 1 1
orbyte/internal/platform/search/postgres_repository.go:17.74,43.2 3 1
orbyte/internal/platform/search/postgres_repository.go:45.64,50.16 3 1
orbyte/internal/platform/search/postgres_repository.go:50.16,52.3 1 0
orbyte/internal/platform/search/postgres_repository.go:53.2,55.18 3 1
orbyte/internal/platform/search/postgres_repository.go:55.18,57.171 2 1
orbyte/internal/platform/search/postgres_repository.go:57.171,58.12 1 0
orbyte/internal/platform/search/postgres_repository.go:60.3,60.30 1 1
orbyte/internal/platform/search/postgres_repository.go:62.2,62.40 1 1
orbyte/internal/platform/search/postgres_repository.go:62.40,64.3 1 0
orbyte/internal/platform/search/postgres_repository.go:65.2,65.14 1 1
orbyte/internal/platform/search/service.go:57.28,59.2 1 1
orbyte/internal/platform/search/service.go:61.57,68.2 1 1
orbyte/internal/platform/search/service.go:70.47,71.20 1 1
orbyte/internal/platform/search/service.go:71.20,73.3 1 0
orbyte/internal/platform/search/service.go:74.2,74.21 1 1
orbyte/internal/platform/search/service.go:77.50,78.21 1 1
orbyte/internal/platform/search/service.go:78.21,80.3 1 0
orbyte/internal/platform/search/service.go:81.2,81.23 1 1
orbyte/internal/platform/search/service.go:84.85,87.2 2 1
orbyte/internal/platform/search/service.go:89.52,91.19 2 1
orbyte/internal/platform/search/service.go:91.19,93.3 1 1
orbyte/internal/platform/search/service.go:96.78,98.2 1 1
orbyte/internal/platform/search/service.go:100.60,101.76 1 1
orbyte/internal/platform/search/service.go:101.76,103.3 1 0
orbyte/internal/platform/search/service.go:104.2,104.26 1 1
orbyte/internal/platform/search/service.go:104.26,106.3 1 0
orbyte/internal/platform/search/service.go:107.2,107.24 1 1
orbyte/internal/platform/search/service.go:108.18,109.48 1 1
orbyte/internal/platform/search/service.go:109.48,111.4 1 0
orbyte/internal/platform/search/service.go:112.15,113.44 1 1
orbyte/internal/platform/search/service.go:113.44,115.4 1 0
orbyte/internal/platform/search/service.go:116.20,117.49 1 1
orbyte/internal/platform/search/service.go:117.49,119.4 1 0
orbyte/internal/platform/search/service.go:120.10,121.66 1 0
orbyte/internal/platform/search/service.go:123.2,123.56 1 1
orbyte/internal/platform/search/service.go:123.56,125.3 1 0
orbyte/internal/platform/search/service.go:126.2,126.25 1 1
orbyte/internal/platform/search/service.go:126.25,128.3 1 1
orbyte/internal/platform/search/service.go:129.2,129.33 1 1
orbyte/internal/platform/search/service.go:129.33,130.34 1 1
orbyte/internal/platform/search/service.go:131.38,131.38 0 1
orbyte/internal/platform/search/service.go:132.11,133.60 1 0
orbyte/internal/platform/search/service.go:136.2,143.35 2 1
orbyte/internal/platform/search/service.go:143.35,144.119 1 1
orbyte/internal/platform/search/service.go:144.119,146.4 1 0
orbyte/internal/platform/search/service.go:147.3,147.32 1 1
orbyte/internal/platform/search/service.go:149.2,149.41 1 1
orbyte/internal/platform/search/service.go:149.41,150.72 1 1
orbyte/internal/platform/search/service.go:150.72,152.4 1 0
orbyte/internal/platform/search/service.go:153.3,153.83 1 1
orbyte/internal/platform/search/service.go:153.83,155.4 1 0
orbyte/internal/platform/search/service.go:156.3,156.32 1 1
orbyte/internal/platform/search/service.go:158.2,158.44 1 1
orbyte/internal/platform/search/service.go:158.44,159.24 1 1
orbyte/internal/platform/search/service.go:159.24,161.4 1 1
orbyte/internal/platform/search/service.go:163.2,163.42 1 1
orbyte/internal/platform/search/service.go:163.42,164.24 1 1
orbyte/internal/platform/search/service.go:164.24,166.4 1 0
orbyte/internal/platform/search/service.go:168.2,170.45 3 1
orbyte/internal/platform/search/service.go:170.45,172.3 1 0
orbyte/internal/platform/search/service.go:173.2,174.12 2 1
orbyte/internal/platform/search/service.go:177.56,181.32 4 1
orbyte/internal/platform/search/service.go:181.32,183.3 1 1
orbyte/internal/platform/search/service.go:184.2,184.40 1 1
orbyte/internal/platform/search/service.go:184.40,184.78 1 1
orbyte/internal/platform/search/service.go:185.2,185.14 1 1
orbyte/internal/platform/search/service.go:188.71,193.2 4 1
orbyte/internal/platform/search/service.go:195.59,207.2 2 1
orbyte/internal/platform/search/service.go:209.53,211.2 1 1
orbyte/internal/platform/search/service.go:213.69,214.21 1 1
orbyte/internal/platform/search/service.go:214.21,216.3 1 0
orbyte/internal/platform/search/service.go:217.2,218.16 2 1
orbyte/internal/platform/search/service.go:218.16,220.3 1 0
orbyte/internal/platform/search/service.go:221.2,222.12 2 1
orbyte/internal/platform/search/service.go:225.53,227.2 1 1
orbyte/internal/platform/search/service.go:229.59,231.2 1 0
orbyte/internal/platform/search/service.go:233.57,234.33 1 0
orbyte/internal/platform/search/service.go:234.33,236.3 1 0
orbyte/internal/platform/search/service.go:239.68,241.9 2 1
orbyte/internal/platform/search/service.go:241.9,243.3 1 0
orbyte/internal/platform/search/service.go:244.2,244.24 1 1
orbyte/internal/platform/search/service.go:245.18,246.25 1 0
orbyte/internal/platform/search/service.go:246.25,248.4 1 0
orbyte/internal/platform/search/service.go:249.3,250.45 2 0
orbyte/internal/platform/search/service.go:250.45,251.72 1 0
orbyte/internal/platform/search/service.go:251.72,252.13 1 0
orbyte/internal/platform/search/service.go:254.4,254.55 1 0
orbyte/internal/platform/search/service.go:254.55,256.5 1 0
orbyte/internal/platform/search/service.go:257.4,257.11 1 0
orbyte/internal/platform/search/service.go:259.3,259.67 1 0
orbyte/internal/platform/search/service.go:260.15,261.22 1 0
orbyte/internal/platform/search/service.go:261.22,263.4 1 0
orbyte/internal/platform/search/service.go:264.3,266.32 3 0
orbyte/internal/platform/search/service.go:266.32,267.52 1 0
orbyte/internal/platform/search/service.go:267.52,269.5 1 0
orbyte/internal/platform/search/service.go:270.4,270.11 1 0
orbyte/internal/platform/search/service.go:272.3,272.67 1 0
orbyte/internal/platform/search/service.go:273.20,274.46 1 1
orbyte/internal/platform/search/service.go:274.46,276.4 1 0
orbyte/internal/platform/search/service.go:277.3,278.45 2 1
orbyte/internal/platform/search/service.go:278.45,279.65 1 1
orbyte/internal/platform/search/service.go:279.65,281.5 1 0
orbyte/internal/platform/search/service.go:282.4,282.11 1 1
orbyte/internal/platform/search/service.go:284.3,284.67 1 1
orbyte/internal/platform/search/service.go:285.10,286.71 1 0
orbyte/internal/platform/search/service.go:290.109,292.9 2 1
orbyte/internal/platform/search/service.go:292.9,294.3 1 0
orbyte/internal/platform/search/service.go:295.2,296.16 2 1
orbyte/internal/platform/search/service.go:296.16,298.3 1 0
orbyte/internal/platform/search/service.go:299.2,299.31 1 1
orbyte/internal/platform/search/service.go:299.31,301.3 1 1
orbyte/internal/platform/search/service.go:302.2,302.22 1 1
orbyte/internal/platform/search/service.go:302.22,304.3 1 1
orbyte/internal/platform/search/service.go:305.2,305.83 1 1
orbyte/internal/platform/search/service.go:305.83,307.28 2 1
orbyte/internal/platform/search/service.go:307.28,309.4 1 0
orbyte/internal/platform/search/service.go:310.3,311.17 2 1
orbyte/internal/platform/search/service.go:311.17,313.4 1 0
orbyte/internal/platform/search/service.go:314.3,314.23 1 1
orbyte/internal/platform/search/service.go:314.23,316.4 1 1
orbyte/internal/platform/search/service.go:318.2,318.58 1 1
orbyte/internal/platform/search/service.go:321.80,329.33 4 1
orbyte/internal/platform/search/service.go:329.33,331.51 2 1
orbyte/internal/platform/search/service.go:331.51,333.4 1 1
orbyte/internal/platform/search/service.go:334.3,334.48 1 1
orbyte/internal/platform/search/service.go:334.48,336.4 1 1
orbyte/internal/platform/search/service.go:338.2,338.33 1 1
orbyte/internal/platform/search/service.go:338.33,339.54 1 1
orbyte/internal/platform/search/service.go:339.54,341.4 1 1
orbyte/internal/platform/search/service.go:342.3,343.10 2 1
orbyte/internal/platform/search/service.go:343.10,345.12 2 1
orbyte/internal/platform/search/service.go:347.3,347.126 1 1
orbyte/internal/platform/search/service.go:347.126,349.4 1 0
orbyte/internal/platform/search/service.go:351.2,351.15 1 1
orbyte/internal/platform/search/service.go:354.81,355.19 1 1
orbyte/internal/platform/search/service.go:355.19,356.16 1 0
orbyte/internal/platform/search/service.go:356.16,358.4 1 0
orbyte/internal/platform/search/service.go:359.3,359.9 1 0
orbyte/internal/platform/search/service.go:361.2,361.70 1 1
orbyte/internal/platform/search/service.go:361.70,363.3 1 1
orbyte/internal/platform/search/service.go:366.66,367.41 1 1
orbyte/internal/platform/search/service.go:367.41,370.3 2 1
orbyte/internal/platform/search/service.go:371.2,374.54 2 1
orbyte/internal/platform/search/service.go:374.54,376.3 1 1
orbyte/internal/platform/search/service.go:379.60,380.38 1 1
orbyte/internal/platform/search/service.go:380.38,383.3 2 1
orbyte/internal/platform/search/service.go:384.2,388.51 2 0
orbyte/internal/platform/search/service.go:388.51,390.3 1 0
orbyte/internal/platform/search/service.go:393.76,394.68 1 1
orbyte/internal/platform/search/service.go:394.68,395.54 1 1
orbyte/internal/platform/search/service.go:395.54,397.4 1 0
orbyte/internal/platform/search/service.go:399.2,409.70 2 1
orbyte/internal/platform/search/service.go:409.70,410.64 1 1
orbyte/internal/platform/search/service.go:410.64,412.4 1 0
orbyte/internal/platform/search/service.go:414.2,414.12 1 1
orbyte/internal/platform/search/service.go:417.65,418.62 1 1
orbyte/internal/platform/search/service.go:418.62,419.51 1 1
orbyte/internal/platform/search/service.go:419.51,421.4 1 0
orbyte/internal/platform/search/service.go:423.2,423.12 1 1
orbyte/internal/platform/search/service.go:426.82,429.28 3 1
orbyte/internal/platform/search/service.go:429.28,430.71 1 1
orbyte/internal/platform/search/service.go:430.71,432.4 1 1
orbyte/internal/platform/search/service.go:434.2,434.17 1 1
orbyte/internal/platform/search/service.go:437.75,440.28 3 1
orbyte/internal/platform/search/service.go:440.28,441.60 1 1
orbyte/internal/platform/search/service.go:441.60,443.4 1 1
orbyte/internal/platform/search/service.go:445.2,445.17 1 1
orbyte/internal/platform/search/service.go:448.85,451.28 3 1
orbyte/internal/platform/search/service.go:451.28,452.75 1 1
orbyte/internal/platform/search/service.go:452.75,454.4 1 1
orbyte/internal/platform/search/service.go:456.2,456.17 1 1
orbyte/internal/platform/search/service.go:459.84,461.67 2 1
orbyte/internal/platform/search/service.go:461.67,463.3 1 0
orbyte/internal/platform/search/service.go:464.2,465.16 2 1
orbyte/internal/platform/search/service.go:465.16,467.3 1 0
orbyte/internal/platform/search/service.go:468.2,468.55 1 1
orbyte/internal/platform/search/service.go:471.78,473.26 2 1
orbyte/internal/platform/search/service.go:473.26,475.3 1 0
orbyte/internal/platform/search/service.go:476.2,476.67 1 1
orbyte/internal/platform/search/service.go:476.67,478.3 1 0
orbyte/internal/platform/search/service.go:479.2,480.16 2 1
orbyte/internal/platform/search/service.go:480.16,482.3 1 0
orbyte/internal/platform/search/service.go:483.2,483.55 1 1
orbyte/internal/platform/search/service.go:486.94,488.67 2 1
orbyte/internal/platform/search/service.go:488.67,490.3 1 0
orbyte/internal/platform/search/service.go:491.2,492.16 2 1
orbyte/internal/platform/search/service.go:492.16,494.3 1 0
orbyte/internal/platform/search/service.go:495.2,495.55 1 1
orbyte/internal/platform/search/service.go:498.102,500.21 2 1
orbyte/internal/platform/search/service.go:500.21,508.43 2 1
orbyte/internal/platform/search/service.go:508.43,509.29 1 1
orbyte/internal/platform/search/service.go:509.29,513.5 3 1
orbyte/internal/platform/search/service.go:515.3,515.63 1 1
orbyte/internal/platform/search/service.go:517.2,535.16 3 1
orbyte/internal/platform/search/service.go:535.16,537.3 1 0
orbyte/internal/platform/search/service.go:538.2,548.8 1 1
orbyte/internal/platform/search/service.go:551.96,553.40 2 1
orbyte/internal/platform/search/service.go:553.40,554.60 1 1
orbyte/internal/platform/search/service.go:554.60,561.44 2 1
orbyte/internal/platform/search/service.go:561.44,562.30 1 1
orbyte/internal/platform/search/service.go:562.30,566.6 3 1
orbyte/internal/platform/search/service.go:568.4,569.39 2 1
orbyte/internal/platform/search/service.go:572.2,577.16 6 1
orbyte/internal/platform/search/service.go:577.16,579.3 1 0
orbyte/internal/platform/search/service.go:580.2,590.8 1 1
orbyte/internal/platform/search/service.go:593.105,606.16 3 1
orbyte/internal/platform/search/service.go:606.16,608.3 1 0
orbyte/internal/platform/search/service.go:609.2,619.8 1 1
orbyte/internal/platform/search/service.go:622.131,624.35 2 1
orbyte/internal/platform/search/service.go:624.35,626.19 2 1
orbyte/internal/platform/search/service.go:626.19,627.12 1 1
orbyte/internal/platform/search/service.go:629.3,629.28 1 1
orbyte/internal/platform/search/service.go:631.2,632.41 2 1
orbyte/internal/platform/search/service.go:632.41,634.42 2 1
orbyte/internal/platform/search/service.go:634.42,636.18 2 1
orbyte/internal/platform/search/service.go:636.18,638.5 1 1
orbyte/internal/platform/search/service.go:640.3,640.22 1 1
orbyte/internal/platform/search/service.go:640.22,641.12 1 0
orbyte/internal/platform/search/service.go:643.3,646.17 4 1
orbyte/internal/platform/search/service.go:646.17,648.4 1 0
orbyte/internal/platform/search/service.go:649.3,649.26 1 1
orbyte/internal/platform/search/service.go:649.26,651.4 1 1
orbyte/internal/platform/search/service.go:653.2,653.29 1 1
orbyte/internal/platform/search/service.go:656.89,659.19 3 1
orbyte/internal/platform/search/service.go:659.19,661.3 1 1
orbyte/internal/platform/search/service.go:662.2,662.23 1 1
orbyte/internal/platform/search/service.go:662.23,664.3 1 1
orbyte/internal/platform/search/service.go:665.2,665.37 1 1
orbyte/internal/platform/search/service.go:665.37,667.3 1 0
orbyte/internal/platform/search/service.go:668.2,669.31 2 1
orbyte/internal/platform/search/service.go:669.31,670.51 1 0
orbyte/internal/platform/search/service.go:670.51,672.4 1 0
orbyte/internal/platform/search/service.go:674.2,674.22 1 1
orbyte/internal/platform/search/service.go:674.22,676.32 2 0
orbyte/internal/platform/search/service.go:676.32,678.4 1 0
orbyte/internal/platform/search/service.go:680.2,680.17 1 1
orbyte/internal/platform/search/service.go:683.66,685.16 2 1
orbyte/internal/platform/search/service.go:685.16,686.25 1 1
orbyte/internal/platform/search/service.go:686.25,688.4 1 1
orbyte/internal/platform/search/service.go:689.3,689.19 1 0
orbyte/internal/platform/search/service.go:691.2,691.13 1 1
orbyte/internal/platform/search/service.go:694.49,696.31 2 1
orbyte/internal/platform/search/service.go:696.31,698.3 1 1
orbyte/internal/platform/search/service.go:699.2,699.12 1 1
orbyte/internal/platform/search/service.go:702.81,704.44 2 1
orbyte/internal/platform/search/service.go:704.44,706.3 1 1
orbyte/internal/platform/search/service.go:707.2,707.41 1 0
orbyte/internal/platform/search/service.go:707.41,708.23 1 0
orbyte/internal/platform/search/service.go:708.23,710.4 1 0
orbyte/internal/platform/search/service.go:712.2,712.32 1 0
orbyte/internal/platform/search/service.go:715.56,716.26 1 1
orbyte/internal/platform/search/service.go:716.26,718.3 1 1
orbyte/internal/platform/search/service.go:719.2,719.10 1 0
orbyte/internal/platform/search/service.go:722.59,724.70 2 1
orbyte/internal/platform/search/service.go:724.70,726.20 2 1
orbyte/internal/platform/search/service.go:726.20,727.12 1 0
orbyte/internal/platform/search/service.go:729.3,730.10 2 1
orbyte/internal/platform/search/service.go:730.10,732.4 1 0
orbyte/internal/platform/search/service.go:733.3,734.10 2 1
orbyte/internal/platform/search/service.go:734.10,736.4 1 1
orbyte/internal/platform/search/service.go:737.3,737.17 1 1
orbyte/internal/platform/search/service.go:739.2,739.16 1 1
orbyte/internal/platform/search/typesense_backend.go:21.92,22.18 1 1
orbyte/internal/platform/search/typesense_backend.go:22.18,24.3 1 0
orbyte/internal/platform/search/typesense_backend.go:25.2,29.3 1 1
orbyte/internal/platform/search/typesense_backend.go:32.90,38.16 3 1
orbyte/internal/platform/search/typesense_backend.go:38.16,40.3 1 0
orbyte/internal/platform/search/typesense_backend.go:41.2,41.35 1 1
orbyte/internal/platform/search/typesense_backend.go:41.35,43.3 1 0
orbyte/internal/platform/search/typesense_backend.go:44.2,44.35 1 1
orbyte/internal/platform/search/typesense_backend.go:44.35,46.3 1 0
orbyte/internal/platform/search/typesense_backend.go:47.2,47.12 1 1
orbyte/internal/platform/search/typesense_backend.go:50.107,52.16 2 1
orbyte/internal/platform/search/typesense_backend.go:52.16,54.3 1 0
orbyte/internal/platform/search/typesense_backend.go:55.2,55.35 1 1
orbyte/internal/platform/search/typesense_backend.go:55.35,57.3 1 0
orbyte/internal/platform/search/typesense_backend.go:58.2,58.12 1 1
orbyte/internal/platform/search/typesense_backend.go:61.95,63.16 2 1
orbyte/internal/platform/search/typesense_backend.go:63.16,65.3 1 0
orbyte/internal/platform/search/typesense_backend.go:66.2,66.35 1 1
orbyte/internal/platform/search/typesense_backend.go:66.35,68.3 1 0
orbyte/internal/platform/search/typesense_backend.go:69.2,69.12 1 1
orbyte/internal/platform/search/typesense_backend.go:72.118,78.35 6 1
orbyte/internal/platform/search/typesense_backend.go:78.35,79.23 1 1
orbyte/internal/platform/search/typesense_backend.go:79.23,81.4 1 1
orbyte/internal/platform/search/typesense_backend.go:83.2,83.22 1 1
orbyte/internal/platform/search/typesense_backend.go:83.22,85.3 1 1
orbyte/internal/platform/search/typesense_backend.go:86.2,86.58 1 1
orbyte/internal/platform/search/typesense_backend.go:86.58,88.3 1 1
orbyte/internal/platform/search/typesense_backend.go:89.2,89.22 1 1
orbyte/internal/platform/search/typesense_backend.go:89.22,91.15 2 1
orbyte/internal/platform/search/typesense_backend.go:91.15,93.4 1 0
orbyte/internal/platform/search/typesense_backend.go:94.3,94.46 1 1
orbyte/internal/platform/search/typesense_backend.go:96.2,97.67 2 1
orbyte/internal/platform/search/typesense_backend.go:97.67,99.51 2 1
orbyte/internal/platform/search/typesense_backend.go:99.51,101.4 1 0
orbyte/internal/platform/search/typesense_backend.go:102.3,102.90 1 1
orbyte/internal/platform/search/typesense_backend.go:104.2,105.16 2 1
orbyte/internal/platform/search/typesense_backend.go:105.16,107.3 1 0
orbyte/internal/platform/search/typesense_backend.go:108.2,108.35 1 1
orbyte/internal/platform/search/typesense_backend.go:108.35,110.3 1 0
orbyte/internal/platform/search/typesense_backend.go:111.2,119.54 2 1
orbyte/internal/platform/search/typesense_backend.go:119.54,121.3 1 0
orbyte/internal/platform/search/typesense_backend.go:122.2,123.31 2 1
orbyte/internal/platform/search/typesense_backend.go:123.31,131.3 1 1
orbyte/internal/platform/search/typesense_backend.go:132.2,132.126 1 1
orbyte/internal/platform/search/typesense_backend.go:135.102,136.40 1 1
orbyte/internal/platform/search/typesense_backend.go:136.40,138.3 1 1
orbyte/internal/platform/search/typesense_backend.go:139.2,140.21 2 1
orbyte/internal/platform/search/typesense_backend.go:140.21,142.3 1 1
orbyte/internal/platform/search/typesense_backend.go:143.2,144.17 2 1
orbyte/internal/platform/search/typesense_backend.go:144.17,146.17 2 1
orbyte/internal/platform/search/typesense_backend.go:146.17,148.4 1 0
orbyte/internal/platform/search/typesense_backend.go:149.3,149.37 1 1
orbyte/internal/platform/search/typesense_backend.go:151.2,152.16 2 1
orbyte/internal/platform/search/typesense_backend.go:152.16,154.3 1 0
orbyte/internal/platform/search/typesense_backend.go:155.2,158.16 4 1
orbyte/internal/platform/search/typesense_backend.go:158.16,160.3 1 0
orbyte/internal/platform/search/typesense_backend.go:161.2,163.16 3 1
orbyte/internal/platform/search/typesense_backend.go:163.16,165.3 1 0
orbyte/internal/platform/search/typesense_backend.go:166.2,166.35 1 1
orbyte/internal/platform/search/typesense_backend.go:169.60,179.35 2 1
orbyte/internal/platform/search/typesense_backend.go:179.35,188.3 2 1
orbyte/internal/platform/search/typesense_backend.go:189.2,189.41 1 1
orbyte/internal/platform/search/typesense_backend.go:189.41,194.27 2 1
orbyte/internal/platform/search/typesense_backend.go:194.27,196.4 1 1
orbyte/internal/platform/search/typesense_backend.go:197.3,197.46 1 1
orbyte/internal/platform/search/typesense_backend.go:197.46,204.4 1 1
orbyte/internal/platform/search/typesense_backend.go:205.3,205.32 1 1
orbyte/internal/platform/search/typesense_backend.go:207.2,207.15 1 1
orbyte/internal/platform/search/typesense_backend.go:210.61,220.40 2 1
orbyte/internal/platform/search/typesense_backend.go:220.40,222.3 1 1
orbyte/internal/platform/search/typesense_backend.go:223.2,223.42 1 1
orbyte/internal/platform/search/typesense_backend.go:223.42,225.3 1 1
orbyte/internal/platform/search/typesense_backend.go:226.2,226.16 1 1
orbyte/internal/platform/search/typesense_backend.go:229.50,230.38 1 1
orbyte/internal/platform/search/typesense_backend.go:231.18,232.20 1 0
orbyte/internal/platform/search/typesense_backend.go:233.13,234.17 1 1
orbyte/internal/platform/search/typesense_backend.go:235.15,236.17 1 0
orbyte/internal/platform/search/typesense_backend.go:237.14,238.16 1 0
orbyte/internal/platform/search/typesense_backend.go:239.10,240.18 1 1
orbyte/internal/platform/search/typesense_backend.go:244.56,246.34 2 1
orbyte/internal/platform/search/typesense_backend.go:246.34,248.18 2 1
orbyte/internal/platform/search/typesense_backend.go:248.18,249.12 1 0
orbyte/internal/platform/search/typesense_backend.go:251.3,251.59 1 1
orbyte/internal/platform/search/typesense_backend.go:253.2,253.36 1 1
orbyte/internal/platform/search/typesense_backend.go:256.44,258.31 2 1
orbyte/internal/platform/search/typesense_backend.go:258.31,260.3 1 1
orbyte/internal/platform/search/typesense_backend.go:261.2,261.45 1 1
orbyte/internal/platform/search/typesense_backend.go:264.35,265.36 1 1
orbyte/internal/platform/search/typesense_backend.go:265.36,267.3 1 1
orbyte/internal/platform/search/typesense_backend.go:268.2,268.11 1 0
orbyte/internal/platform/searchruntime/runtime.go:12.185,13.22 1 0
orbyte/internal/platform/searchruntime/runtime.go:13.22,15.3 1 0
orbyte/internal/platform/searchruntime/runtime.go:16.2,19.24 4 0
orbyte/internal/platform/searchruntime/runtime.go:19.24,21.3 1 0
orbyte/internal/platform/searchruntime/runtime.go:22.2,29.4 1 0
orbyte/internal/platform/searchruntime/runtime.go:29.4,31.3 1 0
orbyte/internal/platform/searchruntime/runtime.go:32.2,32.85 1 0
orbyte/internal/platform/searchruntime/runtime.go:32.85,34.3 1 0
orbyte/internal/platform/templateoutput/memory_repository.go:8.46,10.2 1 1
orbyte/internal/platform/templateoutput/memory_repository.go:12.67,14.34 2 1
orbyte/internal/platform/templateoutput/memory_repository.go:14.34,15.38 1 1
orbyte/internal/platform/templateoutput/memory_repository.go:15.38,17.4 1 1
orbyte/internal/platform/templateoutput/memory_repository.go:19.2,19.14 1 1
orbyte/internal/platform/templateoutput/memory_repository.go:22.53,24.2 1 0
orbyte/internal/platform/templateoutput/memory_repository.go:26.63,27.37 1 1
orbyte/internal/platform/templateoutput/memory_repository.go:27.37,28.87 1 1
orbyte/internal/platform/templateoutput/memory_repository.go:28.87,31.4 2 1
orbyte/internal/platform/templateoutput/memory_repository.go:33.2,34.12 2 1
orbyte/internal/platform/templateoutput/memory_repository.go:37.49,39.2 1 1
orbyte/internal/platform/templateoutput/memory_repository.go:41.63,42.37 1 1
orbyte/internal/platform/templateoutput/memory_repository.go:42.37,43.31 1 1
orbyte/internal/platform/templateoutput/memory_repository.go:43.31,46.4 2 1
orbyte/internal/platform/templateoutput/memory_repository.go:48.2,49.12 2 1
orbyte/internal/platform/templateoutput/postgres_repository.go:13.60,15.2 1 0
orbyte/internal/platform/templateoutput/postgres_repository.go:17.69,19.16 2 0
orbyte/internal/platform/templateoutput/postgres_repository.go:19.16,21.3 1 0
orbyte/internal/platform/templateoutput/postgres_repository.go:22.2,24.18 3 0
orbyte/internal/platform/templateoutput/postgres_repository.go:24.18,28.3 3 0
orbyte/internal/platform/templateoutput/postgres_repository.go:29.2,29.14 1 0
orbyte/internal/platform/templateoutput/postgres_repository.go:32.55,34.16 2 0
orbyte/internal/platform/templateoutput/postgres_repository.go:34.16,36.3 1 0
orbyte/internal/platform/templateoutput/postgres_repository.go:37.2,39.18 3 0
orbyte/internal/platform/templateoutput/postgres_repository.go:39.18,43.3 3 0
orbyte/internal/platform/templateoutput/postgres_repository.go:44.2,44.14 1 0
orbyte/internal/platform/templateoutput/postgres_repository.go:47.65,53.2 2 0
orbyte/internal/platform/templateoutput/postgres_repository.go:55.51,57.16 2 0
orbyte/internal/platform/templateoutput/postgres_repository.go:57.16,59.3 1 0
orbyte/internal/platform/templateoutput/postgres_repository.go:60.2,62.18 3 0
orbyte/internal/platform/templateoutput/postgres_repository.go:62.18,66.3 3 0
orbyte/internal/platform/templateoutput/postgres_repository.go:67.2,67.40 1 0
orbyte/internal/platform/templateoutput/postgres_repository.go:67.40,67.76 1 0
orbyte/internal/platform/templateoutput/postgres_repository.go:68.2,68.14 1 0
orbyte/internal/platform/templateoutput/postgres_repository.go:71.65,77.2 2 0
orbyte/internal/platform/templateoutput/postgres_repository.go:79.36,80.20 1 0
orbyte/internal/platform/templateoutput/postgres_repository.go:80.20,82.3 1 0
orbyte/internal/platform/templateoutput/postgres_repository.go:83.2,83.14 1 0
orbyte/internal/platform/templateoutput/service.go:30.88,37.2 1 1
orbyte/internal/platform/templateoutput/service.go:39.119,40.17 1 0
orbyte/internal/platform/templateoutput/service.go:40.17,42.3 1 0
orbyte/internal/platform/templateoutput/service.go:43.2,43.107 1 0
orbyte/internal/platform/templateoutput/service.go:46.77,66.2 1 0
orbyte/internal/platform/templateoutput/service.go:68.60,69.161 1 1
orbyte/internal/platform/templateoutput/service.go:69.161,71.3 1 0
orbyte/internal/platform/templateoutput/service.go:72.2,73.28 2 1
orbyte/internal/platform/templateoutput/service.go:73.28,75.3 1 0
orbyte/internal/platform/templateoutput/service.go:76.2,76.29 1 1
orbyte/internal/platform/templateoutput/service.go:76.29,78.3 1 1
orbyte/internal/platform/templateoutput/service.go:79.2,79.27 1 1
orbyte/internal/platform/templateoutput/service.go:79.27,81.3 1 1
orbyte/internal/platform/templateoutput/service.go:82.2,82.42 1 1
orbyte/internal/platform/templateoutput/service.go:82.42,84.3 1 0
orbyte/internal/platform/templateoutput/service.go:85.2,86.12 2 1
orbyte/internal/platform/templateoutput/service.go:89.46,91.30 2 0
orbyte/internal/platform/templateoutput/service.go:91.30,93.3 1 0
orbyte/internal/platform/templateoutput/service.go:94.2,94.40 1 0
orbyte/internal/platform/templateoutput/service.go:94.40,94.78 1 0
orbyte/internal/platform/templateoutput/service.go:95.2,95.14 1 0
orbyte/internal/platform/templateoutput/service.go:98.61,101.2 2 1
orbyte/internal/platform/templateoutput/service.go:103.58,105.40 2 1
orbyte/internal/platform/templateoutput/service.go:105.40,105.86 1 0
orbyte/internal/platform/templateoutput/service.go:106.2,106.14 1 1
orbyte/internal/platform/templateoutput/service.go:109.40,111.2 1 1
orbyte/internal/platform/templateoutput/service.go:113.75,115.2 1 1
orbyte/internal/platform/templateoutput/service.go:117.104,127.2 2 0
orbyte/internal/platform/templateoutput/service.go:129.88,131.9 2 1
orbyte/internal/platform/templateoutput/service.go:131.9,133.3 1 0
orbyte/internal/platform/templateoutput/service.go:134.2,137.26 4 1
orbyte/internal/platform/templateoutput/service.go:137.26,138.39 1 0
orbyte/internal/platform/templateoutput/service.go:138.39,140.4 1 0
orbyte/internal/platform/templateoutput/service.go:141.3,141.36 1 0
orbyte/internal/platform/templateoutput/service.go:141.36,143.4 1 0
orbyte/internal/platform/templateoutput/service.go:145.2,156.18 3 1
orbyte/internal/platform/templateoutput/service.go:156.18,158.3 1 0
orbyte/internal/platform/templateoutput/service.go:159.2,159.43 1 1
orbyte/internal/platform/templateoutput/service.go:159.43,161.3 1 0
orbyte/internal/platform/templateoutput/service.go:162.2,162.44 1 1
orbyte/internal/platform/templateoutput/service.go:162.44,164.3 1 1
orbyte/internal/platform/templateoutput/service.go:165.2,165.52 1 1
orbyte/internal/platform/templateoutput/service.go:165.52,167.3 1 0
orbyte/internal/platform/templateoutput/service.go:168.2,168.21 1 1
orbyte/internal/platform/templateoutput/service.go:171.95,175.32 4 1
orbyte/internal/platform/templateoutput/service.go:175.32,176.32 1 1
orbyte/internal/platform/templateoutput/service.go:176.32,179.12 3 1
orbyte/internal/platform/templateoutput/service.go:181.3,181.33 1 0
orbyte/internal/platform/templateoutput/service.go:181.33,183.51 2 0
orbyte/internal/platform/templateoutput/service.go:183.51,185.5 1 0
orbyte/internal/platform/templateoutput/service.go:188.2,188.12 1 1
orbyte/internal/platform/templateoutput/service.go:188.12,190.3 1 0
orbyte/internal/platform/templateoutput/service.go:191.2,196.51 6 1
orbyte/internal/platform/templateoutput/service.go:196.51,198.3 1 0
orbyte/internal/platform/templateoutput/service.go:199.2,199.20 1 1
orbyte/internal/platform/templateoutput/service.go:202.65,203.53 1 1
orbyte/internal/platform/templateoutput/service.go:203.53,205.3 1 0
orbyte/internal/platform/templateoutput/service.go:206.2,206.48 1 1
orbyte/internal/platform/templateoutput/service.go:206.48,208.3 1 0
orbyte/internal/platform/templateoutput/service.go:209.2,209.95 1 1
orbyte/internal/platform/templateoutput/service.go:209.95,213.3 3 0
orbyte/internal/platform/templateoutput/service.go:214.2,214.39 1 1
orbyte/internal/platform/templateoutput/service.go:214.39,215.83 1 1
orbyte/internal/platform/templateoutput/service.go:215.83,216.12 1 0
orbyte/internal/platform/templateoutput/service.go:218.3,218.89 1 1
orbyte/internal/platform/templateoutput/service.go:218.89,219.12 1 0
orbyte/internal/platform/templateoutput/service.go:221.3,221.79 1 1
orbyte/internal/platform/templateoutput/service.go:221.79,222.12 1 0
orbyte/internal/platform/templateoutput/service.go:224.3,225.8 2 1
orbyte/internal/platform/templateoutput/service.go:227.2,227.41 1 1
orbyte/internal/platform/templateoutput/service.go:227.41,229.3 1 1
orbyte/internal/platform/templateoutput/service.go:230.2,231.52 2 1
orbyte/internal/platform/templateoutput/service.go:231.52,233.3 1 0
orbyte/internal/platform/templateoutput/service.go:234.2,234.21 1 1
orbyte/internal/platform/templateoutput/service.go:237.69,239.16 2 1
orbyte/internal/platform/templateoutput/service.go:239.16,241.3 1 0
orbyte/internal/platform/templateoutput/service.go:242.2,242.39 1 1
orbyte/internal/platform/templateoutput/service.go:242.39,244.3 1 0
orbyte/internal/platform/templateoutput/service.go:245.2,245.40 1 1
orbyte/internal/platform/templateoutput/service.go:245.40,247.3 1 0
orbyte/internal/platform/templateoutput/service.go:248.2,248.69 1 1
orbyte/internal/platform/templateoutput/service.go:248.69,250.3 1 0
orbyte/internal/platform/templateoutput/service.go:251.2,252.16 2 1
orbyte/internal/platform/templateoutput/service.go:252.16,254.3 1 0
orbyte/internal/platform/templateoutput/service.go:255.2,256.16 2 1
orbyte/internal/platform/templateoutput/service.go:256.16,258.3 1 0
orbyte/internal/platform/templateoutput/service.go:259.2,260.18 2 1
orbyte/internal/platform/templateoutput/service.go:260.18,262.19 2 0
orbyte/internal/platform/templateoutput/service.go:262.19,264.4 1 0
orbyte/internal/platform/templateoutput/service.go:266.2,275.52 2 1
orbyte/internal/platform/templateoutput/service.go:276.18,278.21 2 1
orbyte/internal/platform/templateoutput/service.go:279.13,281.17 2 1
orbyte/internal/platform/templateoutput/service.go:281.17,283.4 1 0
orbyte/internal/platform/templateoutput/service.go:284.3,286.21 3 1
orbyte/internal/platform/templateoutput/service.go:287.10,289.21 2 0
orbyte/internal/platform/templateoutput/service.go:293.83,294.58 1 1
orbyte/internal/platform/templateoutput/service.go:294.58,296.10 2 1
orbyte/internal/platform/templateoutput/service.go:296.10,298.4 1 0
orbyte/internal/platform/templateoutput/service.go:299.3,299.40 1 1
orbyte/internal/platform/templateoutput/service.go:301.2,306.47 6 1
orbyte/internal/platform/templateoutput/service.go:306.47,307.33 1 1
orbyte/internal/platform/templateoutput/service.go:307.33,308.68 1 1
orbyte/internal/platform/templateoutput/service.go:308.68,309.13 1 0
orbyte/internal/platform/templateoutput/service.go:311.4,311.70 1 1
orbyte/internal/platform/templateoutput/service.go:311.70,312.13 1 0
orbyte/internal/platform/templateoutput/service.go:314.4,314.70 1 1
orbyte/internal/platform/templateoutput/service.go:314.70,315.13 1 0
orbyte/internal/platform/templateoutput/service.go:317.4,317.82 1 1
orbyte/internal/platform/templateoutput/service.go:317.82,318.13 1 0
orbyte/internal/platform/templateoutput/service.go:320.4,321.10 2 1
orbyte/internal/platform/templateoutput/service.go:321.10,323.5 1 1
orbyte/internal/platform/templateoutput/service.go:326.2,326.38 1 0
orbyte/internal/platform/templateoutput/service.go:326.38,327.65 1 0
orbyte/internal/platform/templateoutput/service.go:327.65,328.68 1 0
orbyte/internal/platform/templateoutput/service.go:328.68,329.13 1 0
orbyte/internal/platform/templateoutput/service.go:331.4,331.68 1 0
orbyte/internal/platform/templateoutput/service.go:331.68,332.13 1 0
orbyte/internal/platform/templateoutput/service.go:334.4,334.41 1 0
orbyte/internal/platform/templateoutput/service.go:337.2,337.74 1 0
orbyte/internal/platform/templateoutput/service.go:340.57,342.32 2 1
orbyte/internal/platform/templateoutput/service.go:342.32,343.33 1 1
orbyte/internal/platform/templateoutput/service.go:343.33,345.4 1 1
orbyte/internal/platform/templateoutput/service.go:347.2,347.32 1 1
orbyte/internal/platform/templateoutput/service.go:347.32,348.29 1 0
orbyte/internal/platform/templateoutput/service.go:348.29,350.4 1 0
orbyte/internal/platform/templateoutput/service.go:352.2,359.3 1 1
orbyte/internal/platform/templateoutput/service.go:362.92,370.24 2 1
orbyte/internal/platform/templateoutput/service.go:371.18,372.58 1 1
orbyte/internal/platform/templateoutput/service.go:372.58,375.4 2 1
orbyte/internal/platform/templateoutput/service.go:376.3,377.17 2 1
orbyte/internal/platform/templateoutput/service.go:377.17,379.4 1 0
orbyte/internal/platform/templateoutput/service.go:380.3,380.46 1 1
orbyte/internal/platform/templateoutput/service.go:381.16,383.16 2 1
orbyte/internal/platform/templateoutput/service.go:383.16,385.4 1 0
orbyte/internal/platform/templateoutput/service.go:386.3,386.17 1 1
orbyte/internal/platform/templateoutput/service.go:386.17,389.4 2 0
orbyte/internal/platform/templateoutput/service.go:390.3,391.17 2 1
orbyte/internal/platform/templateoutput/service.go:391.17,393.4 1 0
orbyte/internal/platform/templateoutput/service.go:394.3,394.25 1 1
orbyte/internal/platform/templateoutput/service.go:395.10,396.68 1 0
orbyte/internal/platform/templateoutput/service.go:398.2,398.17 1 1
orbyte/internal/platform/templateoutput/service.go:401.83,402.30 1 1
orbyte/internal/platform/templateoutput/service.go:403.14,404.43 1 1
orbyte/internal/platform/templateoutput/service.go:405.16,406.44 1 1
orbyte/internal/platform/templateoutput/service.go:407.10,408.69 1 0
orbyte/internal/platform/templateoutput/service.go:412.79,414.35 2 1
orbyte/internal/platform/templateoutput/service.go:414.35,416.3 1 0
orbyte/internal/platform/templateoutput/service.go:417.2,422.16 2 1
orbyte/internal/platform/templateoutput/service.go:422.16,424.3 1 0
orbyte/internal/platform/templateoutput/service.go:425.2,426.47 2 1
orbyte/internal/platform/templateoutput/service.go:426.47,428.3 1 0
orbyte/internal/platform/templateoutput/service.go:429.2,429.44 1 1
orbyte/internal/platform/templateoutput/service.go:429.44,431.3 1 0
orbyte/internal/platform/templateoutput/service.go:432.2,432.67 1 1
orbyte/internal/platform/templateoutput/service.go:435.80,437.70 2 1
orbyte/internal/platform/templateoutput/service.go:437.70,439.3 1 0
orbyte/internal/platform/templateoutput/service.go:440.2,443.24 4 1
orbyte/internal/platform/templateoutput/service.go:443.24,445.3 1 1
orbyte/internal/platform/templateoutput/service.go:446.2,446.42 1 1
orbyte/internal/platform/templateoutput/service.go:446.42,448.26 2 1
orbyte/internal/platform/templateoutput/service.go:448.26,450.4 1 1
orbyte/internal/platform/templateoutput/service.go:451.3,451.36 1 1
orbyte/internal/platform/templateoutput/service.go:451.36,453.37 2 1
orbyte/internal/platform/templateoutput/service.go:453.37,455.31 2 1
orbyte/internal/platform/templateoutput/service.go:455.31,457.6 1 0
orbyte/internal/platform/templateoutput/service.go:458.5,459.39 2 1
orbyte/internal/platform/templateoutput/service.go:459.39,460.46 1 1
orbyte/internal/platform/templateoutput/service.go:460.46,461.15 1 0
orbyte/internal/platform/templateoutput/service.go:463.6,463.52 1 1
orbyte/internal/platform/templateoutput/service.go:465.5,465.30 1 1
orbyte/internal/platform/templateoutput/service.go:467.4,467.29 1 1
orbyte/internal/platform/templateoutput/service.go:469.3,469.32 1 1
orbyte/internal/platform/templateoutput/service.go:471.2,472.44 2 1
orbyte/internal/platform/templateoutput/service.go:472.44,474.3 1 0
orbyte/internal/platform/templateoutput/service.go:475.2,475.26 1 1
orbyte/internal/platform/templateoutput/service.go:478.70,480.57 2 1
orbyte/internal/platform/templateoutput/service.go:481.16,482.31 1 1
orbyte/internal/platform/templateoutput/service.go:483.22,484.30 1 1
orbyte/internal/platform/templateoutput/service.go:486.2,487.60 2 1
orbyte/internal/platform/templateoutput/service.go:488.24,489.37 1 1
orbyte/internal/platform/templateoutput/service.go:490.15,491.36 1 0
orbyte/internal/platform/templateoutput/service.go:493.2,494.60 2 1
orbyte/internal/platform/templateoutput/service.go:495.12,496.25 1 0
orbyte/internal/platform/templateoutput/service.go:497.12,498.25 1 0
orbyte/internal/platform/templateoutput/service.go:499.12,500.25 1 1
orbyte/internal/platform/templateoutput/service.go:502.2,504.20 3 1
orbyte/internal/platform/templateoutput/service.go:505.14,506.66 1 1
orbyte/internal/platform/templateoutput/service.go:507.15,509.50 2 1
orbyte/internal/platform/templateoutput/service.go:509.50,511.4 1 0
orbyte/internal/platform/templateoutput/service.go:512.3,513.18 2 1
orbyte/internal/platform/templateoutput/service.go:513.18,515.4 1 1
orbyte/internal/platform/templateoutput/service.go:515.9,517.4 1 0
orbyte/internal/platform/templateoutput/service.go:518.15,519.46 1 0
orbyte/internal/platform/templateoutput/service.go:519.46,521.4 1 0
orbyte/internal/platform/templateoutput/service.go:521.9,523.4 1 0
orbyte/internal/platform/templateoutput/service.go:524.17,525.51 1 0
orbyte/internal/platform/templateoutput/service.go:526.23,528.18 2 0
orbyte/internal/platform/templateoutput/service.go:528.18,530.4 1 0
orbyte/internal/platform/templateoutput/service.go:531.3,531.195 1 0
orbyte/internal/platform/templateoutput/service.go:532.19,534.37 2 0
orbyte/internal/platform/templateoutput/service.go:534.37,536.4 1 0
orbyte/internal/platform/templateoutput/service.go:537.3,537.148 1 0
orbyte/internal/platform/templateoutput/service.go:538.16,541.28 3 1
orbyte/internal/platform/templateoutput/service.go:541.28,542.51 1 1
orbyte/internal/platform/templateoutput/service.go:543.17,544.15 1 1
orbyte/internal/platform/templateoutput/service.go:545.17,546.24 1 0
orbyte/internal/platform/templateoutput/service.go:547.13,548.24 1 0
orbyte/internal/platform/templateoutput/service.go:549.15,550.24 1 0
orbyte/internal/platform/templateoutput/service.go:553.3,554.37 2 1
orbyte/internal/platform/templateoutput/service.go:554.37,556.4 1 0
orbyte/internal/platform/templateoutput/service.go:557.3,557.231 1 1
orbyte/internal/platform/templateoutput/service.go:558.15,561.37 3 1
orbyte/internal/platform/templateoutput/service.go:561.37,563.4 1 1
orbyte/internal/platform/templateoutput/service.go:564.3,565.28 2 1
orbyte/internal/platform/templateoutput/service.go:565.28,567.38 2 1
orbyte/internal/platform/templateoutput/service.go:567.38,569.5 1 1
orbyte/internal/platform/templateoutput/service.go:570.4,570.28 1 1
orbyte/internal/platform/templateoutput/service.go:572.3,572.21 1 1
orbyte/internal/platform/templateoutput/service.go:572.21,574.4 1 0
orbyte/internal/platform/templateoutput/service.go:575.3,575.44 1 1
orbyte/internal/platform/templateoutput/service.go:576.10,577.94 1 0
orbyte/internal/platform/templateoutput/service.go:579.2,580.21 2 1
orbyte/internal/platform/templateoutput/service.go:583.45,585.16 2 1
orbyte/internal/platform/templateoutput/service.go:585.16,587.3 1 0
orbyte/internal/platform/templateoutput/service.go:588.2,589.48 2 1
orbyte/internal/platform/templateoutput/service.go:589.48,590.34 1 1
orbyte/internal/platform/templateoutput/service.go:591.23,592.25 1 1
orbyte/internal/platform/templateoutput/service.go:593.14,594.16 1 0
orbyte/internal/platform/templateoutput/service.go:595.11,596.14 1 0
orbyte/internal/platform/templateoutput/service.go:599.2,599.16 1 1
orbyte/internal/platform/templateoutput/service.go:602.36,603.31 1 1
orbyte/internal/platform/templateoutput/service.go:604.11,605.13 1 0
orbyte/internal/platform/templateoutput/service.go:606.22,607.15 1 1
orbyte/internal/platform/templateoutput/service.go:608.13,609.15 1 1
orbyte/internal/platform/templateoutput/service.go:610.23,611.34 1 0
orbyte/internal/platform/templateoutput/service.go:612.10,614.17 2 1
orbyte/internal/platform/templateoutput/service.go:614.17,616.4 1 0
orbyte/internal/platform/templateoutput/service.go:617.3,618.51 2 1
orbyte/internal/platform/templateoutput/service.go:618.51,620.4 1 0
orbyte/internal/platform/templateoutput/service.go:621.3,621.13 1 1
orbyte/internal/platform/templateoutput/service.go:625.63,628.36 3 1
orbyte/internal/platform/templateoutput/service.go:628.36,643.3 3 0
orbyte/internal/platform/templateoutput/service.go:644.2,684.3 3 1
orbyte/internal/platform/templateoutput/service.go:687.68,688.51 1 1
orbyte/internal/platform/templateoutput/service.go:688.51,690.3 1 0
orbyte/internal/platform/templateoutput/service.go:691.2,691.58 1 1
orbyte/internal/platform/templateoutput/service.go:691.58,693.3 1 0
orbyte/internal/platform/templateoutput/service.go:694.2,694.58 1 1
orbyte/internal/platform/templateoutput/service.go:694.58,696.3 1 1
orbyte/internal/platform/templateoutput/service.go:697.2,697.54 1 1
orbyte/internal/platform/templateoutput/service.go:697.54,699.3 1 0
orbyte/internal/platform/templateoutput/service.go:700.2,700.31 1 1
orbyte/internal/platform/templateoutput/service.go:700.31,702.3 1 0
orbyte/internal/platform/templateoutput/service.go:703.2,703.33 1 1
orbyte/internal/platform/templateoutput/service.go:703.33,704.53 1 1
orbyte/internal/platform/templateoutput/service.go:704.53,706.4 1 0
orbyte/internal/platform/templateoutput/service.go:707.3,707.40 1 1
orbyte/internal/platform/templateoutput/service.go:707.40,709.4 1 0
orbyte/internal/platform/templateoutput/service.go:710.3,710.47 1 1
orbyte/internal/platform/templateoutput/service.go:710.47,712.39 2 1
orbyte/internal/platform/templateoutput/service.go:712.39,714.5 1 1
orbyte/internal/platform/templateoutput/service.go:715.4,715.37 1 1
orbyte/internal/platform/templateoutput/service.go:715.37,717.41 2 1
orbyte/internal/platform/templateoutput/service.go:717.41,719.6 1 1
orbyte/internal/platform/templateoutput/service.go:720.5,720.41 1 1
orbyte/internal/platform/templateoutput/service.go:720.41,722.6 1 0
orbyte/internal/platform/templateoutput/service.go:726.2,726.15 1 1
orbyte/internal/platform/templateoutput/service.go:729.40,735.2 1 0
orbyte/internal/platform/templateoutput/service.go:737.52,789.2 4 1
orbyte/internal/platform/templateoutput/service.go:791.62,805.2 1 0
orbyte/internal/platform/templateoutput/service.go:807.38,808.47 1 1
orbyte/internal/platform/templateoutput/service.go:809.13,810.15 1 1
orbyte/internal/platform/templateoutput/service.go:811.10,812.13 1 0
orbyte/internal/platform/templateoutput/service.go:816.58,818.16 2 1
orbyte/internal/platform/templateoutput/service.go:818.16,820.3 1 1
orbyte/internal/platform/templateoutput/service.go:821.2,822.31 2 0
orbyte/internal/platform/templateoutput/service.go:823.11,824.15 1 0
orbyte/internal/platform/templateoutput/service.go:825.12,826.15 1 0
orbyte/internal/platform/templateoutput/service.go:827.14,828.40 1 0
orbyte/internal/platform/templateoutput/service.go:829.13,830.24 1 0
orbyte/internal/platform/templateoutput/service.go:831.10,832.14 1 0
orbyte/internal/platform/templateoutput/service.go:836.50,837.66 1 1
orbyte/internal/platform/templateoutput/service.go:838.34,839.28 1 1
orbyte/internal/platform/templateoutput/service.go:840.34,841.28 1 0
orbyte/internal/platform/templateoutput/service.go:842.12,843.78 1 1
orbyte/internal/platform/templateoutput/service.go:843.78,845.4 1 0
orbyte/internal/platform/templateoutput/service.go:846.3,846.20 1 1
orbyte/internal/platform/templateoutput/service.go:847.10,848.20 1 0
orbyte/internal/platform/templateoutput/service.go:852.40,853.51 1 1
orbyte/internal/platform/templateoutput/service.go:854.17,855.27 1 1
orbyte/internal/platform/templateoutput/service.go:856.10,857.31 1 1
orbyte/internal/platform/templateoutput/service.go:861.27,862.11 1 0
orbyte/internal/platform/templateoutput/service.go:862.11,864.3 1 0
orbyte/internal/platform/templateoutput/service.go:865.2,865.10 1 0
orbyte/internal/platform/templateoutput/service.go:868.68,879.16 7 0
orbyte/internal/platform/templateoutput/service.go:879.16,881.3 1 0
orbyte/internal/platform/templateoutput/service.go:882.2,885.41 4 0
orbyte/internal/platform/templateoutput/service.go:885.41,887.3 1 0
orbyte/internal/platform/templateoutput/service.go:888.2,888.25 1 0
orbyte/internal/platform/templateoutput/service.go:891.92,895.37 4 0
orbyte/internal/platform/templateoutput/service.go:895.37,896.76 1 0
orbyte/internal/platform/templateoutput/service.go:896.76,897.39 1 0
orbyte/internal/platform/templateoutput/service.go:897.39,898.40 1 0
orbyte/internal/platform/templateoutput/service.go:899.52,900.14 1 0
orbyte/internal/platform/templateoutput/service.go:901.15,904.14 3 0
orbyte/internal/platform/templateoutput/service.go:905.15,908.14 3 0
orbyte/internal/platform/templateoutput/service.go:909.15,912.14 3 0
orbyte/internal/platform/templateoutput/service.go:913.14,916.14 3 0
orbyte/internal/platform/templateoutput/service.go:917.15,922.14 5 0
orbyte/internal/platform/templateoutput/service.go:923.15,926.14 3 0
orbyte/internal/platform/templateoutput/service.go:927.18,930.14 3 0
orbyte/internal/platform/templateoutput/service.go:931.21,934.14 3 0
orbyte/internal/platform/templateoutput/service.go:935.15,937.14 2 0
orbyte/internal/platform/templateoutput/service.go:940.4,940.36 1 0
orbyte/internal/platform/templateoutput/service.go:940.36,942.19 2 0
orbyte/internal/platform/templateoutput/service.go:942.19,944.6 1 0
orbyte/internal/platform/templateoutput/service.go:945.5,945.13 1 0
orbyte/internal/platform/templateoutput/service.go:947.4,947.17 1 0
orbyte/internal/platform/templateoutput/service.go:950.2,950.14 1 0
orbyte/internal/platform/templateoutput/service.go:953.103,955.16 2 0
orbyte/internal/platform/templateoutput/service.go:955.16,957.3 1 0
orbyte/internal/platform/templateoutput/service.go:958.2,959.56 2 0
orbyte/internal/platform/templateoutput/service.go:962.47,965.35 3 0
orbyte/internal/platform/templateoutput/service.go:965.35,966.37 1 0
orbyte/internal/platform/templateoutput/service.go:966.37,968.18 2 0
orbyte/internal/platform/templateoutput/service.go:968.18,970.5 1 0
orbyte/internal/platform/templateoutput/service.go:972.3,972.81 1 0
orbyte/internal/platform/templateoutput/service.go:972.81,974.4 1 0
orbyte/internal/platform/templateoutput/service.go:975.3,975.76 1 0
orbyte/internal/platform/templateoutput/service.go:975.76,977.4 1 0
orbyte/internal/platform/templateoutput/service.go:979.2,980.52 2 0
orbyte/internal/platform/templateoutput/service.go:983.78,987.72 4 0
orbyte/internal/platform/templateoutput/service.go:987.72,988.38 1 0
orbyte/internal/platform/templateoutput/service.go:988.38,989.12 1 0
orbyte/internal/platform/templateoutput/service.go:991.3,991.38 1 0
orbyte/internal/platform/templateoutput/service.go:992.13,993.36 1 0
orbyte/internal/platform/templateoutput/service.go:994.13,1003.57 9 0
orbyte/internal/platform/templateoutput/service.go:1008.76,1010.20 2 0
orbyte/internal/platform/templateoutput/service.go:1010.20,1012.3 1 0
orbyte/internal/platform/templateoutput/service.go:1013.2,1014.27 2 0
orbyte/internal/platform/templateoutput/service.go:1014.27,1015.32 1 0
orbyte/internal/platform/templateoutput/service.go:1015.32,1017.4 1 0
orbyte/internal/platform/templateoutput/service.go:1019.2,1021.27 3 0
orbyte/internal/platform/templateoutput/service.go:1021.27,1023.33 2 0
orbyte/internal/platform/templateoutput/service.go:1023.33,1025.26 2 0
orbyte/internal/platform/templateoutput/service.go:1025.26,1027.5 1 0
orbyte/internal/platform/templateoutput/service.go:1028.4,1029.18 2 0
orbyte/internal/platform/templateoutput/service.go:1029.18,1031.5 1 0
orbyte/internal/platform/templateoutput/service.go:1032.4,1033.64 2 0
orbyte/internal/platform/templateoutput/service.go:1035.3,1035.13 1 0
orbyte/internal/platform/templateoutput/service.go:1044.60,1047.35 3 0
orbyte/internal/platform/templateoutput/service.go:1047.35,1048.81 1 0
orbyte/internal/platform/templateoutput/service.go:1048.81,1050.77 2 0
orbyte/internal/platform/templateoutput/service.go:1050.77,1051.40 1 0
orbyte/internal/platform/templateoutput/service.go:1051.40,1052.14 1 0
orbyte/internal/platform/templateoutput/service.go:1054.5,1055.35 2 0
orbyte/internal/platform/templateoutput/service.go:1055.35,1056.14 1 0
orbyte/internal/platform/templateoutput/service.go:1058.5,1058.20 1 0
orbyte/internal/platform/templateoutput/service.go:1058.20,1060.6 1 0
orbyte/internal/platform/templateoutput/service.go:1061.5,1061.58 1 0
orbyte/internal/platform/templateoutput/service.go:1063.4,1063.26 1 0
orbyte/internal/platform/templateoutput/service.go:1063.26,1065.5 1 0
orbyte/internal/platform/templateoutput/service.go:1066.4,1066.10 1 0
orbyte/internal/platform/templateoutput/service.go:1068.3,1068.76 1 0
orbyte/internal/platform/templateoutput/service.go:1068.76,1070.4 1 0
orbyte/internal/platform/templateoutput/service.go:1072.2,1073.13 2 0
orbyte/internal/platform/templateoutput/service.go:1076.89,1078.72 2 0
orbyte/internal/platform/templateoutput/service.go:1078.72,1079.78 1 0
orbyte/internal/platform/templateoutput/service.go:1079.78,1080.12 1 0
orbyte/internal/platform/templateoutput/service.go:1082.3,1084.14 3 0
orbyte/internal/platform/templateoutput/service.go:1084.14,1086.4 1 0
orbyte/internal/platform/templateoutput/service.go:1087.3,1087.76 1 0
orbyte/internal/platform/templateoutput/service.go:1091.69,1092.55 1 1
orbyte/internal/platform/templateoutput/service.go:1092.55,1094.59 2 1
orbyte/internal/platform/templateoutput/service.go:1094.59,1096.75 2 1
orbyte/internal/platform/templateoutput/service.go:1097.36,1098.55 1 1
orbyte/internal/platform/templateoutput/service.go:1099.36,1100.55 1 0
orbyte/internal/platform/templateoutput/service.go:1101.14,1102.87 1 0
orbyte/internal/platform/templateoutput/service.go:1102.87,1104.6 1 0
orbyte/internal/platform/templateoutput/service.go:1105.5,1105.56 1 0
orbyte/internal/platform/templateoutput/service.go:1109.2,1109.53 1 0
orbyte/internal/platform/templateoutput/service.go:1117.55,1119.44 2 1
orbyte/internal/platform/templateoutput/service.go:1119.44,1121.3 1 0
orbyte/internal/platform/templateoutput/service.go:1122.2,1122.45 1 1
orbyte/internal/platform/templateoutput/service.go:1122.45,1124.3 1 1
orbyte/internal/platform/templateoutput/service.go:1125.2,1125.49 1 1
orbyte/internal/platform/templateoutput/service.go:1125.49,1127.3 1 1
orbyte/internal/platform/templateoutput/service.go:1128.2,1131.30 4 1
orbyte/internal/platform/templateoutput/service.go:1131.30,1133.16 2 1
orbyte/internal/platform/templateoutput/service.go:1133.16,1134.12 1 0
orbyte/internal/platform/templateoutput/service.go:1136.3,1137.26 2 1
orbyte/internal/platform/templateoutput/service.go:1139.2,1139.12 1 1
orbyte/internal/platform/templateoutput/service.go:1142.86,1143.55 1 1
orbyte/internal/platform/templateoutput/service.go:1143.55,1145.3 1 1
orbyte/internal/platform/templateoutput/service.go:1146.2,1146.39 1 0
orbyte/internal/platform/templateoutput/service.go:1149.75,1151.70 2 1
orbyte/internal/platform/templateoutput/service.go:1151.70,1153.3 1 0
orbyte/internal/platform/templateoutput/service.go:1154.2,1162.98 5 1
orbyte/internal/platform/templateoutput/service.go:1162.98,1164.3 1 1
orbyte/internal/platform/templateoutput/service.go:1165.2,1169.41 5 1
orbyte/internal/platform/templateoutput/service.go:1169.41,1171.3 1 0
orbyte/internal/platform/templateoutput/service.go:1172.2,1174.43 3 1
orbyte/internal/platform/templateoutput/service.go:1174.43,1179.3 4 1
orbyte/internal/platform/templateoutput/service.go:1180.2,1180.42 1 1
orbyte/internal/platform/templateoutput/service.go:1180.42,1181.32 1 1
orbyte/internal/platform/templateoutput/service.go:1181.32,1184.4 2 0
orbyte/internal/platform/templateoutput/service.go:1185.3,1185.45 1 1
orbyte/internal/platform/templateoutput/service.go:1185.45,1190.4 4 1
orbyte/internal/platform/templateoutput/service.go:1191.3,1191.36 1 1
orbyte/internal/platform/templateoutput/service.go:1191.36,1194.37 3 1
orbyte/internal/platform/templateoutput/service.go:1194.37,1197.5 2 1
orbyte/internal/platform/templateoutput/service.go:1198.4,1198.37 1 1
orbyte/internal/platform/templateoutput/service.go:1198.37,1202.5 3 1
orbyte/internal/platform/templateoutput/service.go:1203.4,1203.22 1 1
orbyte/internal/platform/templateoutput/service.go:1205.3,1205.9 1 1
orbyte/internal/platform/templateoutput/service.go:1207.2,1208.41 2 1
orbyte/internal/platform/templateoutput/service.go:1208.41,1210.3 1 0
orbyte/internal/platform/templateoutput/service.go:1211.2,1211.25 1 1
orbyte/internal/platform/templateoutput/service.go:1214.95,1216.36 2 1
orbyte/internal/platform/templateoutput/service.go:1216.36,1217.43 1 1
orbyte/internal/platform/templateoutput/service.go:1217.43,1218.12 1 0
orbyte/internal/platform/templateoutput/service.go:1220.3,1220.21 1 1
orbyte/internal/platform/templateoutput/service.go:1221.16,1223.49 2 0
orbyte/internal/platform/templateoutput/service.go:1224.20,1225.16 1 0
orbyte/internal/platform/templateoutput/service.go:1226.18,1227.15 1 0
orbyte/internal/platform/templateoutput/service.go:1228.11,1229.15 1 1
orbyte/internal/platform/templateoutput/service.go:1232.2,1232.29 1 1
orbyte/internal/platform/templateoutput/service.go:1235.110,1238.36 3 1
orbyte/internal/platform/templateoutput/service.go:1238.36,1239.43 1 1
orbyte/internal/platform/templateoutput/service.go:1239.43,1240.12 1 0
orbyte/internal/platform/templateoutput/service.go:1242.3,1242.75 1 1
orbyte/internal/platform/templateoutput/service.go:1246.113,1248.57 2 1
orbyte/internal/platform/templateoutput/service.go:1249.16,1250.14 1 0
orbyte/internal/platform/templateoutput/service.go:1251.22,1252.14 1 0
orbyte/internal/platform/templateoutput/service.go:1254.2,1255.60 2 1
orbyte/internal/platform/templateoutput/service.go:1256.24,1257.14 1 0
orbyte/internal/platform/templateoutput/service.go:1259.2,1260.60 2 1
orbyte/internal/platform/templateoutput/service.go:1261.12,1262.15 1 0
orbyte/internal/platform/templateoutput/service.go:1263.12,1264.16 1 0
orbyte/internal/platform/templateoutput/service.go:1265.12,1266.16 1 1
orbyte/internal/platform/templateoutput/service.go:1268.2,1269.20 2 1
orbyte/internal/platform/templateoutput/service.go:1270.14,1273.24 3 1
orbyte/internal/platform/templateoutput/service.go:1274.15,1277.43 3 1
orbyte/internal/platform/templateoutput/service.go:1277.43,1279.4 1 1
orbyte/internal/platform/templateoutput/service.go:1280.3,1282.24 3 1
orbyte/internal/platform/templateoutput/service.go:1283.17,1285.15 2 0
orbyte/internal/platform/templateoutput/service.go:1286.23,1288.18 2 0
orbyte/internal/platform/templateoutput/service.go:1288.18,1290.4 1 0
orbyte/internal/platform/templateoutput/service.go:1291.3,1293.24 3 0
orbyte/internal/platform/templateoutput/service.go:1294.15,1296.37 2 0
orbyte/internal/platform/templateoutput/service.go:1296.37,1298.4 1 0
orbyte/internal/platform/templateoutput/service.go:1299.3,1301.24 3 0
orbyte/internal/platform/templateoutput/service.go:1302.19,1305.37 3 0
orbyte/internal/platform/templateoutput/service.go:1305.37,1307.4 1 0
orbyte/internal/platform/templateoutput/service.go:1308.3,1311.24 4 0
orbyte/internal/platform/templateoutput/service.go:1312.16,1315.28 3 0
orbyte/internal/platform/templateoutput/service.go:1315.28,1316.51 1 0
orbyte/internal/platform/templateoutput/service.go:1317.17,1318.15 1 0
orbyte/internal/platform/templateoutput/service.go:1319.17,1320.24 1 0
orbyte/internal/platform/templateoutput/service.go:1321.13,1322.24 1 0
orbyte/internal/platform/templateoutput/service.go:1323.15,1324.24 1 0
orbyte/internal/platform/templateoutput/service.go:1327.3,1328.37 2 0
orbyte/internal/platform/templateoutput/service.go:1328.37,1330.4 1 0
orbyte/internal/platform/templateoutput/service.go:1331.3,1333.24 3 0
orbyte/internal/platform/templateoutput/service.go:1334.15,1340.37 6 0
orbyte/internal/platform/templateoutput/service.go:1340.37,1342.4 1 0
orbyte/internal/platform/templateoutput/service.go:1343.3,1345.21 3 0
orbyte/internal/platform/templateoutput/service.go:1345.21,1350.4 4 0
orbyte/internal/platform/templateoutput/service.go:1351.3,1351.28 1 0
orbyte/internal/platform/templateoutput/service.go:1351.28,1353.38 2 0
orbyte/internal/platform/templateoutput/service.go:1353.38,1356.5 2 0
orbyte/internal/platform/templateoutput/service.go:1357.4,1357.14 1 0
orbyte/internal/platform/templateoutput/service.go:1359.3,1359.24 1 0
orbyte/internal/platform/templateoutput/service.go:1360.10,1363.24 3 0
orbyte/internal/platform/templateoutput/service.go:1367.37,1368.11 1 1
orbyte/internal/platform/templateoutput/service.go:1368.11,1370.3 1 1
orbyte/internal/platform/templateoutput/service.go:1371.2,1371.10 1 1
orbyte/internal/platform/templateoutput/service.go:1374.44,1388.32 14 0
orbyte/internal/platform/templateoutput/service.go:1388.32,1390.17 2 0
orbyte/internal/platform/templateoutput/service.go:1390.17,1391.12 1 0
orbyte/internal/platform/templateoutput/service.go:1393.3,1393.30 1 0
orbyte/internal/platform/templateoutput/service.go:1395.2,1395.21 1 0
orbyte/internal/platform/templateoutput/service.go:1395.21,1397.3 1 0
orbyte/internal/platform/templateoutput/service.go:1398.2,1398.14 1 0
orbyte/internal/platform/templateoutput/service.go:1401.45,1402.51 1 1
orbyte/internal/platform/templateoutput/service.go:1403.14,1404.16 1 1
orbyte/internal/platform/templateoutput/service.go:1405.16,1406.18 1 1
orbyte/internal/platform/templateoutput/service.go:1407.10,1408.12 1 1
orbyte/internal/platform/templateoutput/service.go:1412.66,1414.18 2 1
orbyte/internal/platform/templateoutput/service.go:1414.18,1416.3 1 1
orbyte/internal/platform/templateoutput/service.go:1417.2,1418.52 2 1
orbyte/internal/platform/templateoutput/service.go:1419.13,1420.14 1 1
orbyte/internal/platform/templateoutput/service.go:1421.18,1422.15 1 1
orbyte/internal/platform/templateoutput/service.go:1424.2,1424.73 1 1
orbyte/internal/platform/httpx/admin.go:39.297,40.76 1 1
orbyte/internal/platform/httpx/admin.go:40.76,41.38 1 1
orbyte/internal/platform/httpx/admin.go:41.38,44.4 2 0
orbyte/internal/platform/httpx/admin.go:45.3,46.37 2 1
orbyte/internal/platform/httpx/admin.go:46.37,49.4 2 1
orbyte/internal/platform/httpx/admin.go:50.3,50.61 1 1
orbyte/internal/platform/httpx/admin.go:50.61,53.4 2 0
orbyte/internal/platform/httpx/admin.go:54.3,55.43 2 1
orbyte/internal/platform/httpx/admin.go:58.2,58.96 1 1
orbyte/internal/platform/httpx/admin.go:58.96,59.88 1 0
orbyte/internal/platform/httpx/admin.go:59.88,61.4 1 0
orbyte/internal/platform/httpx/admin.go:62.3,64.30 3 0
orbyte/internal/platform/httpx/admin.go:67.2,67.90 1 1
orbyte/internal/platform/httpx/admin.go:67.90,69.10 2 1
orbyte/internal/platform/httpx/admin.go:69.10,71.4 1 0
orbyte/internal/platform/httpx/admin.go:72.3,76.23 5 1
orbyte/internal/platform/httpx/admin.go:76.23,77.37 1 1
orbyte/internal/platform/httpx/admin.go:77.37,78.43 1 1
orbyte/internal/platform/httpx/admin.go:78.43,80.11 2 1
orbyte/internal/platform/httpx/admin.go:84.3,99.5 1 1
orbyte/internal/platform/httpx/admin.go:102.2,102.96 1 1
orbyte/internal/platform/httpx/admin.go:102.96,103.102 1 1
orbyte/internal/platform/httpx/admin.go:103.102,105.4 1 0
orbyte/internal/platform/httpx/admin.go:106.3,107.40 2 1
orbyte/internal/platform/httpx/admin.go:110.2,110.88 1 1
orbyte/internal/platform/httpx/admin.go:110.88,111.88 1 1
orbyte/internal/platform/httpx/admin.go:111.88,113.4 1 0
orbyte/internal/platform/httpx/admin.go:114.3,114.73 1 1
orbyte/internal/platform/httpx/admin.go:117.2,117.102 1 1
orbyte/internal/platform/httpx/admin.go:117.102,118.88 1 0
orbyte/internal/platform/httpx/admin.go:118.88,120.4 1 0
orbyte/internal/platform/httpx/admin.go:121.3,121.88 1 0
orbyte/internal/platform/httpx/admin.go:124.2,124.104 1 1
orbyte/internal/platform/httpx/admin.go:124.104,125.88 1 1
orbyte/internal/platform/httpx/admin.go:125.88,127.4 1 0
orbyte/internal/platform/httpx/admin.go:128.3,128.82 1 1
orbyte/internal/platform/httpx/admin.go:131.2,131.102 1 1
orbyte/internal/platform/httpx/admin.go:131.102,132.88 1 1
orbyte/internal/platform/httpx/admin.go:132.88,134.4 1 0
orbyte/internal/platform/httpx/admin.go:135.3,137.5 1 1
orbyte/internal/platform/httpx/admin.go:140.2,140.104 1 1
orbyte/internal/platform/httpx/admin.go:140.104,141.88 1 1
orbyte/internal/platform/httpx/admin.go:141.88,143.4 1 0
orbyte/internal/platform/httpx/admin.go:144.3,149.5 1 1
orbyte/internal/platform/httpx/admin.go:152.2,152.101 1 1
orbyte/internal/platform/httpx/admin.go:152.101,153.88 1 0
orbyte/internal/platform/httpx/admin.go:153.88,155.4 1 0
orbyte/internal/platform/httpx/admin.go:156.3,156.87 1 0
orbyte/internal/platform/httpx/admin.go:159.2,159.105 1 1
orbyte/internal/platform/httpx/admin.go:159.105,160.88 1 0
orbyte/internal/platform/httpx/admin.go:160.88,162.4 1 0
orbyte/internal/platform/httpx/admin.go:163.3,163.91 1 0
orbyte/internal/platform/httpx/admin.go:166.2,166.97 1 1
orbyte/internal/platform/httpx/admin.go:166.97,167.102 1 0
orbyte/internal/platform/httpx/admin.go:167.102,169.4 1 0
orbyte/internal/platform/httpx/admin.go:170.3,170.79 1 0
orbyte/internal/platform/httpx/admin.go:173.2,173.98 1 1
orbyte/internal/platform/httpx/admin.go:173.98,174.102 1 0
orbyte/internal/platform/httpx/admin.go:174.102,176.4 1 0
orbyte/internal/platform/httpx/admin.go:177.3,178.20 2 0
orbyte/internal/platform/httpx/admin.go:178.20,181.4 2 0
orbyte/internal/platform/httpx/admin.go:182.3,182.88 1 0
orbyte/internal/platform/httpx/admin.go:185.2,185.99 1 1
orbyte/internal/platform/httpx/admin.go:185.99,186.102 1 0
orbyte/internal/platform/httpx/admin.go:186.102,188.4 1 0
orbyte/internal/platform/httpx/admin.go:189.3,190.20 2 0
orbyte/internal/platform/httpx/admin.go:190.20,193.4 2 0
orbyte/internal/platform/httpx/admin.go:194.3,195.17 2 0
orbyte/internal/platform/httpx/admin.go:195.17,198.4 2 0
orbyte/internal/platform/httpx/admin.go:199.3,199.40 1 0
orbyte/internal/platform/httpx/admin.go:202.2,202.89 1 1
orbyte/internal/platform/httpx/admin.go:202.89,204.10 2 1
orbyte/internal/platform/httpx/admin.go:204.10,207.4 2 0
orbyte/internal/platform/httpx/admin.go:208.3,208.88 1 1
orbyte/internal/platform/httpx/admin.go:208.88,210.4 1 0
orbyte/internal/platform/httpx/admin.go:211.3,212.13 2 1
orbyte/internal/platform/httpx/admin.go:212.13,215.4 2 1
orbyte/internal/platform/httpx/admin.go:216.3,216.38 1 0
orbyte/internal/platform/httpx/admin.go:219.2,219.103 1 1
orbyte/internal/platform/httpx/admin.go:219.103,221.10 2 1
orbyte/internal/platform/httpx/admin.go:221.10,224.4 2 0
orbyte/internal/platform/httpx/admin.go:225.3,225.88 1 1
orbyte/internal/platform/httpx/admin.go:225.88,227.4 1 0
orbyte/internal/platform/httpx/admin.go:228.3,229.13 2 1
orbyte/internal/platform/httpx/admin.go:229.13,232.4 2 1
orbyte/internal/platform/httpx/admin.go:233.3,233.41 1 0
orbyte/internal/platform/httpx/admin.go:236.2,236.103 1 1
orbyte/internal/platform/httpx/admin.go:236.103,237.61 1 1
orbyte/internal/platform/httpx/admin.go:237.61,239.11 2 1
orbyte/internal/platform/httpx/admin.go:239.11,241.5 1 0
orbyte/internal/platform/httpx/admin.go:242.4,243.63 2 1
orbyte/internal/platform/httpx/admin.go:243.63,246.5 2 1
orbyte/internal/platform/httpx/admin.go:247.4,247.115 1 1
orbyte/internal/platform/httpx/admin.go:247.115,250.5 2 1
orbyte/internal/platform/httpx/admin.go:251.4,253.10 3 0
orbyte/internal/platform/httpx/admin.go:255.3,256.10 2 1
orbyte/internal/platform/httpx/admin.go:256.10,259.4 2 0
orbyte/internal/platform/httpx/admin.go:260.3,261.10 2 1
orbyte/internal/platform/httpx/admin.go:261.10,263.4 1 0
orbyte/internal/platform/httpx/admin.go:264.3,265.62 2 1
orbyte/internal/platform/httpx/admin.go:265.62,268.4 2 1
orbyte/internal/platform/httpx/admin.go:269.3,269.111 1 0
orbyte/internal/platform/httpx/admin.go:269.111,272.4 2 0
orbyte/internal/platform/httpx/admin.go:273.3,274.41 2 0
orbyte/internal/platform/httpx/admin.go:277.2,277.90 1 1
orbyte/internal/platform/httpx/admin.go:277.90,279.10 2 1
orbyte/internal/platform/httpx/admin.go:279.10,282.4 2 0
orbyte/internal/platform/httpx/admin.go:283.3,284.10 2 1
orbyte/internal/platform/httpx/admin.go:284.10,286.4 1 0
orbyte/internal/platform/httpx/admin.go:287.3,291.17 2 1
orbyte/internal/platform/httpx/admin.go:292.17,293.62 1 0
orbyte/internal/platform/httpx/admin.go:294.18,295.63 1 1
orbyte/internal/platform/httpx/admin.go:296.11,298.10 2 1
orbyte/internal/platform/httpx/admin.go:300.3,300.17 1 1
orbyte/internal/platform/httpx/admin.go:300.17,303.4 2 1
orbyte/internal/platform/httpx/admin.go:304.3,313.38 2 1
orbyte/internal/platform/httpx/admin.go:316.2,316.106 1 1
orbyte/internal/platform/httpx/admin.go:316.106,318.10 2 0
orbyte/internal/platform/httpx/admin.go:318.10,321.4 2 0
orbyte/internal/platform/httpx/admin.go:322.3,323.10 2 0
orbyte/internal/platform/httpx/admin.go:323.10,325.4 1 0
orbyte/internal/platform/httpx/admin.go:326.3,327.13 2 0
orbyte/internal/platform/httpx/admin.go:327.13,330.4 2 0
orbyte/internal/platform/httpx/admin.go:331.3,333.68 3 0
orbyte/internal/platform/httpx/admin.go:333.68,334.32 1 0
orbyte/internal/platform/httpx/admin.go:334.32,337.10 3 0
orbyte/internal/platform/httpx/admin.go:340.3,340.15 1 0
orbyte/internal/platform/httpx/admin.go:340.15,343.4 2 0
orbyte/internal/platform/httpx/admin.go:344.3,345.164 2 0
orbyte/internal/platform/httpx/admin.go:345.164,348.4 2 0
orbyte/internal/platform/httpx/admin.go:349.3,349.57 1 0
orbyte/internal/platform/httpx/admin.go:349.57,350.123 1 0
orbyte/internal/platform/httpx/admin.go:350.123,353.5 2 0
orbyte/internal/platform/httpx/admin.go:355.3,364.154 2 0
orbyte/internal/platform/httpx/admin.go:367.2,367.106 1 1
orbyte/internal/platform/httpx/admin.go:367.106,369.10 2 1
orbyte/internal/platform/httpx/admin.go:369.10,371.4 1 0
orbyte/internal/platform/httpx/admin.go:372.3,380.62 2 1
orbyte/internal/platform/httpx/admin.go:380.62,383.4 2 1
orbyte/internal/platform/httpx/admin.go:384.3,385.17 2 1
orbyte/internal/platform/httpx/admin.go:385.17,388.4 2 1
orbyte/internal/platform/httpx/admin.go:389.3,391.21 3 1
orbyte/internal/platform/httpx/admin.go:391.21,392.92 1 0
orbyte/internal/platform/httpx/admin.go:392.92,395.5 2 0
orbyte/internal/platform/httpx/admin.go:395.10,397.19 2 0
orbyte/internal/platform/httpx/admin.go:397.19,400.6 2 0
orbyte/internal/platform/httpx/admin.go:401.5,401.32 1 0
orbyte/internal/platform/httpx/admin.go:404.3,413.35 2 1
orbyte/internal/platform/httpx/admin.go:416.2,416.107 1 1
orbyte/internal/platform/httpx/admin.go:416.107,418.10 2 1
orbyte/internal/platform/httpx/admin.go:418.10,421.4 2 0
orbyte/internal/platform/httpx/admin.go:422.3,423.10 2 1
orbyte/internal/platform/httpx/admin.go:423.10,425.4 1 0
orbyte/internal/platform/httpx/admin.go:426.3,430.17 2 1
orbyte/internal/platform/httpx/admin.go:431.18,432.95 1 1
orbyte/internal/platform/httpx/admin.go:432.95,445.5 4 1
orbyte/internal/platform/httpx/admin.go:446.4,446.64 1 0
orbyte/internal/platform/httpx/admin.go:447.16,448.93 1 1
orbyte/internal/platform/httpx/admin.go:448.93,461.5 4 1
orbyte/internal/platform/httpx/admin.go:462.4,462.62 1 0
orbyte/internal/platform/httpx/admin.go:463.11,465.10 2 1
orbyte/internal/platform/httpx/admin.go:467.3,467.17 1 0
orbyte/internal/platform/httpx/admin.go:467.17,470.4 2 0
orbyte/internal/platform/httpx/admin.go:471.3,480.40 2 0
orbyte/internal/platform/httpx/admin.go:483.2,483.99 1 1
orbyte/internal/platform/httpx/admin.go:483.99,484.102 1 1
orbyte/internal/platform/httpx/admin.go:484.102,486.4 1 0
orbyte/internal/platform/httpx/admin.go:487.3,487.76 1 1
orbyte/internal/platform/httpx/admin.go:490.2,490.95 1 1
orbyte/internal/platform/httpx/admin.go:490.95,491.102 1 0
orbyte/internal/platform/httpx/admin.go:491.102,493.4 1 0
orbyte/internal/platform/httpx/admin.go:494.3,496.33 3 0
orbyte/internal/platform/httpx/admin.go:496.33,497.48 1 0
orbyte/internal/platform/httpx/admin.go:497.48,499.5 1 0
orbyte/internal/platform/httpx/admin.go:500.4,500.32 1 0
orbyte/internal/platform/httpx/admin.go:502.3,502.64 1 0
orbyte/internal/platform/httpx/admin.go:505.2,505.97 1 1
orbyte/internal/platform/httpx/admin.go:505.97,506.102 1 1
orbyte/internal/platform/httpx/admin.go:506.102,508.4 1 0
orbyte/internal/platform/httpx/admin.go:509.3,512.24 4 1
orbyte/internal/platform/httpx/admin.go:512.24,513.51 1 1
orbyte/internal/platform/httpx/admin.go:513.51,515.5 1 1
orbyte/internal/platform/httpx/admin.go:517.3,517.64 1 1
orbyte/internal/platform/httpx/admin.go:520.2,520.94 1 1
orbyte/internal/platform/httpx/admin.go:520.94,521.102 1 1
orbyte/internal/platform/httpx/admin.go:521.102,523.4 1 0
orbyte/internal/platform/httpx/admin.go:524.3,525.10 2 1
orbyte/internal/platform/httpx/admin.go:525.10,528.4 2 0
orbyte/internal/platform/httpx/admin.go:529.3,532.10 4 1
orbyte/internal/platform/httpx/admin.go:532.10,535.4 2 0
orbyte/internal/platform/httpx/admin.go:536.3,537.85 2 1
orbyte/internal/platform/httpx/admin.go:540.2,540.94 1 1
orbyte/internal/platform/httpx/admin.go:540.94,542.10 2 1
orbyte/internal/platform/httpx/admin.go:542.10,544.4 1 0
orbyte/internal/platform/httpx/admin.go:545.3,546.10 2 1
orbyte/internal/platform/httpx/admin.go:546.10,549.4 2 0
orbyte/internal/platform/httpx/admin.go:550.3,551.62 2 1
orbyte/internal/platform/httpx/admin.go:551.62,554.4 2 1
orbyte/internal/platform/httpx/admin.go:555.3,556.17 2 1
orbyte/internal/platform/httpx/admin.go:556.17,559.4 2 1
orbyte/internal/platform/httpx/admin.go:560.3,560.85 1 1
orbyte/internal/platform/httpx/admin.go:563.2,563.96 1 1
orbyte/internal/platform/httpx/admin.go:563.96,565.10 2 1
orbyte/internal/platform/httpx/admin.go:565.10,568.4 2 0
orbyte/internal/platform/httpx/admin.go:569.3,570.10 2 1
orbyte/internal/platform/httpx/admin.go:570.10,572.4 1 0
orbyte/internal/platform/httpx/admin.go:573.3,574.10 2 1
orbyte/internal/platform/httpx/admin.go:574.10,577.4 2 0
orbyte/internal/platform/httpx/admin.go:578.3,578.80 1 1
orbyte/internal/platform/httpx/admin.go:578.80,581.4 2 0
orbyte/internal/platform/httpx/admin.go:582.3,583.62 2 1
orbyte/internal/platform/httpx/admin.go:583.62,586.4 2 0
orbyte/internal/platform/httpx/admin.go:587.3,588.17 2 1
orbyte/internal/platform/httpx/admin.go:588.17,591.4 2 0
orbyte/internal/platform/httpx/admin.go:592.3,592.39 1 1
orbyte/internal/platform/httpx/admin.go:596.50,598.90 2 1
orbyte/internal/platform/httpx/admin.go:598.90,600.3 1 0
orbyte/internal/platform/httpx/admin.go:601.2,601.52 1 1
orbyte/internal/platform/httpx/admin.go:604.64,606.115 2 1
orbyte/internal/platform/httpx/admin.go:606.115,608.3 1 0
orbyte/internal/platform/httpx/admin.go:609.2,609.99 1 1
orbyte/internal/platform/httpx/admin.go:612.53,614.137 2 1
orbyte/internal/platform/httpx/admin.go:614.137,616.3 1 0
orbyte/internal/platform/httpx/admin.go:617.2,617.52 1 1
orbyte/internal/platform/httpx/admin.go:620.54,622.121 2 1
orbyte/internal/platform/httpx/admin.go:622.121,624.3 1 0
orbyte/internal/platform/httpx/admin.go:625.2,625.52 1 1
orbyte/internal/platform/httpx/admin.go:628.58,630.143 2 1
orbyte/internal/platform/httpx/admin.go:630.143,632.3 1 1
orbyte/internal/platform/httpx/admin.go:633.2,633.52 1 1
orbyte/internal/platform/httpx/admin.go:636.70,638.171 2 0
orbyte/internal/platform/httpx/admin.go:638.171,640.3 1 0
orbyte/internal/platform/httpx/admin.go:641.2,641.99 1 0
orbyte/internal/platform/httpx/admin.go:644.79,646.149 2 1
orbyte/internal/platform/httpx/admin.go:646.149,648.3 1 0
orbyte/internal/platform/httpx/admin.go:649.2,649.99 1 1
orbyte/internal/platform/httpx/admin.go:652.49,653.22 1 0
orbyte/internal/platform/httpx/admin.go:653.22,655.3 1 0
orbyte/internal/platform/httpx/admin.go:656.2,656.18 1 0
orbyte/internal/platform/httpx/admin.go:659.78,661.34 2 1
orbyte/internal/platform/httpx/admin.go:661.34,663.3 1 1
orbyte/internal/platform/httpx/admin.go:664.2,664.35 1 1
orbyte/internal/platform/httpx/admin.go:664.35,665.22 1 1
orbyte/internal/platform/httpx/admin.go:665.22,666.40 1 1
orbyte/internal/platform/httpx/admin.go:666.40,668.5 1 1
orbyte/internal/platform/httpx/admin.go:671.2,671.17 1 1
orbyte/internal/platform/httpx/admin.go:674.103,676.35 2 1
orbyte/internal/platform/httpx/admin.go:676.35,678.3 1 1
orbyte/internal/platform/httpx/admin.go:679.2,679.35 1 1
orbyte/internal/platform/httpx/admin.go:679.35,680.23 1 1
orbyte/internal/platform/httpx/admin.go:680.23,681.12 1 1
orbyte/internal/platform/httpx/admin.go:683.3,684.10 2 1
orbyte/internal/platform/httpx/admin.go:684.10,685.12 1 1
orbyte/internal/platform/httpx/admin.go:687.3,688.34 2 1
orbyte/internal/platform/httpx/admin.go:688.34,689.12 1 1
orbyte/internal/platform/httpx/admin.go:691.3,691.51 1 1
orbyte/internal/platform/httpx/admin.go:691.51,693.4 1 1
orbyte/internal/platform/httpx/admin.go:693.9,695.4 1 0
orbyte/internal/platform/httpx/admin.go:697.2,697.18 1 1
orbyte/internal/platform/httpx/admin.go:700.188,703.17 3 1
orbyte/internal/platform/httpx/admin.go:703.17,705.3 1 0
orbyte/internal/platform/httpx/admin.go:706.2,706.79 1 1
orbyte/internal/platform/httpx/admin.go:706.79,708.3 1 0
orbyte/internal/platform/httpx/admin.go:709.2,710.119 2 1
orbyte/internal/platform/httpx/admin.go:710.119,712.3 1 1
orbyte/internal/platform/httpx/admin.go:713.2,724.40 2 1
orbyte/internal/platform/httpx/admin.go:724.40,735.3 2 1
orbyte/internal/platform/httpx/admin.go:736.2,751.29 4 1
orbyte/internal/platform/httpx/admin.go:751.29,753.3 1 0
orbyte/internal/platform/httpx/admin.go:754.2,754.25 1 1
orbyte/internal/platform/httpx/admin.go:754.25,756.3 1 1
orbyte/internal/platform/httpx/admin.go:757.2,758.9 2 1
orbyte/internal/platform/httpx/admin.go:758.9,760.3 1 0
orbyte/internal/platform/httpx/admin.go:761.2,762.23 2 1
orbyte/internal/platform/httpx/admin.go:765.58,766.29 1 1
orbyte/internal/platform/httpx/admin.go:766.29,768.3 1 0
orbyte/internal/platform/httpx/admin.go:769.2,769.11 1 1
orbyte/internal/platform/httpx/admin.go:772.54,773.25 1 1
orbyte/internal/platform/httpx/admin.go:773.25,775.3 1 1
orbyte/internal/platform/httpx/admin.go:776.2,776.11 1 1
orbyte/internal/platform/httpx/auth.go:42.82,45.71 3 1
orbyte/internal/platform/httpx/auth.go:45.71,48.15 3 1
orbyte/internal/platform/httpx/auth.go:48.15,49.52 1 1
orbyte/internal/platform/httpx/auth.go:49.52,50.80 1 1
orbyte/internal/platform/httpx/auth.go:50.80,53.6 2 0
orbyte/internal/platform/httpx/auth.go:56.3,56.15 1 1
orbyte/internal/platform/httpx/auth.go:56.15,58.4 1 1
orbyte/internal/platform/httpx/auth.go:59.3,59.21 1 1
orbyte/internal/platform/httpx/auth.go:59.21,61.4 1 1
orbyte/internal/platform/httpx/auth.go:62.3,62.40 1 1
orbyte/internal/platform/httpx/auth.go:66.141,67.15 1 1
orbyte/internal/platform/httpx/auth.go:67.15,68.79 1 0
orbyte/internal/platform/httpx/auth.go:68.79,69.45 1 0
orbyte/internal/platform/httpx/auth.go:69.45,70.63 1 0
orbyte/internal/platform/httpx/auth.go:70.63,79.6 1 0
orbyte/internal/platform/httpx/auth.go:81.4,81.77 1 0
orbyte/internal/platform/httpx/auth.go:85.2,85.82 1 1
orbyte/internal/platform/httpx/auth.go:85.82,87.22 2 1
orbyte/internal/platform/httpx/auth.go:87.22,89.4 1 0
orbyte/internal/platform/httpx/auth.go:90.3,90.57 1 1
orbyte/internal/platform/httpx/auth.go:90.57,92.4 1 0
orbyte/internal/platform/httpx/auth.go:93.3,94.46 2 1
orbyte/internal/platform/httpx/auth.go:94.46,96.4 1 0
orbyte/internal/platform/httpx/auth.go:97.3,97.63 1 1
orbyte/internal/platform/httpx/auth.go:97.63,99.4 1 1
orbyte/internal/platform/httpx/auth.go:100.3,107.9 1 1
orbyte/internal/platform/httpx/auth.go:110.2,111.41 2 1
orbyte/internal/platform/httpx/auth.go:111.41,114.22 3 0
orbyte/internal/platform/httpx/auth.go:114.22,116.4 1 0
orbyte/internal/platform/httpx/auth.go:117.3,117.22 1 0
orbyte/internal/platform/httpx/auth.go:118.18,119.30 1 0
orbyte/internal/platform/httpx/auth.go:119.30,121.5 1 0
orbyte/internal/platform/httpx/auth.go:122.4,123.47 2 0
orbyte/internal/platform/httpx/auth.go:123.47,125.5 1 0
orbyte/internal/platform/httpx/auth.go:126.4,126.64 1 0
orbyte/internal/platform/httpx/auth.go:126.64,128.5 1 0
orbyte/internal/platform/httpx/auth.go:129.4,136.10 1 0
orbyte/internal/platform/httpx/auth.go:137.18,138.37 1 0
orbyte/internal/platform/httpx/auth.go:138.37,140.5 1 0
orbyte/internal/platform/httpx/auth.go:141.4,142.11 2 0
orbyte/internal/platform/httpx/auth.go:142.11,144.5 1 0
orbyte/internal/platform/httpx/auth.go:145.4,145.41 1 0
orbyte/internal/platform/httpx/auth.go:145.41,147.5 1 0
orbyte/internal/platform/httpx/auth.go:148.4,152.10 1 0
orbyte/internal/platform/httpx/auth.go:153.11,154.57 1 0
orbyte/internal/platform/httpx/auth.go:157.2,157.17 1 1
orbyte/internal/platform/httpx/auth.go:160.67,161.32 1 1
orbyte/internal/platform/httpx/auth.go:161.32,163.3 1 1
orbyte/internal/platform/httpx/auth.go:164.2,164.33 1 1
orbyte/internal/platform/httpx/auth.go:164.33,166.3 1 0
orbyte/internal/platform/httpx/auth.go:167.2,167.79 1 1
orbyte/internal/platform/httpx/auth.go:167.79,169.3 1 0
orbyte/internal/platform/httpx/auth.go:170.2,170.12 1 1
orbyte/internal/platform/httpx/auth.go:173.58,175.18 2 1
orbyte/internal/platform/httpx/auth.go:175.18,177.3 1 1
orbyte/internal/platform/httpx/auth.go:178.2,179.14 2 1
orbyte/internal/platform/httpx/auth.go:182.39,184.18 2 1
orbyte/internal/platform/httpx/auth.go:184.18,186.3 1 1
orbyte/internal/platform/httpx/auth.go:187.2,188.12 2 1
orbyte/internal/platform/httpx/auth.go:191.163,197.2 1 1
orbyte/internal/platform/httpx/auth.go:206.148,207.37 1 1
orbyte/internal/platform/httpx/auth.go:207.37,210.3 2 1
orbyte/internal/platform/httpx/auth.go:211.2,212.9 2 1
orbyte/internal/platform/httpx/auth.go:212.9,215.3 2 1
orbyte/internal/platform/httpx/auth.go:216.2,221.16 2 1
orbyte/internal/platform/httpx/auth.go:222.21,225.34 3 1
orbyte/internal/platform/httpx/auth.go:226.24,228.34 2 0
orbyte/internal/platform/httpx/auth.go:229.10,231.28 2 0
orbyte/internal/platform/httpx/auth.go:233.2,240.23 2 1
orbyte/internal/platform/httpx/auth.go:240.23,241.29 1 0
orbyte/internal/platform/httpx/auth.go:241.29,244.4 2 0
orbyte/internal/platform/httpx/auth.go:245.3,246.28 2 0
orbyte/internal/platform/httpx/auth.go:248.2,248.16 1 1
orbyte/internal/platform/httpx/auth.go:251.43,253.2 1 1
orbyte/internal/platform/httpx/auth_routes.go:88.116,89.76 1 1
orbyte/internal/platform/httpx/auth_routes.go:89.76,90.108 1 1
orbyte/internal/platform/httpx/auth_routes.go:90.108,92.4 1 0
orbyte/internal/platform/httpx/auth_routes.go:93.3,93.72 1 1
orbyte/internal/platform/httpx/auth_routes.go:96.2,96.77 1 1
orbyte/internal/platform/httpx/auth_routes.go:96.77,97.47 1 1
orbyte/internal/platform/httpx/auth_routes.go:97.47,98.109 1 1
orbyte/internal/platform/httpx/auth_routes.go:98.109,100.5 1 1
orbyte/internal/platform/httpx/auth_routes.go:101.4,102.14 2 1
orbyte/internal/platform/httpx/auth_routes.go:102.14,105.5 2 0
orbyte/internal/platform/httpx/auth_routes.go:106.4,109.66 2 1
orbyte/internal/platform/httpx/auth_routes.go:109.66,116.5 1 1
orbyte/internal/platform/httpx/auth_routes.go:117.4,118.45 2 1
orbyte/internal/platform/httpx/auth_routes.go:118.45,119.33 1 1
orbyte/internal/platform/httpx/auth_routes.go:119.33,121.6 1 1
orbyte/internal/platform/httpx/auth_routes.go:123.4,125.10 3 1
orbyte/internal/platform/httpx/auth_routes.go:129.2,129.79 1 1
orbyte/internal/platform/httpx/auth_routes.go:129.79,130.114 1 1
orbyte/internal/platform/httpx/auth_routes.go:130.114,132.4 1 0
orbyte/internal/platform/httpx/auth_routes.go:133.3,139.33 4 1
orbyte/internal/platform/httpx/auth_routes.go:139.33,142.4 2 1
orbyte/internal/platform/httpx/auth_routes.go:143.3,143.78 1 1
orbyte/internal/platform/httpx/auth_routes.go:143.78,145.31 2 1
orbyte/internal/platform/httpx/auth_routes.go:145.31,146.38 1 1
orbyte/internal/platform/httpx/auth_routes.go:146.38,148.6 1 1
orbyte/internal/platform/httpx/auth_routes.go:150.4,150.20 1 1
orbyte/internal/platform/httpx/auth_routes.go:152.3,152.64 1 1
orbyte/internal/platform/httpx/auth_routes.go:155.2,155.76 1 1
orbyte/internal/platform/httpx/auth_routes.go:155.76,156.108 1 0
orbyte/internal/platform/httpx/auth_routes.go:156.108,158.4 1 0
orbyte/internal/platform/httpx/auth_routes.go:159.3,159.72 1 0
orbyte/internal/platform/httpx/auth_routes.go:162.2,162.84 1 1
orbyte/internal/platform/httpx/auth_routes.go:162.84,163.108 1 0
orbyte/internal/platform/httpx/auth_routes.go:163.108,165.4 1 0
orbyte/internal/platform/httpx/auth_routes.go:166.3,166.75 1 0
orbyte/internal/platform/httpx/auth_routes.go:169.2,169.83 1 1
orbyte/internal/platform/httpx/auth_routes.go:169.83,178.3 2 1
orbyte/internal/platform/httpx/auth_routes.go:180.2,180.82 1 1
orbyte/internal/platform/httpx/auth_routes.go:180.82,182.30 2 1
orbyte/internal/platform/httpx/auth_routes.go:182.30,185.4 2 1
orbyte/internal/platform/httpx/auth_routes.go:186.3,188.62 3 1
orbyte/internal/platform/httpx/auth_routes.go:188.62,191.4 2 0
orbyte/internal/platform/httpx/auth_routes.go:192.3,195.25 4 1
orbyte/internal/platform/httpx/auth_routes.go:195.25,198.4 2 0
orbyte/internal/platform/httpx/auth_routes.go:199.3,199.25 1 1
orbyte/internal/platform/httpx/auth_routes.go:199.25,202.4 2 0
orbyte/internal/platform/httpx/auth_routes.go:203.3,204.33 2 1
orbyte/internal/platform/httpx/auth_routes.go:204.33,207.4 2 1
orbyte/internal/platform/httpx/auth_routes.go:209.3,210.17 2 1
orbyte/internal/platform/httpx/auth_routes.go:210.17,224.4 4 1
orbyte/internal/platform/httpx/auth_routes.go:225.3,229.17 4 1
orbyte/internal/platform/httpx/auth_routes.go:229.17,233.4 3 0
orbyte/internal/platform/httpx/auth_routes.go:234.3,235.17 2 1
orbyte/internal/platform/httpx/auth_routes.go:235.17,239.4 3 0
orbyte/internal/platform/httpx/auth_routes.go:241.3,263.5 4 1
orbyte/internal/platform/httpx/auth_routes.go:266.2,266.83 1 1
orbyte/internal/platform/httpx/auth_routes.go:266.83,270.62 4 1
orbyte/internal/platform/httpx/auth_routes.go:270.62,273.4 2 0
orbyte/internal/platform/httpx/auth_routes.go:274.3,282.17 2 1
orbyte/internal/platform/httpx/auth_routes.go:282.17,294.4 3 0
orbyte/internal/platform/httpx/auth_routes.go:295.3,296.17 2 1
orbyte/internal/platform/httpx/auth_routes.go:296.17,308.4 3 0
orbyte/internal/platform/httpx/auth_routes.go:309.3,311.17 3 1
orbyte/internal/platform/httpx/auth_routes.go:311.17,315.4 3 0
orbyte/internal/platform/httpx/auth_routes.go:316.3,317.17 2 1
orbyte/internal/platform/httpx/auth_routes.go:317.17,321.4 3 0
orbyte/internal/platform/httpx/auth_routes.go:322.3,342.6 4 1
orbyte/internal/platform/httpx/auth_routes.go:345.2,345.88 1 1
orbyte/internal/platform/httpx/auth_routes.go:345.88,347.59 2 1
orbyte/internal/platform/httpx/auth_routes.go:347.59,350.4 2 0
orbyte/internal/platform/httpx/auth_routes.go:351.3,352.17 2 1
orbyte/internal/platform/httpx/auth_routes.go:352.17,355.4 2 0
orbyte/internal/platform/httpx/auth_routes.go:356.3,361.17 6 1
orbyte/internal/platform/httpx/auth_routes.go:361.17,364.4 2 0
orbyte/internal/platform/httpx/auth_routes.go:365.3,365.53 1 1
orbyte/internal/platform/httpx/auth_routes.go:368.2,368.91 1 1
orbyte/internal/platform/httpx/auth_routes.go:368.91,373.21 5 1
orbyte/internal/platform/httpx/auth_routes.go:373.21,375.4 1 0
orbyte/internal/platform/httpx/auth_routes.go:376.3,377.59 2 1
orbyte/internal/platform/httpx/auth_routes.go:377.59,380.4 2 0
orbyte/internal/platform/httpx/auth_routes.go:381.3,381.58 1 1
orbyte/internal/platform/httpx/auth_routes.go:381.58,384.4 2 0
orbyte/internal/platform/httpx/auth_routes.go:385.3,387.87 3 1
orbyte/internal/platform/httpx/auth_routes.go:387.87,390.4 2 1
orbyte/internal/platform/httpx/auth_routes.go:391.3,392.17 2 1
orbyte/internal/platform/httpx/auth_routes.go:392.17,403.4 3 1
orbyte/internal/platform/httpx/auth_routes.go:404.3,412.17 2 1
orbyte/internal/platform/httpx/auth_routes.go:412.17,424.4 3 0
orbyte/internal/platform/httpx/auth_routes.go:425.3,426.17 2 1
orbyte/internal/platform/httpx/auth_routes.go:426.17,438.4 3 0
orbyte/internal/platform/httpx/auth_routes.go:439.3,441.17 3 1
orbyte/internal/platform/httpx/auth_routes.go:441.17,445.4 3 0
orbyte/internal/platform/httpx/auth_routes.go:446.3,447.17 2 1
orbyte/internal/platform/httpx/auth_routes.go:447.17,451.4 3 0
orbyte/internal/platform/httpx/auth_routes.go:452.3,464.50 4 1
orbyte/internal/platform/httpx/auth_routes.go:467.2,467.92 1 1
orbyte/internal/platform/httpx/auth_routes.go:467.92,469.38 2 1
orbyte/internal/platform/httpx/auth_routes.go:469.38,472.4 2 0
orbyte/internal/platform/httpx/auth_routes.go:473.3,474.55 2 1
orbyte/internal/platform/httpx/auth_routes.go:474.55,477.4 2 0
orbyte/internal/platform/httpx/auth_routes.go:478.3,479.62 2 1
orbyte/internal/platform/httpx/auth_routes.go:479.62,482.4 2 0
orbyte/internal/platform/httpx/auth_routes.go:483.3,483.130 1 1
orbyte/internal/platform/httpx/auth_routes.go:483.130,486.4 2 0
orbyte/internal/platform/httpx/auth_routes.go:487.3,496.78 2 1
orbyte/internal/platform/httpx/auth_routes.go:499.2,499.84 1 1
orbyte/internal/platform/httpx/auth_routes.go:499.84,501.38 2 1
orbyte/internal/platform/httpx/auth_routes.go:501.38,504.4 2 1
orbyte/internal/platform/httpx/auth_routes.go:505.3,506.58 2 1
orbyte/internal/platform/httpx/auth_routes.go:506.58,509.4 2 0
orbyte/internal/platform/httpx/auth_routes.go:510.3,511.10 2 1
orbyte/internal/platform/httpx/auth_routes.go:511.10,514.4 2 0
orbyte/internal/platform/httpx/auth_routes.go:515.3,515.108 1 1
orbyte/internal/platform/httpx/auth_routes.go:515.108,518.4 2 1
orbyte/internal/platform/httpx/auth_routes.go:519.3,520.17 2 1
orbyte/internal/platform/httpx/auth_routes.go:520.17,523.4 2 0
orbyte/internal/platform/httpx/auth_routes.go:524.3,526.17 3 1
orbyte/internal/platform/httpx/auth_routes.go:526.17,529.4 2 0
orbyte/internal/platform/httpx/auth_routes.go:530.3,531.17 2 1
orbyte/internal/platform/httpx/auth_routes.go:531.17,534.4 2 0
orbyte/internal/platform/httpx/auth_routes.go:535.3,546.68 4 1
orbyte/internal/platform/httpx/auth_routes.go:549.2,549.83 1 1
orbyte/internal/platform/httpx/auth_routes.go:549.83,550.38 1 1
orbyte/internal/platform/httpx/auth_routes.go:550.38,553.4 2 0
orbyte/internal/platform/httpx/auth_routes.go:554.3,555.58 2 1
orbyte/internal/platform/httpx/auth_routes.go:555.58,558.4 2 0
orbyte/internal/platform/httpx/auth_routes.go:559.3,560.17 2 1
orbyte/internal/platform/httpx/auth_routes.go:560.17,563.4 2 0
orbyte/internal/platform/httpx/auth_routes.go:564.3,575.82 4 1
orbyte/internal/platform/httpx/auth_routes.go:578.2,578.77 1 1
orbyte/internal/platform/httpx/auth_routes.go:578.77,581.10 3 1
orbyte/internal/platform/httpx/auth_routes.go:581.10,583.4 1 0
orbyte/internal/platform/httpx/auth_routes.go:584.3,585.62 2 1
orbyte/internal/platform/httpx/auth_routes.go:585.62,588.4 2 0
orbyte/internal/platform/httpx/auth_routes.go:589.3,590.17 2 1
orbyte/internal/platform/httpx/auth_routes.go:590.17,593.4 2 1
orbyte/internal/platform/httpx/auth_routes.go:594.3,604.43 2 1
orbyte/internal/platform/httpx/auth_routes.go:607.2,607.96 1 1
orbyte/internal/platform/httpx/auth_routes.go:607.96,608.38 1 0
orbyte/internal/platform/httpx/auth_routes.go:608.38,611.4 2 0
orbyte/internal/platform/httpx/auth_routes.go:612.3,613.55 2 0
orbyte/internal/platform/httpx/auth_routes.go:613.55,616.4 2 0
orbyte/internal/platform/httpx/auth_routes.go:617.3,618.13 2 0
orbyte/internal/platform/httpx/auth_routes.go:618.13,621.4 2 0
orbyte/internal/platform/httpx/auth_routes.go:622.3,625.5 1 0
orbyte/internal/platform/httpx/auth_routes.go:628.2,628.96 1 1
orbyte/internal/platform/httpx/auth_routes.go:628.96,629.38 1 1
orbyte/internal/platform/httpx/auth_routes.go:629.38,632.4 2 0
orbyte/internal/platform/httpx/auth_routes.go:633.3,634.55 2 1
orbyte/internal/platform/httpx/auth_routes.go:634.55,637.4 2 0
orbyte/internal/platform/httpx/auth_routes.go:638.3,639.62 2 1
orbyte/internal/platform/httpx/auth_routes.go:639.62,642.4 2 0
orbyte/internal/platform/httpx/auth_routes.go:643.3,644.17 2 1
orbyte/internal/platform/httpx/auth_routes.go:644.17,647.4 2 0
orbyte/internal/platform/httpx/auth_routes.go:648.3,648.38 1 1
orbyte/internal/platform/httpx/auth_routes.go:651.2,651.81 1 1
orbyte/internal/platform/httpx/auth_routes.go:651.81,653.10 2 1
orbyte/internal/platform/httpx/auth_routes.go:653.10,656.4 2 0
orbyte/internal/platform/httpx/auth_routes.go:657.3,658.10 2 1
orbyte/internal/platform/httpx/auth_routes.go:658.10,660.4 1 0
orbyte/internal/platform/httpx/auth_routes.go:661.3,662.17 2 1
orbyte/internal/platform/httpx/auth_routes.go:662.17,665.4 2 0
orbyte/internal/platform/httpx/auth_routes.go:666.3,675.68 2 1
orbyte/internal/platform/httpx/auth_routes.go:678.2,678.78 1 1
orbyte/internal/platform/httpx/auth_routes.go:678.78,679.54 1 1
orbyte/internal/platform/httpx/auth_routes.go:679.54,681.11 2 1
orbyte/internal/platform/httpx/auth_routes.go:681.11,683.5 1 0
orbyte/internal/platform/httpx/auth_routes.go:684.4,685.63 2 1
orbyte/internal/platform/httpx/auth_routes.go:685.63,688.5 2 0
orbyte/internal/platform/httpx/auth_routes.go:689.4,690.18 2 1
orbyte/internal/platform/httpx/auth_routes.go:690.18,693.5 2 0
orbyte/internal/platform/httpx/auth_routes.go:694.4,705.10 3 1
orbyte/internal/platform/httpx/auth_routes.go:707.3,708.10 2 1
orbyte/internal/platform/httpx/auth_routes.go:708.10,711.4 2 0
orbyte/internal/platform/httpx/auth_routes.go:712.3,714.10 3 1
orbyte/internal/platform/httpx/auth_routes.go:714.10,716.4 1 0
orbyte/internal/platform/httpx/auth_routes.go:717.3,718.62 2 1
orbyte/internal/platform/httpx/auth_routes.go:718.62,721.4 2 0
orbyte/internal/platform/httpx/auth_routes.go:722.3,722.106 1 1
orbyte/internal/platform/httpx/auth_routes.go:722.106,725.4 2 0
orbyte/internal/platform/httpx/auth_routes.go:726.3,735.76 2 1
orbyte/internal/platform/httpx/auth_routes.go:738.2,738.77 1 1
orbyte/internal/platform/httpx/auth_routes.go:738.77,739.66 1 0
orbyte/internal/platform/httpx/auth_routes.go:739.66,740.109 1 0
orbyte/internal/platform/httpx/auth_routes.go:740.109,742.5 1 0
orbyte/internal/platform/httpx/auth_routes.go:743.4,744.63 2 0
orbyte/internal/platform/httpx/auth_routes.go:744.63,747.5 2 0
orbyte/internal/platform/httpx/auth_routes.go:748.4,749.18 2 0
orbyte/internal/platform/httpx/auth_routes.go:749.18,752.5 2 0
orbyte/internal/platform/httpx/auth_routes.go:753.4,754.10 2 0
orbyte/internal/platform/httpx/auth_routes.go:756.3,756.22 1 0
orbyte/internal/platform/httpx/auth_routes.go:759.2,759.77 1 1
orbyte/internal/platform/httpx/auth_routes.go:759.77,760.63 1 0
orbyte/internal/platform/httpx/auth_routes.go:760.63,761.109 1 0
orbyte/internal/platform/httpx/auth_routes.go:761.109,763.5 1 0
orbyte/internal/platform/httpx/auth_routes.go:764.4,765.63 2 0
orbyte/internal/platform/httpx/auth_routes.go:765.63,768.5 2 0
orbyte/internal/platform/httpx/auth_routes.go:769.4,770.18 2 0
orbyte/internal/platform/httpx/auth_routes.go:770.18,773.5 2 0
orbyte/internal/platform/httpx/auth_routes.go:774.4,775.10 2 0
orbyte/internal/platform/httpx/auth_routes.go:777.3,777.22 1 0
orbyte/internal/platform/httpx/auth_routes.go:780.2,780.85 1 1
orbyte/internal/platform/httpx/auth_routes.go:780.85,782.10 2 0
orbyte/internal/platform/httpx/auth_routes.go:782.10,785.4 2 0
orbyte/internal/platform/httpx/auth_routes.go:786.3,786.108 1 0
orbyte/internal/platform/httpx/auth_routes.go:786.108,788.4 1 0
orbyte/internal/platform/httpx/auth_routes.go:789.3,790.62 2 0
orbyte/internal/platform/httpx/auth_routes.go:790.62,793.4 2 0
orbyte/internal/platform/httpx/auth_routes.go:794.3,795.17 2 0
orbyte/internal/platform/httpx/auth_routes.go:795.17,798.4 2 0
orbyte/internal/platform/httpx/auth_routes.go:799.3,799.41 1 0
orbyte/internal/platform/httpx/auth_routes.go:802.2,802.80 1 1
orbyte/internal/platform/httpx/auth_routes.go:802.80,804.10 2 1
orbyte/internal/platform/httpx/auth_routes.go:804.10,807.4 2 0
orbyte/internal/platform/httpx/auth_routes.go:808.3,808.114 1 1
orbyte/internal/platform/httpx/auth_routes.go:808.114,810.4 1 0
orbyte/internal/platform/httpx/auth_routes.go:811.3,812.13 2 1
orbyte/internal/platform/httpx/auth_routes.go:812.13,815.4 2 0
orbyte/internal/platform/httpx/auth_routes.go:816.3,817.86 2 1
orbyte/internal/platform/httpx/auth_routes.go:821.64,822.96 1 0
orbyte/internal/platform/httpx/auth_routes.go:822.96,824.3 1 0
orbyte/internal/platform/httpx/auth_routes.go:825.2,827.21 3 0
orbyte/internal/platform/httpx/auth_routes.go:830.61,831.93 1 0
orbyte/internal/platform/httpx/auth_routes.go:831.93,833.3 1 0
orbyte/internal/platform/httpx/auth_routes.go:834.2,836.21 3 0
orbyte/internal/platform/httpx/auth_routes.go:839.58,840.90 1 0
orbyte/internal/platform/httpx/auth_routes.go:840.90,842.3 1 0
orbyte/internal/platform/httpx/auth_routes.go:843.2,845.21 3 0
orbyte/internal/platform/httpx/auth_routes.go:848.64,849.27 1 1
orbyte/internal/platform/httpx/auth_routes.go:849.27,851.3 1 0
orbyte/internal/platform/httpx/auth_routes.go:852.2,852.52 1 1
orbyte/internal/platform/httpx/auth_routes.go:852.52,854.3 1 0
orbyte/internal/platform/httpx/auth_routes.go:855.2,855.56 1 1
orbyte/internal/platform/httpx/auth_routes.go:855.56,857.3 1 0
orbyte/internal/platform/httpx/auth_routes.go:858.2,858.55 1 1
orbyte/internal/platform/httpx/auth_routes.go:858.55,860.3 1 0
orbyte/internal/platform/httpx/auth_routes.go:861.2,861.51 1 1
orbyte/internal/platform/httpx/auth_routes.go:861.51,863.3 1 0
orbyte/internal/platform/httpx/auth_routes.go:864.2,864.52 1 1
orbyte/internal/platform/httpx/auth_routes.go:864.52,866.3 1 0
orbyte/internal/platform/httpx/auth_routes.go:867.2,867.51 1 1
orbyte/internal/platform/httpx/auth_routes.go:867.51,869.3 1 0
orbyte/internal/platform/httpx/auth_routes.go:870.2,870.12 1 1
orbyte/internal/platform/httpx/auth_routes.go:873.80,875.2 1 1
orbyte/internal/platform/httpx/auth_routes.go:877.91,886.2 1 1
orbyte/internal/platform/httpx/auth_routes.go:888.90,890.16 2 1
orbyte/internal/platform/httpx/auth_routes.go:890.16,892.3 1 0
orbyte/internal/platform/httpx/auth_routes.go:893.2,901.56 9 1
orbyte/internal/platform/httpx/auth_routes.go:901.56,903.3 1 0
orbyte/internal/platform/httpx/auth_routes.go:904.2,905.30 2 1
orbyte/internal/platform/httpx/auth_routes.go:908.114,916.16 8 1
orbyte/internal/platform/httpx/auth_routes.go:916.16,918.3 1 0
orbyte/internal/platform/httpx/auth_routes.go:919.2,922.16 4 1
orbyte/internal/platform/httpx/auth_routes.go:922.16,924.3 1 0
orbyte/internal/platform/httpx/auth_routes.go:925.2,926.53 2 1
orbyte/internal/platform/httpx/auth_routes.go:926.53,929.3 2 1
orbyte/internal/platform/httpx/auth_routes.go:930.2,931.68 2 1
orbyte/internal/platform/httpx/auth_routes.go:931.68,933.3 1 0
orbyte/internal/platform/httpx/auth_routes.go:934.2,934.46 1 1
orbyte/internal/platform/httpx/auth_routes.go:934.46,936.3 1 0
orbyte/internal/platform/httpx/auth_routes.go:937.2,937.29 1 1
orbyte/internal/platform/httpx/auth_routes.go:940.49,942.42 2 1
orbyte/internal/platform/httpx/auth_routes.go:942.42,944.3 1 0
orbyte/internal/platform/httpx/auth_routes.go:945.2,945.55 1 1
orbyte/internal/platform/httpx/auth_routes.go:948.83,959.2 1 1
orbyte/internal/platform/httpx/auth_routes.go:961.53,964.2 2 1
orbyte/internal/platform/httpx/auth_routes.go:966.55,968.16 2 1
orbyte/internal/platform/httpx/auth_routes.go:968.16,970.3 1 0
orbyte/internal/platform/httpx/auth_routes.go:971.2,971.40 1 1
orbyte/internal/platform/httpx/auth_routes.go:974.55,976.16 2 1
orbyte/internal/platform/httpx/auth_routes.go:976.16,978.3 1 0
orbyte/internal/platform/httpx/auth_routes.go:979.2,980.121 2 1
orbyte/internal/platform/httpx/auth_routes.go:980.121,982.3 1 0
orbyte/internal/platform/httpx/auth_routes.go:983.2,983.13 1 1
orbyte/internal/platform/httpx/auth_routes.go:986.88,989.2 2 1
orbyte/internal/platform/httpx/auth_routes.go:991.73,993.66 2 1
orbyte/internal/platform/httpx/auth_routes.go:994.40,995.17 1 1
orbyte/internal/platform/httpx/auth_routes.go:997.2,1005.3 1 1
orbyte/internal/platform/httpx/auth_routes.go:1008.42,1019.2 1 1
orbyte/internal/platform/httpx/auth_routes.go:1021.52,1023.96 2 1
orbyte/internal/platform/httpx/auth_routes.go:1023.96,1025.3 1 0
orbyte/internal/platform/httpx/auth_routes.go:1026.2,1026.52 1 1
orbyte/internal/platform/httpx/auth_routes.go:1029.56,1031.101 2 1
orbyte/internal/platform/httpx/auth_routes.go:1031.101,1033.3 1 0
orbyte/internal/platform/httpx/auth_routes.go:1034.2,1034.52 1 1
orbyte/internal/platform/httpx/auth_routes.go:1037.52,1039.97 2 1
orbyte/internal/platform/httpx/auth_routes.go:1039.97,1041.3 1 1
orbyte/internal/platform/httpx/auth_routes.go:1042.2,1042.52 1 1
orbyte/internal/platform/httpx/auth_routes.go:1045.45,1047.44 2 1
orbyte/internal/platform/httpx/auth_routes.go:1047.44,1049.3 1 0
orbyte/internal/platform/httpx/auth_routes.go:1050.2,1050.52 1 1
orbyte/internal/platform/httpx/auth_routes.go:1053.48,1055.47 2 1
orbyte/internal/platform/httpx/auth_routes.go:1055.47,1057.3 1 0
orbyte/internal/platform/httpx/auth_routes.go:1058.2,1058.52 1 1
orbyte/internal/platform/httpx/auth_routes.go:1061.64,1063.68 2 1
orbyte/internal/platform/httpx/auth_routes.go:1063.68,1065.3 1 1
orbyte/internal/platform/httpx/auth_routes.go:1066.2,1066.69 1 1
orbyte/internal/platform/httpx/auth_routes.go:1066.69,1068.3 1 1
orbyte/internal/platform/httpx/auth_routes.go:1069.2,1069.17 1 1
orbyte/internal/platform/httpx/auth_routes.go:1072.43,1073.32 1 1
orbyte/internal/platform/httpx/auth_routes.go:1073.32,1075.3 1 0
orbyte/internal/platform/httpx/auth_routes.go:1076.2,1076.17 1 1
orbyte/internal/platform/httpx/auth_routes.go:1079.61,1081.2 1 1
orbyte/internal/platform/httpx/auth_routes.go:1083.39,1085.22 2 1
orbyte/internal/platform/httpx/auth_routes.go:1085.22,1087.3 1 0
orbyte/internal/platform/httpx/auth_routes.go:1088.2,1089.16 2 1
orbyte/internal/platform/httpx/auth_routes.go:1089.16,1091.3 1 1
orbyte/internal/platform/httpx/auth_routes.go:1092.2,1092.19 1 0
orbyte/internal/platform/httpx/auth_routes.go:1095.62,1096.21 1 1
orbyte/internal/platform/httpx/auth_routes.go:1096.21,1098.3 1 0
orbyte/internal/platform/httpx/auth_routes.go:1099.2,1099.28 1 1
orbyte/internal/platform/httpx/csrf.go:17.78,18.71 1 1
orbyte/internal/platform/httpx/csrf.go:18.71,19.40 1 1
orbyte/internal/platform/httpx/csrf.go:19.40,22.4 2 1
orbyte/internal/platform/httpx/csrf.go:23.3,24.65 2 1
orbyte/internal/platform/httpx/csrf.go:24.65,27.4 2 1
orbyte/internal/platform/httpx/csrf.go:28.3,28.83 1 1
orbyte/internal/platform/httpx/csrf.go:28.83,31.4 2 1
orbyte/internal/platform/httpx/csrf.go:32.3,32.54 1 1
orbyte/internal/platform/httpx/csrf.go:32.54,35.4 2 1
orbyte/internal/platform/httpx/csrf.go:36.3,36.23 1 1
orbyte/internal/platform/httpx/csrf.go:40.49,41.16 1 1
orbyte/internal/platform/httpx/csrf.go:42.59,43.15 1 1
orbyte/internal/platform/httpx/csrf.go:44.10,45.14 1 1
orbyte/internal/platform/httpx/csrf.go:49.60,50.21 1 1
orbyte/internal/platform/httpx/csrf.go:50.21,52.3 1 0
orbyte/internal/platform/httpx/csrf.go:53.2,54.57 2 1
orbyte/internal/platform/httpx/csrf.go:54.57,56.3 1 1
orbyte/internal/platform/httpx/csrf.go:57.2,58.23 2 1
orbyte/internal/platform/httpx/csrf.go:58.23,60.3 1 0
orbyte/internal/platform/httpx/csrf.go:61.2,62.16 2 1
orbyte/internal/platform/httpx/csrf.go:62.16,64.3 1 0
orbyte/internal/platform/httpx/csrf.go:65.2,65.111 1 1
orbyte/internal/platform/httpx/csrf.go:65.111,67.3 1 0
orbyte/internal/platform/httpx/csrf.go:68.2,68.12 1 1
orbyte/internal/platform/httpx/csrf.go:71.76,72.30 1 1
orbyte/internal/platform/httpx/csrf.go:72.30,74.3 1 1
orbyte/internal/platform/httpx/csrf.go:75.2,76.21 2 1
orbyte/internal/platform/httpx/csrf.go:76.21,77.77 1 0
orbyte/internal/platform/httpx/csrf.go:77.77,79.18 2 0
orbyte/internal/platform/httpx/csrf.go:79.18,81.5 1 0
orbyte/internal/platform/httpx/csrf.go:82.4,82.51 1 0
orbyte/internal/platform/httpx/csrf.go:85.2,85.21 1 1
orbyte/internal/platform/httpx/csrf.go:85.21,87.3 1 0
orbyte/internal/platform/httpx/csrf.go:88.2,88.41 1 1
orbyte/internal/platform/httpx/csrf.go:88.41,89.46 1 1
orbyte/internal/platform/httpx/csrf.go:89.46,91.4 1 1
orbyte/internal/platform/httpx/csrf.go:93.2,93.45 1 1
orbyte/internal/platform/httpx/csrf.go:96.55,98.22 2 1
orbyte/internal/platform/httpx/csrf.go:98.22,100.3 1 0
orbyte/internal/platform/httpx/csrf.go:101.2,103.64 3 1
orbyte/internal/platform/httpx/csrf.go:106.62,108.16 2 1
orbyte/internal/platform/httpx/csrf.go:108.16,110.3 1 0
orbyte/internal/platform/httpx/csrf.go:111.2,112.66 2 1
orbyte/internal/platform/httpx/csrf.go:113.40,114.17 1 1
orbyte/internal/platform/httpx/csrf.go:116.2,123.8 1 1
orbyte/internal/platform/httpx/csrf.go:126.39,128.66 2 1
orbyte/internal/platform/httpx/csrf.go:129.40,130.17 1 1
orbyte/internal/platform/httpx/csrf.go:132.2,141.3 1 1
orbyte/internal/platform/httpx/deps.go:170.99,172.2 1 1
orbyte/internal/platform/httpx/deps.go:174.68,176.2 1 1
orbyte/internal/platform/httpx/deps.go:178.70,180.2 1 1
orbyte/internal/platform/httpx/deps.go:182.76,185.2 2 1
orbyte/internal/platform/httpx/deps.go:187.66,189.2 1 1
orbyte/internal/platform/httpx/deps.go:191.72,193.2 1 1
orbyte/internal/platform/httpx/deps.go:195.70,197.2 1 1
orbyte/internal/platform/httpx/deps.go:199.66,201.2 1 1
orbyte/internal/platform/httpx/deps.go:203.74,205.2 1 1
orbyte/internal/platform/httpx/deps.go:207.76,209.2 1 1
orbyte/internal/platform/httpx/deps.go:211.64,213.2 1 1
orbyte/internal/platform/httpx/deps.go:215.68,217.2 1 1
orbyte/internal/platform/httpx/docs.go:16.165,17.23 1 1
orbyte/internal/platform/httpx/docs.go:17.23,19.3 1 1
orbyte/internal/platform/httpx/docs.go:20.2,20.87 1 1
orbyte/internal/platform/httpx/docs.go:20.87,22.3 1 1
orbyte/internal/platform/httpx/docs.go:23.2,23.82 1 1
orbyte/internal/platform/httpx/docs.go:23.82,26.3 2 1
orbyte/internal/platform/httpx/docs.go:29.28,30.63 1 1
orbyte/internal/platform/httpx/docs.go:30.63,32.3 1 1
orbyte/internal/platform/httpx/docs.go:33.2,33.66 1 1
orbyte/internal/platform/httpx/docs.go:34.36,35.14 1 0
orbyte/internal/platform/httpx/docs.go:36.10,37.15 1 1
orbyte/internal/platform/httpx/docs.go:41.162,772.2 9 1
orbyte/internal/platform/httpx/docs.go:774.47,775.16 1 1
orbyte/internal/platform/httpx/docs.go:775.16,777.3 1 0
orbyte/internal/platform/httpx/docs.go:778.2,780.13 3 1
orbyte/internal/platform/httpx/docs.go:783.151,791.25 2 1
orbyte/internal/platform/httpx/docs.go:791.25,793.3 1 1
orbyte/internal/platform/httpx/docs.go:794.2,794.24 1 1
orbyte/internal/platform/httpx/docs.go:794.24,796.3 1 1
orbyte/internal/platform/httpx/docs.go:797.2,797.11 1 1
orbyte/internal/platform/httpx/docs.go:800.156,804.2 1 1
orbyte/internal/platform/httpx/docs.go:806.48,815.2 1 1
orbyte/internal/platform/httpx/docs.go:817.72,827.2 1 1
orbyte/internal/platform/httpx/docs.go:829.59,838.2 1 1
orbyte/internal/platform/httpx/docs.go:840.65,841.22 1 1
orbyte/internal/platform/httpx/docs.go:841.22,843.3 1 0
orbyte/internal/platform/httpx/docs.go:844.2,850.4 1 1
orbyte/internal/platform/httpx/docs.go:850.4,851.44 1 1
orbyte/internal/platform/httpx/docs.go:851.44,853.4 1 1
orbyte/internal/platform/httpx/docs.go:855.2,855.18 1 1
orbyte/internal/platform/httpx/docs.go:858.78,866.2 1 1
orbyte/internal/platform/httpx/docs.go:868.63,876.2 1 1
orbyte/internal/platform/httpx/docs.go:878.79,886.2 1 1
orbyte/internal/platform/httpx/docs.go:888.61,894.2 1 1
orbyte/internal/platform/httpx/docs.go:896.41,901.2 1 1
orbyte/internal/platform/httpx/docs.go:903.54,904.19 1 1
orbyte/internal/platform/httpx/docs.go:904.19,906.3 1 0
orbyte/internal/platform/httpx/docs.go:907.2,909.27 3 1
orbyte/internal/platform/httpx/docs.go:909.27,911.3 1 1
orbyte/internal/platform/httpx/docs.go:912.2,913.13 2 1
orbyte/internal/platform/httpx/docs.go:916.59,917.17 1 1
orbyte/internal/platform/httpx/docs.go:917.17,919.3 1 0
orbyte/internal/platform/httpx/docs.go:920.2,922.14 3 1
orbyte/internal/platform/httpx/docs.go:925.64,926.22 1 1
orbyte/internal/platform/httpx/docs.go:926.22,928.3 1 0
orbyte/internal/platform/httpx/docs.go:929.2,931.27 3 1
orbyte/internal/platform/httpx/docs.go:931.27,933.3 1 1
orbyte/internal/platform/httpx/docs.go:934.2,935.13 2 1
orbyte/internal/platform/httpx/docs.go:938.81,939.20 1 1
orbyte/internal/platform/httpx/docs.go:939.20,941.3 1 0
orbyte/internal/platform/httpx/docs.go:942.2,944.27 3 1
orbyte/internal/platform/httpx/docs.go:944.27,946.3 1 1
orbyte/internal/platform/httpx/docs.go:947.2,948.13 2 1
orbyte/internal/platform/httpx/docs.go:951.84,952.20 1 1
orbyte/internal/platform/httpx/docs.go:952.20,954.3 1 0
orbyte/internal/platform/httpx/docs.go:955.2,957.27 3 1
orbyte/internal/platform/httpx/docs.go:957.27,958.45 1 1
orbyte/internal/platform/httpx/docs.go:958.45,960.4 1 1
orbyte/internal/platform/httpx/docs.go:962.2,963.13 2 1
orbyte/internal/platform/httpx/docs.go:966.67,967.20 1 1
orbyte/internal/platform/httpx/docs.go:967.20,969.3 1 0
orbyte/internal/platform/httpx/docs.go:970.2,972.27 3 1
orbyte/internal/platform/httpx/docs.go:972.27,974.3 1 1
orbyte/internal/platform/httpx/docs.go:975.2,976.13 2 1
orbyte/internal/platform/httpx/docs.go:979.68,980.20 1 1
orbyte/internal/platform/httpx/docs.go:980.20,982.3 1 0
orbyte/internal/platform/httpx/docs.go:983.2,985.27 3 1
orbyte/internal/platform/httpx/docs.go:985.27,987.3 1 1
orbyte/internal/platform/httpx/docs.go:988.2,989.13 2 1
orbyte/internal/platform/httpx/docs.go:992.57,993.20 1 1
orbyte/internal/platform/httpx/docs.go:993.20,995.3 1 0
orbyte/internal/platform/httpx/docs.go:996.2,998.29 3 1
orbyte/internal/platform/httpx/docs.go:998.29,1000.3 1 1
orbyte/internal/platform/httpx/docs.go:1001.2,1002.13 2 1
orbyte/internal/platform/httpx/docs.go:1005.43,1006.22 1 1
orbyte/internal/platform/httpx/docs.go:1006.22,1008.3 1 0
orbyte/internal/platform/httpx/docs.go:1009.2,1009.18 1 1
orbyte/internal/platform/httpx/document_flows.go:39.207,40.87 1 1
orbyte/internal/platform/httpx/document_flows.go:40.87,42.10 2 1
orbyte/internal/platform/httpx/document_flows.go:42.10,45.4 2 0
orbyte/internal/platform/httpx/document_flows.go:46.3,47.10 2 1
orbyte/internal/platform/httpx/document_flows.go:47.10,50.4 2 0
orbyte/internal/platform/httpx/document_flows.go:51.3,52.62 2 1
orbyte/internal/platform/httpx/document_flows.go:52.62,55.4 2 0
orbyte/internal/platform/httpx/document_flows.go:56.3,56.50 1 1
orbyte/internal/platform/httpx/document_flows.go:56.50,59.4 2 0
orbyte/internal/platform/httpx/document_flows.go:60.3,61.10 2 1
orbyte/internal/platform/httpx/document_flows.go:61.10,63.4 1 0
orbyte/internal/platform/httpx/document_flows.go:64.3,64.62 1 1
orbyte/internal/platform/httpx/document_flows.go:64.62,67.4 2 0
orbyte/internal/platform/httpx/document_flows.go:68.3,69.50 2 1
orbyte/internal/platform/httpx/document_flows.go:69.50,71.4 1 0
orbyte/internal/platform/httpx/document_flows.go:72.3,73.17 2 1
orbyte/internal/platform/httpx/document_flows.go:73.17,76.4 2 0
orbyte/internal/platform/httpx/document_flows.go:77.3,79.30 3 1
orbyte/internal/platform/httpx/document_flows.go:79.30,81.18 2 1
orbyte/internal/platform/httpx/document_flows.go:81.18,84.5 2 0
orbyte/internal/platform/httpx/document_flows.go:85.4,85.40 1 1
orbyte/internal/platform/httpx/document_flows.go:85.40,87.5 1 1
orbyte/internal/platform/httpx/document_flows.go:88.4,89.35 2 1
orbyte/internal/platform/httpx/document_flows.go:89.35,91.5 1 1
orbyte/internal/platform/httpx/document_flows.go:92.4,93.38 2 1
orbyte/internal/platform/httpx/document_flows.go:93.38,95.5 1 1
orbyte/internal/platform/httpx/document_flows.go:96.4,96.46 1 1
orbyte/internal/platform/httpx/document_flows.go:96.46,99.5 2 0
orbyte/internal/platform/httpx/document_flows.go:100.4,100.34 1 1
orbyte/internal/platform/httpx/document_flows.go:100.34,101.27 1 1
orbyte/internal/platform/httpx/document_flows.go:101.27,104.6 2 0
orbyte/internal/platform/httpx/document_flows.go:107.3,107.37 1 1
orbyte/internal/platform/httpx/document_flows.go:107.37,108.74 1 1
orbyte/internal/platform/httpx/document_flows.go:108.74,111.5 2 0
orbyte/internal/platform/httpx/document_flows.go:112.4,113.62 2 1
orbyte/internal/platform/httpx/document_flows.go:113.62,116.5 2 1
orbyte/internal/platform/httpx/document_flows.go:117.4,117.109 1 1
orbyte/internal/platform/httpx/document_flows.go:117.109,120.5 2 0
orbyte/internal/platform/httpx/document_flows.go:123.3,126.37 4 1
orbyte/internal/platform/httpx/document_flows.go:126.37,128.18 2 1
orbyte/internal/platform/httpx/document_flows.go:128.18,131.5 2 0
orbyte/internal/platform/httpx/document_flows.go:132.4,134.37 3 1
orbyte/internal/platform/httpx/document_flows.go:134.37,136.5 1 1
orbyte/internal/platform/httpx/document_flows.go:138.3,138.30 1 1
orbyte/internal/platform/httpx/document_flows.go:138.30,141.4 2 0
orbyte/internal/platform/httpx/document_flows.go:142.3,142.37 1 1
orbyte/internal/platform/httpx/document_flows.go:142.37,145.44 3 1
orbyte/internal/platform/httpx/document_flows.go:145.44,148.5 2 0
orbyte/internal/platform/httpx/document_flows.go:149.4,149.46 1 1
orbyte/internal/platform/httpx/document_flows.go:151.3,151.37 1 1
orbyte/internal/platform/httpx/document_flows.go:151.37,152.37 1 1
orbyte/internal/platform/httpx/document_flows.go:152.37,153.13 1 1
orbyte/internal/platform/httpx/document_flows.go:155.4,156.77 2 1
orbyte/internal/platform/httpx/document_flows.go:156.77,157.13 1 1
orbyte/internal/platform/httpx/document_flows.go:159.4,160.22 2 1
orbyte/internal/platform/httpx/document_flows.go:160.22,162.5 1 0
orbyte/internal/platform/httpx/document_flows.go:163.4,166.19 1 1
orbyte/internal/platform/httpx/document_flows.go:166.19,169.5 2 0
orbyte/internal/platform/httpx/document_flows.go:171.3,176.5 1 1
orbyte/internal/platform/httpx/document_flows.go:185.57,187.61 2 1
orbyte/internal/platform/httpx/document_flows.go:187.61,189.3 1 0
orbyte/internal/platform/httpx/document_flows.go:190.2,192.15 3 1
orbyte/internal/platform/httpx/document_flows.go:192.15,194.3 1 0
orbyte/internal/platform/httpx/document_flows.go:195.2,195.18 1 1
orbyte/internal/platform/httpx/document_flows.go:198.137,199.26 1 1
orbyte/internal/platform/httpx/document_flows.go:199.26,201.3 1 0
orbyte/internal/platform/httpx/document_flows.go:202.2,203.34 2 1
orbyte/internal/platform/httpx/document_flows.go:203.34,205.3 1 1
orbyte/internal/platform/httpx/document_flows.go:206.2,208.35 3 1
orbyte/internal/platform/httpx/document_flows.go:208.35,210.3 1 1
orbyte/internal/platform/httpx/document_flows.go:212.2,215.6 4 1
orbyte/internal/platform/httpx/document_flows.go:215.6,216.29 1 1
orbyte/internal/platform/httpx/document_flows.go:216.29,218.4 1 0
orbyte/internal/platform/httpx/document_flows.go:219.3,220.42 2 1
orbyte/internal/platform/httpx/document_flows.go:220.42,222.59 2 1
orbyte/internal/platform/httpx/document_flows.go:222.59,224.5 1 1
orbyte/internal/platform/httpx/document_flows.go:225.4,225.89 1 1
orbyte/internal/platform/httpx/document_flows.go:227.3,228.17 2 1
orbyte/internal/platform/httpx/document_flows.go:228.17,229.9 1 1
orbyte/internal/platform/httpx/document_flows.go:231.3,232.10 2 1
orbyte/internal/platform/httpx/document_flows.go:232.10,234.4 1 0
orbyte/internal/platform/httpx/document_flows.go:235.3,235.19 1 1
orbyte/internal/platform/httpx/document_flows.go:237.2,237.22 1 1
orbyte/internal/platform/httpx/document_flows.go:240.140,242.16 2 1
orbyte/internal/platform/httpx/document_flows.go:242.16,244.3 1 0
orbyte/internal/platform/httpx/document_flows.go:245.2,246.21 2 1
orbyte/internal/platform/httpx/document_flows.go:246.21,248.3 1 1
orbyte/internal/platform/httpx/document_flows.go:249.2,249.19 1 1
orbyte/internal/platform/httpx/document_flows.go:249.19,251.3 1 1
orbyte/internal/platform/httpx/document_flows.go:252.2,252.19 1 1
orbyte/internal/platform/httpx/document_flows.go:252.19,253.37 1 1
orbyte/internal/platform/httpx/document_flows.go:253.37,254.98 1 0
orbyte/internal/platform/httpx/document_flows.go:254.98,256.10 2 0
orbyte/internal/platform/httpx/document_flows.go:260.2,260.19 1 1
orbyte/internal/platform/httpx/document_flows.go:260.19,262.3 1 1
orbyte/internal/platform/httpx/document_flows.go:263.2,264.9 2 1
orbyte/internal/platform/httpx/document_flows.go:264.9,266.3 1 0
orbyte/internal/platform/httpx/document_flows.go:267.2,268.29 2 1
orbyte/internal/platform/httpx/document_flows.go:268.29,270.3 1 0
orbyte/internal/platform/httpx/document_flows.go:271.2,272.44 2 1
orbyte/internal/platform/httpx/document_flows.go:272.44,274.17 2 1
orbyte/internal/platform/httpx/document_flows.go:274.17,276.4 1 0
orbyte/internal/platform/httpx/document_flows.go:278.2,280.22 3 1
orbyte/internal/platform/httpx/document_flows.go:280.22,282.3 1 0
orbyte/internal/platform/httpx/document_flows.go:283.2,283.22 1 1
orbyte/internal/platform/httpx/document_flows.go:283.22,285.3 1 1
orbyte/internal/platform/httpx/document_flows.go:286.2,286.37 1 1
orbyte/internal/platform/httpx/document_flows.go:286.37,287.79 1 1
orbyte/internal/platform/httpx/document_flows.go:287.79,288.12 1 0
orbyte/internal/platform/httpx/document_flows.go:290.3,291.19 2 1
orbyte/internal/platform/httpx/document_flows.go:291.19,292.12 1 0
orbyte/internal/platform/httpx/document_flows.go:294.3,295.17 2 1
orbyte/internal/platform/httpx/document_flows.go:295.17,296.12 1 0
orbyte/internal/platform/httpx/document_flows.go:298.3,298.32 1 1
orbyte/internal/platform/httpx/document_flows.go:300.2,301.29 2 1
orbyte/internal/platform/httpx/document_flows.go:301.29,303.3 1 0
orbyte/internal/platform/httpx/document_flows.go:304.2,305.38 2 1
orbyte/internal/platform/httpx/document_flows.go:305.38,307.3 1 1
orbyte/internal/platform/httpx/document_flows.go:308.2,309.16 2 1
orbyte/internal/platform/httpx/document_flows.go:309.16,311.3 1 0
orbyte/internal/platform/httpx/document_flows.go:312.2,313.36 2 1
orbyte/internal/platform/httpx/document_flows.go:313.36,315.10 2 1
orbyte/internal/platform/httpx/document_flows.go:315.10,316.12 1 0
orbyte/internal/platform/httpx/document_flows.go:318.3,318.87 1 1
orbyte/internal/platform/httpx/document_flows.go:320.2,320.47 1 1
orbyte/internal/platform/httpx/document_flows.go:320.47,322.3 1 0
orbyte/internal/platform/httpx/document_flows.go:323.2,330.8 1 1
orbyte/internal/platform/httpx/document_flows.go:333.68,334.34 1 0
orbyte/internal/platform/httpx/document_flows.go:334.34,335.39 1 0
orbyte/internal/platform/httpx/document_flows.go:335.39,336.26 1 0
orbyte/internal/platform/httpx/document_flows.go:336.26,338.5 1 0
orbyte/internal/platform/httpx/document_flows.go:341.2,341.11 1 0
orbyte/internal/platform/httpx/document_flows.go:344.146,354.2 1 1
orbyte/internal/platform/httpx/document_flows.go:356.258,357.30 1 1
orbyte/internal/platform/httpx/document_flows.go:357.30,358.24 1 1
orbyte/internal/platform/httpx/document_flows.go:358.24,360.4 1 0
orbyte/internal/platform/httpx/document_flows.go:361.3,361.117 1 1
orbyte/internal/platform/httpx/document_flows.go:363.2,363.84 1 1
orbyte/internal/platform/httpx/document_flows.go:366.116,368.35 2 1
orbyte/internal/platform/httpx/document_flows.go:368.35,370.3 1 1
orbyte/internal/platform/httpx/document_flows.go:371.2,374.13 4 1
orbyte/internal/platform/httpx/document_flows.go:377.99,378.37 1 1
orbyte/internal/platform/httpx/document_flows.go:378.37,379.48 1 1
orbyte/internal/platform/httpx/document_flows.go:379.48,380.12 1 1
orbyte/internal/platform/httpx/document_flows.go:382.3,382.78 1 1
orbyte/internal/platform/httpx/document_flows.go:382.78,383.12 1 0
orbyte/internal/platform/httpx/document_flows.go:385.3,385.95 1 1
orbyte/internal/platform/httpx/document_flows.go:385.95,386.12 1 0
orbyte/internal/platform/httpx/document_flows.go:388.3,388.14 1 1
orbyte/internal/platform/httpx/document_flows.go:390.2,390.14 1 1
orbyte/internal/platform/httpx/document_flows.go:393.96,394.38 1 1
orbyte/internal/platform/httpx/document_flows.go:394.38,396.37 2 1
orbyte/internal/platform/httpx/document_flows.go:396.37,398.4 1 0
orbyte/internal/platform/httpx/document_flows.go:399.3,399.64 1 1
orbyte/internal/platform/httpx/document_flows.go:399.64,401.4 1 1
orbyte/internal/platform/httpx/document_flows.go:402.3,402.23 1 1
orbyte/internal/platform/httpx/document_flows.go:402.23,404.35 2 0
orbyte/internal/platform/httpx/document_flows.go:404.35,405.26 1 0
orbyte/internal/platform/httpx/document_flows.go:405.26,407.6 1 0
orbyte/internal/platform/httpx/document_flows.go:411.2,411.44 1 1
orbyte/internal/platform/httpx/document_flows.go:414.70,416.66 2 1
orbyte/internal/platform/httpx/document_flows.go:416.66,418.10 2 1
orbyte/internal/platform/httpx/document_flows.go:418.10,420.4 1 0
orbyte/internal/platform/httpx/document_flows.go:421.3,421.23 1 1
orbyte/internal/platform/httpx/document_flows.go:423.2,423.16 1 1
orbyte/internal/platform/httpx/document_flows.go:426.39,427.31 1 1
orbyte/internal/platform/httpx/document_flows.go:428.14,429.15 1 1
orbyte/internal/platform/httpx/document_flows.go:430.11,431.12 1 1
orbyte/internal/platform/httpx/document_flows.go:432.10,433.46 1 0
orbyte/internal/platform/httpx/document_flows.go:437.31,438.31 1 0
orbyte/internal/platform/httpx/document_flows.go:439.12,440.15 1 0
orbyte/internal/platform/httpx/document_flows.go:441.14,442.97 1 0
orbyte/internal/platform/httpx/document_flows.go:443.11,444.15 1 0
orbyte/internal/platform/httpx/document_flows.go:445.10,446.14 1 0
orbyte/internal/platform/httpx/document_security.go:13.176,14.26 1 1
orbyte/internal/platform/httpx/document_security.go:14.26,16.3 1 0
orbyte/internal/platform/httpx/document_security.go:17.2,25.54 1 1
orbyte/internal/platform/httpx/document_security.go:25.54,26.46 1 0
orbyte/internal/platform/httpx/document_security.go:26.46,28.5 1 0
orbyte/internal/platform/httpx/document_security.go:29.4,29.41 1 0
orbyte/internal/platform/httpx/document_security.go:29.41,31.5 1 0
orbyte/internal/platform/httpx/document_security.go:32.4,32.87 1 0
orbyte/internal/platform/httpx/document_security.go:37.162,38.26 1 1
orbyte/internal/platform/httpx/document_security.go:38.26,40.3 1 0
orbyte/internal/platform/httpx/document_security.go:41.2,42.15 2 1
orbyte/internal/platform/httpx/document_security.go:45.183,46.26 1 1
orbyte/internal/platform/httpx/document_security.go:46.26,48.3 1 0
orbyte/internal/platform/httpx/document_security.go:49.2,49.126 1 1
orbyte/internal/platform/httpx/document_security.go:52.242,53.26 1 1
orbyte/internal/platform/httpx/document_security.go:53.26,55.3 1 0
orbyte/internal/platform/httpx/document_security.go:56.2,57.36 2 1
orbyte/internal/platform/httpx/document_security.go:57.36,59.17 2 1
orbyte/internal/platform/httpx/document_security.go:59.17,60.12 1 0
orbyte/internal/platform/httpx/document_security.go:62.3,62.95 1 1
orbyte/internal/platform/httpx/document_security.go:62.95,64.4 1 1
orbyte/internal/platform/httpx/document_security.go:66.2,66.39 1 1
orbyte/internal/platform/httpx/document_security.go:66.39,68.17 2 1
orbyte/internal/platform/httpx/document_security.go:68.17,69.12 1 0
orbyte/internal/platform/httpx/document_security.go:71.3,71.95 1 1
orbyte/internal/platform/httpx/document_security.go:71.95,73.4 1 0
orbyte/internal/platform/httpx/document_security.go:75.2,76.24 2 1
orbyte/internal/platform/httpx/document_security.go:76.24,78.3 1 0
orbyte/internal/platform/httpx/document_security.go:79.2,79.31 1 1
orbyte/internal/platform/httpx/document_security.go:79.31,81.22 2 1
orbyte/internal/platform/httpx/document_security.go:81.22,82.12 1 1
orbyte/internal/platform/httpx/document_security.go:84.3,85.17 2 1
orbyte/internal/platform/httpx/document_security.go:85.17,86.12 1 0
orbyte/internal/platform/httpx/document_security.go:88.3,88.95 1 1
orbyte/internal/platform/httpx/document_security.go:88.95,90.4 1 1
orbyte/internal/platform/httpx/document_security.go:92.2,92.55 1 1
orbyte/internal/platform/httpx/document_security.go:95.138,98.38 3 0
orbyte/internal/platform/httpx/document_security.go:98.38,99.100 1 0
orbyte/internal/platform/httpx/document_security.go:99.100,100.12 1 0
orbyte/internal/platform/httpx/document_security.go:102.3,102.58 1 0
orbyte/internal/platform/httpx/document_security.go:104.2,105.36 2 0
orbyte/internal/platform/httpx/document_security.go:105.36,106.65 1 0
orbyte/internal/platform/httpx/document_security.go:106.65,107.101 1 0
orbyte/internal/platform/httpx/document_security.go:107.101,108.13 1 0
orbyte/internal/platform/httpx/document_security.go:111.3,111.54 1 0
orbyte/internal/platform/httpx/document_security.go:113.2,113.17 1 0
orbyte/internal/platform/httpx/document_security.go:116.50,118.9 2 1
orbyte/internal/platform/httpx/document_security.go:119.48,120.51 1 1
orbyte/internal/platform/httpx/document_security.go:121.43,122.46 1 0
orbyte/internal/platform/httpx/document_security.go:123.10,124.14 1 1
orbyte/internal/platform/httpx/documents.go:44.258,45.80 1 1
orbyte/internal/platform/httpx/documents.go:45.80,47.10 2 1
orbyte/internal/platform/httpx/documents.go:47.10,49.4 1 1
orbyte/internal/platform/httpx/documents.go:50.3,51.50 2 1
orbyte/internal/platform/httpx/documents.go:51.50,53.4 1 1
orbyte/internal/platform/httpx/documents.go:54.3,55.23 2 1
orbyte/internal/platform/httpx/documents.go:55.23,57.31 2 1
orbyte/internal/platform/httpx/documents.go:57.31,58.89 1 1
orbyte/internal/platform/httpx/documents.go:58.89,61.6 2 1
orbyte/internal/platform/httpx/documents.go:63.4,63.20 1 1
orbyte/internal/platform/httpx/documents.go:64.9,66.25 2 0
orbyte/internal/platform/httpx/documents.go:66.25,67.54 1 0
orbyte/internal/platform/httpx/documents.go:67.54,68.14 1 0
orbyte/internal/platform/httpx/documents.go:70.5,71.98 2 0
orbyte/internal/platform/httpx/documents.go:73.4,73.20 1 0
orbyte/internal/platform/httpx/documents.go:75.3,75.64 1 1
orbyte/internal/platform/httpx/documents.go:78.2,78.81 1 1
orbyte/internal/platform/httpx/documents.go:78.81,80.62 2 1
orbyte/internal/platform/httpx/documents.go:80.62,83.4 2 0
orbyte/internal/platform/httpx/documents.go:84.3,84.31 1 1
orbyte/internal/platform/httpx/documents.go:84.31,87.4 2 0
orbyte/internal/platform/httpx/documents.go:88.3,89.10 2 1
orbyte/internal/platform/httpx/documents.go:89.10,91.4 1 1
orbyte/internal/platform/httpx/documents.go:92.3,93.50 2 1
orbyte/internal/platform/httpx/documents.go:93.50,95.4 1 0
orbyte/internal/platform/httpx/documents.go:96.3,105.107 2 1
orbyte/internal/platform/httpx/documents.go:105.107,108.4 2 1
orbyte/internal/platform/httpx/documents.go:109.3,110.17 2 1
orbyte/internal/platform/httpx/documents.go:110.17,114.4 3 0
orbyte/internal/platform/httpx/documents.go:115.3,116.101 2 1
orbyte/internal/platform/httpx/documents.go:119.2,119.81 1 1
orbyte/internal/platform/httpx/documents.go:119.81,121.10 2 1
orbyte/internal/platform/httpx/documents.go:121.10,124.4 2 0
orbyte/internal/platform/httpx/documents.go:125.3,126.17 2 1
orbyte/internal/platform/httpx/documents.go:126.17,129.4 2 0
orbyte/internal/platform/httpx/documents.go:130.3,131.10 2 1
orbyte/internal/platform/httpx/documents.go:131.10,133.4 1 0
orbyte/internal/platform/httpx/documents.go:134.3,135.35 2 1
orbyte/internal/platform/httpx/documents.go:135.35,136.125 1 1
orbyte/internal/platform/httpx/documents.go:136.125,138.5 1 0
orbyte/internal/platform/httpx/documents.go:140.3,141.72 2 1
orbyte/internal/platform/httpx/documents.go:141.72,143.4 1 1
orbyte/internal/platform/httpx/documents.go:144.3,145.42 2 1
orbyte/internal/platform/httpx/documents.go:148.2,148.81 1 1
orbyte/internal/platform/httpx/documents.go:148.81,149.73 1 1
orbyte/internal/platform/httpx/documents.go:149.73,151.18 2 1
orbyte/internal/platform/httpx/documents.go:151.18,154.5 2 0
orbyte/internal/platform/httpx/documents.go:155.4,156.11 2 1
orbyte/internal/platform/httpx/documents.go:156.11,158.5 1 0
orbyte/internal/platform/httpx/documents.go:159.4,159.37 1 1
orbyte/internal/platform/httpx/documents.go:159.37,162.5 2 0
orbyte/internal/platform/httpx/documents.go:163.4,163.80 1 1
orbyte/internal/platform/httpx/documents.go:163.80,166.5 2 0
orbyte/internal/platform/httpx/documents.go:167.4,168.63 2 1
orbyte/internal/platform/httpx/documents.go:168.63,171.5 2 0
orbyte/internal/platform/httpx/documents.go:172.4,172.127 1 1
orbyte/internal/platform/httpx/documents.go:172.127,175.5 2 0
orbyte/internal/platform/httpx/documents.go:176.4,177.18 2 1
orbyte/internal/platform/httpx/documents.go:177.18,181.5 3 0
orbyte/internal/platform/httpx/documents.go:182.4,185.10 4 1
orbyte/internal/platform/httpx/documents.go:187.3,188.10 2 1
orbyte/internal/platform/httpx/documents.go:188.10,191.4 2 0
orbyte/internal/platform/httpx/documents.go:192.3,193.17 2 1
orbyte/internal/platform/httpx/documents.go:193.17,196.4 2 0
orbyte/internal/platform/httpx/documents.go:197.3,198.10 2 1
orbyte/internal/platform/httpx/documents.go:198.10,200.4 1 0
orbyte/internal/platform/httpx/documents.go:201.3,202.62 2 1
orbyte/internal/platform/httpx/documents.go:202.62,205.4 2 0
orbyte/internal/platform/httpx/documents.go:206.3,206.105 1 1
orbyte/internal/platform/httpx/documents.go:206.105,209.4 2 0
orbyte/internal/platform/httpx/documents.go:210.3,211.17 2 1
orbyte/internal/platform/httpx/documents.go:211.17,215.4 3 1
orbyte/internal/platform/httpx/documents.go:216.3,217.154 2 1
orbyte/internal/platform/httpx/documents.go:220.2,220.82 1 1
orbyte/internal/platform/httpx/documents.go:220.82,222.10 2 1
orbyte/internal/platform/httpx/documents.go:222.10,225.4 2 0
orbyte/internal/platform/httpx/documents.go:226.3,227.17 2 1
orbyte/internal/platform/httpx/documents.go:227.17,230.4 2 0
orbyte/internal/platform/httpx/documents.go:231.3,232.105 2 1
orbyte/internal/platform/httpx/documents.go:232.105,235.4 2 0
orbyte/internal/platform/httpx/documents.go:236.3,236.23 1 1
orbyte/internal/platform/httpx/documents.go:236.23,239.4 2 0
orbyte/internal/platform/httpx/documents.go:241.3,249.14 3 1
orbyte/internal/platform/httpx/documents.go:249.14,252.4 2 1
orbyte/internal/platform/httpx/documents.go:253.3,254.10 2 1
orbyte/internal/platform/httpx/documents.go:254.10,256.4 1 0
orbyte/internal/platform/httpx/documents.go:258.3,259.21 2 1
orbyte/internal/platform/httpx/documents.go:260.17,261.96 1 1
orbyte/internal/platform/httpx/documents.go:262.18,263.97 1 1
orbyte/internal/platform/httpx/documents.go:264.17,265.96 1 1
orbyte/internal/platform/httpx/documents.go:266.17,267.96 1 1
orbyte/internal/platform/httpx/documents.go:268.17,269.96 1 1
orbyte/internal/platform/httpx/documents.go:271.3,271.17 1 1
orbyte/internal/platform/httpx/documents.go:271.17,275.4 3 1
orbyte/internal/platform/httpx/documents.go:276.3,279.98 4 1
orbyte/internal/platform/httpx/documents.go:283.173,285.9 2 1
orbyte/internal/platform/httpx/documents.go:285.9,287.3 1 0
orbyte/internal/platform/httpx/documents.go:288.2,291.30 4 1
orbyte/internal/platform/httpx/documents.go:291.30,292.58 1 1
orbyte/internal/platform/httpx/documents.go:292.58,294.4 1 1
orbyte/internal/platform/httpx/documents.go:296.2,296.48 1 1
orbyte/internal/platform/httpx/documents.go:296.48,297.36 1 1
orbyte/internal/platform/httpx/documents.go:297.36,298.12 1 0
orbyte/internal/platform/httpx/documents.go:300.3,301.10 2 1
orbyte/internal/platform/httpx/documents.go:301.10,303.12 2 0
orbyte/internal/platform/httpx/documents.go:305.3,305.106 1 1
orbyte/internal/platform/httpx/documents.go:305.106,306.12 1 0
orbyte/internal/platform/httpx/documents.go:308.3,308.23 1 1
orbyte/internal/platform/httpx/documents.go:308.23,324.25 2 1
orbyte/internal/platform/httpx/documents.go:324.25,325.13 1 0
orbyte/internal/platform/httpx/documents.go:328.3,328.32 1 1
orbyte/internal/platform/httpx/documents.go:330.2,330.24 1 1
orbyte/internal/platform/httpx/documents.go:330.24,333.3 2 1
orbyte/internal/platform/httpx/documents.go:334.2,335.15 2 1
orbyte/internal/platform/httpx/documents.go:338.165,339.40 1 1
orbyte/internal/platform/httpx/documents.go:339.40,340.39 1 1
orbyte/internal/platform/httpx/documents.go:340.39,341.12 1 0
orbyte/internal/platform/httpx/documents.go:343.3,343.58 1 1
orbyte/internal/platform/httpx/documents.go:343.58,344.46 1 1
orbyte/internal/platform/httpx/documents.go:344.46,345.13 1 0
orbyte/internal/platform/httpx/documents.go:347.4,347.103 1 1
orbyte/internal/platform/httpx/documents.go:347.103,349.5 1 0
orbyte/internal/platform/httpx/documents.go:350.4,350.24 1 1
orbyte/internal/platform/httpx/documents.go:350.24,352.5 1 0
orbyte/internal/platform/httpx/documents.go:353.4,366.27 2 1
orbyte/internal/platform/httpx/documents.go:369.2,369.13 1 0
orbyte/internal/platform/httpx/documents.go:372.89,373.22 1 1
orbyte/internal/platform/httpx/documents.go:373.22,375.3 1 0
orbyte/internal/platform/httpx/documents.go:376.2,388.25 2 1
orbyte/internal/platform/httpx/documents.go:391.74,392.16 1 1
orbyte/internal/platform/httpx/documents.go:392.16,394.3 1 0
orbyte/internal/platform/httpx/documents.go:395.2,397.66 3 1
orbyte/internal/platform/httpx/documents.go:400.50,402.2 1 1
orbyte/internal/platform/httpx/documents.go:404.53,406.48 2 1
orbyte/internal/platform/httpx/documents.go:406.48,408.3 1 0
orbyte/internal/platform/httpx/documents.go:409.2,409.23 1 1
orbyte/internal/platform/httpx/documents.go:412.53,414.73 2 1
orbyte/internal/platform/httpx/documents.go:414.73,416.3 1 0
orbyte/internal/platform/httpx/documents.go:417.2,417.23 1 1
orbyte/internal/platform/httpx/documents.go:420.64,422.76 2 1
orbyte/internal/platform/httpx/documents.go:422.76,424.3 1 1
orbyte/internal/platform/httpx/documents.go:425.2,425.33 1 1
orbyte/internal/platform/httpx/documents.go:428.58,429.54 1 1
orbyte/internal/platform/httpx/documents.go:430.37,431.31 1 1
orbyte/internal/platform/httpx/documents.go:432.32,433.26 1 1
orbyte/internal/platform/httpx/documents.go:434.10,435.29 1 1
orbyte/internal/platform/httpx/locale.go:11.72,12.77 1 1
orbyte/internal/platform/httpx/locale.go:12.77,15.22 3 1
orbyte/internal/platform/httpx/locale.go:15.22,16.85 1 1
orbyte/internal/platform/httpx/locale.go:16.85,18.21 2 1
orbyte/internal/platform/httpx/locale.go:18.21,19.79 1 1
orbyte/internal/platform/httpx/locale.go:19.79,22.7 2 0
orbyte/internal/platform/httpx/locale.go:24.10,27.5 2 1
orbyte/internal/platform/httpx/locale.go:29.3,32.5 1 1
orbyte/internal/platform/httpx/locale.go:36.73,37.18 1 1
orbyte/internal/platform/httpx/locale.go:37.18,38.84 1 1
orbyte/internal/platform/httpx/locale.go:38.84,39.63 1 1
orbyte/internal/platform/httpx/locale.go:39.63,41.5 1 1
orbyte/internal/platform/httpx/locale.go:44.2,44.28 1 1
orbyte/internal/platform/httpx/login_rate_limiter.go:16.105,21.30 1 1
orbyte/internal/platform/httpx/login_rate_limiter.go:21.30,21.57 1 1
orbyte/internal/platform/httpx/login_rate_limiter.go:25.51,26.68 1 1
orbyte/internal/platform/httpx/login_rate_limiter.go:26.68,28.3 1 0
orbyte/internal/platform/httpx/login_rate_limiter.go:29.2,31.79 3 1
orbyte/internal/platform/httpx/login_rate_limiter.go:34.51,35.68 1 1
orbyte/internal/platform/httpx/login_rate_limiter.go:35.68,37.3 1 0
orbyte/internal/platform/httpx/login_rate_limiter.go:38.2,40.42 3 1
orbyte/internal/platform/httpx/login_rate_limiter.go:43.46,44.32 1 1
orbyte/internal/platform/httpx/login_rate_limiter.go:44.32,46.3 1 0
orbyte/internal/platform/httpx/login_rate_limiter.go:47.2,47.37 1 1
orbyte/internal/platform/httpx/mcp.go:16.170,17.75 1 1
orbyte/internal/platform/httpx/mcp.go:17.75,18.20 1 1
orbyte/internal/platform/httpx/mcp.go:18.20,21.4 2 0
orbyte/internal/platform/httpx/mcp.go:22.3,22.38 1 1
orbyte/internal/platform/httpx/mcp.go:22.38,25.4 2 0
orbyte/internal/platform/httpx/mcp.go:26.3,27.10 2 1
orbyte/internal/platform/httpx/mcp.go:27.10,30.4 2 0
orbyte/internal/platform/httpx/mcp.go:31.3,32.62 2 1
orbyte/internal/platform/httpx/mcp.go:32.62,35.4 2 0
orbyte/internal/platform/httpx/mcp.go:36.3,40.55 1 1
orbyte/internal/platform/httpx/mcp.go:40.55,42.5 1 1
orbyte/internal/platform/httpx/mcp.go:44.3,44.72 1 1
orbyte/internal/platform/httpx/mcp.go:46.2,46.41 1 1
orbyte/internal/platform/httpx/mcp.go:46.41,48.3 1 0
orbyte/internal/platform/httpx/mcp.go:49.2,49.81 1 1
orbyte/internal/platform/httpx/mcp.go:49.81,50.43 1 1
orbyte/internal/platform/httpx/mcp.go:50.43,53.4 2 0
orbyte/internal/platform/httpx/mcp.go:54.3,54.38 1 1
orbyte/internal/platform/httpx/mcp.go:54.38,57.4 2 0
orbyte/internal/platform/httpx/mcp.go:58.3,59.10 2 1
orbyte/internal/platform/httpx/mcp.go:59.10,62.4 2 0
orbyte/internal/platform/httpx/mcp.go:63.3,63.64 1 1
orbyte/internal/platform/httpx/mcp.go:63.64,66.4 2 0
orbyte/internal/platform/httpx/mcp.go:67.3,68.10 2 1
orbyte/internal/platform/httpx/mcp.go:68.10,71.4 2 0
orbyte/internal/platform/httpx/mcp.go:72.3,76.40 4 1
orbyte/internal/platform/httpx/mcp.go:76.40,77.69 1 0
orbyte/internal/platform/httpx/mcp.go:77.69,79.5 1 0
orbyte/internal/platform/httpx/mcp.go:80.4,80.19 1 0
orbyte/internal/platform/httpx/mcp.go:81.9,81.73 1 1
orbyte/internal/platform/httpx/mcp.go:81.73,82.71 1 1
orbyte/internal/platform/httpx/mcp.go:82.71,84.5 1 0
orbyte/internal/platform/httpx/mcp.go:85.4,85.19 1 1
orbyte/internal/platform/httpx/mcp.go:88.3,93.7 5 1
orbyte/internal/platform/httpx/mcp.go:93.7,94.11 1 1
orbyte/internal/platform/httpx/mcp.go:95.30,96.11 1 1
orbyte/internal/platform/httpx/mcp.go:97.34,98.12 1 1
orbyte/internal/platform/httpx/mcp.go:98.12,100.6 1 0
orbyte/internal/platform/httpx/mcp.go:101.5,101.72 1 1
orbyte/internal/platform/httpx/mcp.go:101.72,103.6 1 0
orbyte/internal/platform/httpx/mcp.go:104.5,104.20 1 1
orbyte/internal/platform/httpx/mcp.go:105.31,106.123 1 0
orbyte/internal/platform/httpx/mcp.go:106.123,108.6 1 0
orbyte/internal/platform/httpx/mcp.go:109.5,109.20 1 0
orbyte/internal/platform/httpx/mcp.go:115.98,117.16 2 1
orbyte/internal/platform/httpx/mcp.go:117.16,119.3 1 0
orbyte/internal/platform/httpx/mcp.go:120.2,121.12 2 1
orbyte/internal/platform/httpx/model_security.go:13.169,14.26 1 1
orbyte/internal/platform/httpx/model_security.go:14.26,16.3 1 0
orbyte/internal/platform/httpx/model_security.go:17.2,23.54 1 1
orbyte/internal/platform/httpx/model_security.go:23.54,24.46 1 1
orbyte/internal/platform/httpx/model_security.go:24.46,26.5 1 0
orbyte/internal/platform/httpx/model_security.go:27.4,27.41 1 1
orbyte/internal/platform/httpx/model_security.go:27.41,29.5 1 0
orbyte/internal/platform/httpx/model_security.go:30.4,30.87 1 1
orbyte/internal/platform/httpx/model_security.go:35.175,36.26 1 1
orbyte/internal/platform/httpx/model_security.go:36.26,38.3 1 0
orbyte/internal/platform/httpx/model_security.go:39.2,39.109 1 1
orbyte/internal/platform/httpx/model_security.go:42.181,43.26 1 1
orbyte/internal/platform/httpx/model_security.go:43.26,45.3 1 0
orbyte/internal/platform/httpx/model_security.go:46.2,46.111 1 1
orbyte/internal/platform/httpx/model_security.go:49.175,50.26 1 1
orbyte/internal/platform/httpx/model_security.go:50.26,52.3 1 0
orbyte/internal/platform/httpx/model_security.go:53.2,53.113 1 1
orbyte/internal/platform/httpx/model_security.go:56.171,57.26 1 1
orbyte/internal/platform/httpx/model_security.go:57.26,59.3 1 0
orbyte/internal/platform/httpx/model_security.go:60.2,61.33 2 1
orbyte/internal/platform/httpx/model_security.go:61.33,62.16 1 1
orbyte/internal/platform/httpx/model_security.go:62.16,63.12 1 0
orbyte/internal/platform/httpx/model_security.go:65.3,66.10 2 1
orbyte/internal/platform/httpx/model_security.go:66.10,67.12 1 1
orbyte/internal/platform/httpx/model_security.go:69.3,69.22 1 1
orbyte/internal/platform/httpx/model_security.go:69.22,71.4 1 0
orbyte/internal/platform/httpx/model_security.go:73.2,73.25 1 1
orbyte/internal/platform/httpx/model_security.go:73.25,74.73 1 0
orbyte/internal/platform/httpx/model_security.go:74.73,76.4 1 0
orbyte/internal/platform/httpx/model_security.go:78.2,78.12 1 1
orbyte/internal/platform/httpx/model_security.go:81.232,84.26 3 1
orbyte/internal/platform/httpx/model_security.go:84.26,85.36 1 0
orbyte/internal/platform/httpx/model_security.go:85.36,87.36 2 0
orbyte/internal/platform/httpx/model_security.go:87.36,88.13 1 0
orbyte/internal/platform/httpx/model_security.go:90.4,90.46 1 0
orbyte/internal/platform/httpx/model_security.go:93.2,93.33 1 1
orbyte/internal/platform/httpx/model_security.go:93.33,95.34 2 1
orbyte/internal/platform/httpx/model_security.go:95.34,97.4 1 1
orbyte/internal/platform/httpx/model_security.go:99.2,99.39 1 1
orbyte/internal/platform/httpx/model_security.go:99.39,101.34 2 1
orbyte/internal/platform/httpx/model_security.go:101.34,103.4 1 0
orbyte/internal/platform/httpx/model_security.go:105.2,106.24 2 1
orbyte/internal/platform/httpx/model_security.go:106.24,108.3 1 0
orbyte/internal/platform/httpx/model_security.go:109.2,109.31 1 1
orbyte/internal/platform/httpx/model_security.go:109.31,111.22 2 1
orbyte/internal/platform/httpx/model_security.go:111.22,112.12 1 1
orbyte/internal/platform/httpx/model_security.go:114.3,116.34 3 0
orbyte/internal/platform/httpx/model_security.go:116.34,118.4 1 0
orbyte/internal/platform/httpx/model_security.go:120.2,120.52 1 1
orbyte/internal/platform/httpx/model_security.go:123.272,126.26 3 0
orbyte/internal/platform/httpx/model_security.go:126.26,127.39 1 0
orbyte/internal/platform/httpx/model_security.go:127.39,129.35 2 0
orbyte/internal/platform/httpx/model_security.go:129.35,130.13 1 0
orbyte/internal/platform/httpx/model_security.go:132.4,132.45 1 0
orbyte/internal/platform/httpx/model_security.go:135.2,135.33 1 0
orbyte/internal/platform/httpx/model_security.go:135.33,137.10 2 0
orbyte/internal/platform/httpx/model_security.go:137.10,138.12 1 0
orbyte/internal/platform/httpx/model_security.go:140.3,141.34 2 0
orbyte/internal/platform/httpx/model_security.go:141.34,143.4 1 0
orbyte/internal/platform/httpx/model_security.go:145.2,146.24 2 0
orbyte/internal/platform/httpx/model_security.go:146.24,147.37 1 0
orbyte/internal/platform/httpx/model_security.go:147.37,148.66 1 0
orbyte/internal/platform/httpx/model_security.go:148.66,150.13 2 0
orbyte/internal/platform/httpx/model_security.go:152.4,153.35 2 0
orbyte/internal/platform/httpx/model_security.go:153.35,154.13 1 0
orbyte/internal/platform/httpx/model_security.go:156.4,156.41 1 0
orbyte/internal/platform/httpx/model_security.go:158.3,158.25 1 0
orbyte/internal/platform/httpx/model_security.go:158.25,160.4 1 0
orbyte/internal/platform/httpx/model_security.go:162.2,162.31 1 0
orbyte/internal/platform/httpx/model_security.go:162.31,164.78 2 0
orbyte/internal/platform/httpx/model_security.go:164.78,165.12 1 0
orbyte/internal/platform/httpx/model_security.go:167.3,168.34 2 0
orbyte/internal/platform/httpx/model_security.go:168.34,170.4 1 0
orbyte/internal/platform/httpx/model_security.go:172.2,172.39 1 0
orbyte/internal/platform/httpx/model_security.go:172.39,174.10 2 0
orbyte/internal/platform/httpx/model_security.go:174.10,175.12 1 0
orbyte/internal/platform/httpx/model_security.go:177.3,178.34 2 0
orbyte/internal/platform/httpx/model_security.go:178.34,180.4 1 0
orbyte/internal/platform/httpx/model_security.go:182.2,182.52 1 0
orbyte/internal/platform/httpx/model_security.go:185.106,186.38 1 0
orbyte/internal/platform/httpx/model_security.go:186.38,187.41 1 0
orbyte/internal/platform/httpx/model_security.go:187.41,189.4 1 0
orbyte/internal/platform/httpx/model_security.go:191.2,191.47 1 0
orbyte/internal/platform/httpx/model_security.go:194.102,195.36 1 0
orbyte/internal/platform/httpx/model_security.go:195.36,196.41 1 0
orbyte/internal/platform/httpx/model_security.go:196.41,198.4 1 0
orbyte/internal/platform/httpx/model_security.go:200.2,200.45 1 0
orbyte/internal/platform/httpx/model_security.go:203.45,204.31 1 1
orbyte/internal/platform/httpx/model_security.go:204.31,205.37 1 1
orbyte/internal/platform/httpx/model_security.go:205.37,207.4 1 1
orbyte/internal/platform/httpx/model_security.go:209.2,209.11 1 0
orbyte/internal/platform/httpx/models.go:17.222,18.79 1 1
orbyte/internal/platform/httpx/models.go:18.79,19.118 1 1
orbyte/internal/platform/httpx/models.go:19.118,21.14 2 1
orbyte/internal/platform/httpx/models.go:21.14,24.5 2 0
orbyte/internal/platform/httpx/models.go:25.4,26.43 2 1
orbyte/internal/platform/httpx/models.go:26.43,27.36 1 1
orbyte/internal/platform/httpx/models.go:27.36,28.14 1 0
orbyte/internal/platform/httpx/models.go:30.5,30.130 1 1
orbyte/internal/platform/httpx/models.go:30.130,32.6 1 1
orbyte/internal/platform/httpx/models.go:33.5,33.10 1 1
orbyte/internal/platform/httpx/models.go:35.4,36.11 2 1
orbyte/internal/platform/httpx/models.go:36.11,38.5 1 0
orbyte/internal/platform/httpx/models.go:39.4,42.63 2 1
orbyte/internal/platform/httpx/models.go:42.63,45.5 2 0
orbyte/internal/platform/httpx/models.go:46.4,46.72 1 1
orbyte/internal/platform/httpx/models.go:46.72,47.107 1 1
orbyte/internal/platform/httpx/models.go:47.107,50.6 2 0
orbyte/internal/platform/httpx/models.go:52.4,56.27 2 1
orbyte/internal/platform/httpx/models.go:56.27,59.52 3 1
orbyte/internal/platform/httpx/models.go:59.52,61.6 1 1
orbyte/internal/platform/httpx/models.go:62.10,64.5 1 0
orbyte/internal/platform/httpx/models.go:65.4,65.18 1 1
orbyte/internal/platform/httpx/models.go:65.18,68.5 2 0
orbyte/internal/platform/httpx/models.go:69.4,69.27 1 1
orbyte/internal/platform/httpx/models.go:69.27,71.5 1 0
orbyte/internal/platform/httpx/models.go:72.4,72.72 1 1
orbyte/internal/platform/httpx/models.go:72.72,74.5 1 1
orbyte/internal/platform/httpx/models.go:75.4,76.10 2 1
orbyte/internal/platform/httpx/models.go:79.3,80.28 2 1
orbyte/internal/platform/httpx/models.go:80.28,83.4 2 0
orbyte/internal/platform/httpx/models.go:84.3,85.13 2 1
orbyte/internal/platform/httpx/models.go:85.13,88.4 2 0
orbyte/internal/platform/httpx/models.go:89.3,90.10 2 1
orbyte/internal/platform/httpx/models.go:90.10,92.4 1 0
orbyte/internal/platform/httpx/models.go:93.3,94.62 2 1
orbyte/internal/platform/httpx/models.go:94.62,97.4 2 0
orbyte/internal/platform/httpx/models.go:98.3,98.99 1 1
orbyte/internal/platform/httpx/models.go:98.99,101.4 2 1
orbyte/internal/platform/httpx/models.go:102.3,107.26 2 1
orbyte/internal/platform/httpx/models.go:107.26,109.4 1 1
orbyte/internal/platform/httpx/models.go:109.9,111.4 1 0
orbyte/internal/platform/httpx/models.go:112.3,112.17 1 1
orbyte/internal/platform/httpx/models.go:112.17,115.4 2 0
orbyte/internal/platform/httpx/models.go:116.3,116.26 1 1
orbyte/internal/platform/httpx/models.go:116.26,118.4 1 0
orbyte/internal/platform/httpx/models.go:119.3,121.91 3 1
orbyte/internal/platform/httpx/models.go:124.2,124.78 1 1
orbyte/internal/platform/httpx/models.go:124.78,125.118 1 1
orbyte/internal/platform/httpx/models.go:125.118,127.14 2 1
orbyte/internal/platform/httpx/models.go:127.14,130.5 2 0
orbyte/internal/platform/httpx/models.go:131.4,132.11 2 1
orbyte/internal/platform/httpx/models.go:132.11,134.5 1 0
orbyte/internal/platform/httpx/models.go:135.4,137.101 3 1
orbyte/internal/platform/httpx/models.go:137.101,140.5 2 0
orbyte/internal/platform/httpx/models.go:141.4,142.18 2 1
orbyte/internal/platform/httpx/models.go:142.18,145.5 2 0
orbyte/internal/platform/httpx/models.go:146.4,148.10 3 1
orbyte/internal/platform/httpx/models.go:150.3,151.10 2 1
orbyte/internal/platform/httpx/models.go:151.10,154.4 2 0
orbyte/internal/platform/httpx/models.go:155.3,156.13 2 1
orbyte/internal/platform/httpx/models.go:156.13,159.4 2 0
orbyte/internal/platform/httpx/models.go:160.3,160.21 1 1
orbyte/internal/platform/httpx/models.go:160.21,162.11 2 1
orbyte/internal/platform/httpx/models.go:162.11,164.5 1 0
orbyte/internal/platform/httpx/models.go:165.4,166.95 2 1
orbyte/internal/platform/httpx/models.go:166.95,169.5 2 0
orbyte/internal/platform/httpx/models.go:170.4,171.18 2 1
orbyte/internal/platform/httpx/models.go:171.18,174.5 2 0
orbyte/internal/platform/httpx/models.go:175.4,178.10 4 1
orbyte/internal/platform/httpx/models.go:180.3,181.10 2 1
orbyte/internal/platform/httpx/models.go:181.10,183.4 1 0
orbyte/internal/platform/httpx/models.go:184.3,185.17 2 1
orbyte/internal/platform/httpx/models.go:185.17,188.4 2 0
orbyte/internal/platform/httpx/models.go:189.3,198.5 3 1
orbyte/internal/platform/httpx/models.go:201.2,201.78 1 1
orbyte/internal/platform/httpx/models.go:201.78,203.28 2 1
orbyte/internal/platform/httpx/models.go:203.28,206.4 2 0
orbyte/internal/platform/httpx/models.go:207.3,208.13 2 1
orbyte/internal/platform/httpx/models.go:208.13,211.4 2 0
orbyte/internal/platform/httpx/models.go:212.3,213.10 2 1
orbyte/internal/platform/httpx/models.go:213.10,215.4 1 0
orbyte/internal/platform/httpx/models.go:216.3,217.62 2 1
orbyte/internal/platform/httpx/models.go:217.62,220.4 2 0
orbyte/internal/platform/httpx/models.go:221.3,221.99 1 1
orbyte/internal/platform/httpx/models.go:221.99,224.4 2 0
orbyte/internal/platform/httpx/models.go:225.3,230.26 2 1
orbyte/internal/platform/httpx/models.go:230.26,232.4 1 1
orbyte/internal/platform/httpx/models.go:232.9,234.4 1 0
orbyte/internal/platform/httpx/models.go:235.3,235.17 1 1
orbyte/internal/platform/httpx/models.go:235.17,238.4 2 0
orbyte/internal/platform/httpx/models.go:239.3,239.26 1 1
orbyte/internal/platform/httpx/models.go:239.26,241.4 1 0
orbyte/internal/platform/httpx/models.go:242.3,244.86 3 1
orbyte/internal/platform/httpx/models.go:247.2,247.88 1 1
orbyte/internal/platform/httpx/models.go:247.88,248.102 1 0
orbyte/internal/platform/httpx/models.go:248.102,250.4 1 0
orbyte/internal/platform/httpx/models.go:251.3,253.41 3 0
orbyte/internal/platform/httpx/models.go:253.41,256.4 2 0
orbyte/internal/platform/httpx/models.go:257.3,257.100 1 0
orbyte/internal/platform/httpx/models.go:261.220,264.41 3 1
orbyte/internal/platform/httpx/models.go:264.41,265.70 1 1
orbyte/internal/platform/httpx/models.go:265.70,267.4 1 1
orbyte/internal/platform/httpx/models.go:268.3,268.40 1 1
orbyte/internal/platform/httpx/models.go:268.40,270.12 2 1
orbyte/internal/platform/httpx/models.go:272.3,273.17 2 1
orbyte/internal/platform/httpx/models.go:273.17,274.12 1 0
orbyte/internal/platform/httpx/models.go:276.3,277.32 2 1
orbyte/internal/platform/httpx/models.go:277.32,279.4 1 1
orbyte/internal/platform/httpx/models.go:280.3,280.35 1 1
orbyte/internal/platform/httpx/models.go:282.2,282.20 1 1
orbyte/internal/platform/httpx/models.go:285.215,286.48 1 1
orbyte/internal/platform/httpx/models.go:286.48,288.3 1 1
orbyte/internal/platform/httpx/models.go:289.2,290.23 2 1
orbyte/internal/platform/httpx/models.go:290.23,292.3 1 0
orbyte/internal/platform/httpx/models.go:293.2,294.34 2 1
orbyte/internal/platform/httpx/models.go:294.34,296.3 1 1
orbyte/internal/platform/httpx/models.go:297.2,299.9 3 1
orbyte/internal/platform/httpx/models.go:299.9,301.3 1 0
orbyte/internal/platform/httpx/models.go:302.2,303.41 2 1
orbyte/internal/platform/httpx/models.go:303.41,305.17 2 0
orbyte/internal/platform/httpx/models.go:305.17,306.12 1 0
orbyte/internal/platform/httpx/models.go:308.3,309.30 2 0
orbyte/internal/platform/httpx/models.go:309.30,311.4 1 0
orbyte/internal/platform/httpx/models.go:312.3,312.35 1 0
orbyte/internal/platform/httpx/models.go:314.2,315.13 2 1
orbyte/internal/platform/httpx/models.go:318.114,319.41 1 1
orbyte/internal/platform/httpx/models.go:319.41,320.34 1 1
orbyte/internal/platform/httpx/models.go:320.34,321.12 1 0
orbyte/internal/platform/httpx/models.go:323.3,323.52 1 1
orbyte/internal/platform/httpx/models.go:325.2,325.34 1 0
orbyte/internal/platform/httpx/models.go:328.228,329.23 1 1
orbyte/internal/platform/httpx/models.go:329.23,331.3 1 1
orbyte/internal/platform/httpx/models.go:332.2,333.42 2 1
orbyte/internal/platform/httpx/models.go:333.42,335.10 2 1
orbyte/internal/platform/httpx/models.go:335.10,337.12 2 0
orbyte/internal/platform/httpx/models.go:339.3,339.94 1 1
orbyte/internal/platform/httpx/models.go:341.2,341.12 1 1
orbyte/internal/platform/httpx/models.go:344.77,346.43 2 1
orbyte/internal/platform/httpx/models.go:346.43,348.3 1 1
orbyte/internal/platform/httpx/models.go:349.2,349.14 1 1
orbyte/internal/platform/httpx/models.go:352.52,355.44 3 1
orbyte/internal/platform/httpx/models.go:355.44,357.3 1 0
orbyte/internal/platform/httpx/models.go:358.2,358.21 1 1
orbyte/internal/platform/httpx/models.go:358.21,360.3 1 1
orbyte/internal/platform/httpx/models.go:361.2,361.33 1 1
orbyte/internal/platform/httpx/models.go:364.68,367.72 3 1
orbyte/internal/platform/httpx/models.go:367.72,369.3 1 1
orbyte/internal/platform/httpx/models.go:370.2,370.43 1 1
orbyte/internal/platform/httpx/models.go:373.49,393.41 3 1
orbyte/internal/platform/httpx/models.go:393.41,394.23 1 1
orbyte/internal/platform/httpx/models.go:394.23,395.12 1 0
orbyte/internal/platform/httpx/models.go:397.3,397.37 1 1
orbyte/internal/platform/httpx/models.go:397.37,398.12 1 1
orbyte/internal/platform/httpx/models.go:400.3,400.46 1 0
orbyte/internal/platform/httpx/models.go:402.2,407.3 1 1
orbyte/internal/platform/httpx/models.go:410.62,412.15 2 1
orbyte/internal/platform/httpx/models.go:412.15,414.3 1 1
orbyte/internal/platform/httpx/models.go:415.2,416.27 2 0
orbyte/internal/platform/httpx/models.go:416.27,417.31 1 0
orbyte/internal/platform/httpx/models.go:417.31,419.4 1 0
orbyte/internal/platform/httpx/models.go:420.3,420.31 1 0
orbyte/internal/platform/httpx/models.go:422.2,422.14 1 0
orbyte/internal/platform/httpx/models.go:422.14,424.3 1 0
orbyte/internal/platform/httpx/models.go:425.2,425.12 1 0
orbyte/internal/platform/httpx/navigation.go:10.151,12.33 2 1
orbyte/internal/platform/httpx/navigation.go:12.33,13.64 1 1
orbyte/internal/platform/httpx/navigation.go:13.64,15.4 1 1
orbyte/internal/platform/httpx/navigation.go:17.2,17.34 1 1
orbyte/internal/platform/httpx/navigation.go:17.34,21.5 1 1
orbyte/internal/platform/httpx/navigation.go:21.5,23.23 2 1
orbyte/internal/platform/httpx/navigation.go:23.23,24.13 1 1
orbyte/internal/platform/httpx/navigation.go:26.4,26.39 1 1
orbyte/internal/platform/httpx/navigation.go:26.39,28.5 1 1
orbyte/internal/platform/httpx/navigation.go:31.2,31.21 1 1
orbyte/internal/platform/httpx/navigation.go:31.21,33.3 1 0
orbyte/internal/platform/httpx/navigation.go:34.2,34.33 1 1
orbyte/internal/platform/httpx/navigation.go:34.33,35.39 1 1
orbyte/internal/platform/httpx/navigation.go:35.39,37.4 1 1
orbyte/internal/platform/httpx/navigation.go:39.2,39.11 1 0
orbyte/internal/platform/httpx/offline.go:53.294,54.88 1 1
orbyte/internal/platform/httpx/offline.go:54.88,56.10 2 1
orbyte/internal/platform/httpx/offline.go:56.10,58.4 1 0
orbyte/internal/platform/httpx/offline.go:59.3,60.41 2 1
orbyte/internal/platform/httpx/offline.go:60.41,62.4 1 1
orbyte/internal/platform/httpx/offline.go:63.3,67.43 5 1
orbyte/internal/platform/httpx/offline.go:70.2,70.99 1 1
orbyte/internal/platform/httpx/offline.go:70.99,72.10 2 1
orbyte/internal/platform/httpx/offline.go:72.10,74.4 1 0
orbyte/internal/platform/httpx/offline.go:75.3,76.62 2 1
orbyte/internal/platform/httpx/offline.go:76.62,79.4 2 0
orbyte/internal/platform/httpx/offline.go:80.3,81.10 2 1
orbyte/internal/platform/httpx/offline.go:81.10,84.4 2 0
orbyte/internal/platform/httpx/offline.go:85.3,85.61 1 1
orbyte/internal/platform/httpx/offline.go:85.61,88.4 2 0
orbyte/internal/platform/httpx/offline.go:89.3,91.17 3 1
orbyte/internal/platform/httpx/offline.go:91.17,94.4 2 0
orbyte/internal/platform/httpx/offline.go:95.3,95.37 1 1
orbyte/internal/platform/httpx/offline.go:98.2,98.100 1 1
orbyte/internal/platform/httpx/offline.go:98.100,100.10 2 1
orbyte/internal/platform/httpx/offline.go:100.10,102.4 1 0
orbyte/internal/platform/httpx/offline.go:103.3,109.62 2 1
orbyte/internal/platform/httpx/offline.go:109.62,112.4 2 0
orbyte/internal/platform/httpx/offline.go:113.3,114.10 2 1
orbyte/internal/platform/httpx/offline.go:114.10,117.4 2 0
orbyte/internal/platform/httpx/offline.go:118.3,118.61 1 1
orbyte/internal/platform/httpx/offline.go:118.61,121.4 2 0
orbyte/internal/platform/httpx/offline.go:122.3,125.17 4 1
orbyte/internal/platform/httpx/offline.go:125.17,128.4 2 0
orbyte/internal/platform/httpx/offline.go:129.3,129.37 1 1
orbyte/internal/platform/httpx/offline.go:132.2,132.84 1 1
orbyte/internal/platform/httpx/offline.go:132.84,134.10 2 1
orbyte/internal/platform/httpx/offline.go:134.10,136.4 1 0
orbyte/internal/platform/httpx/offline.go:137.3,138.62 2 1
orbyte/internal/platform/httpx/offline.go:138.62,141.4 2 0
orbyte/internal/platform/httpx/offline.go:142.3,143.34 2 1
orbyte/internal/platform/httpx/offline.go:143.34,144.68 1 1
orbyte/internal/platform/httpx/offline.go:144.68,146.13 2 0
orbyte/internal/platform/httpx/offline.go:148.4,149.33 2 1
orbyte/internal/platform/httpx/offline.go:149.33,151.5 1 1
orbyte/internal/platform/httpx/offline.go:152.4,152.37 1 1
orbyte/internal/platform/httpx/offline.go:154.3,154.66 1 1
orbyte/internal/platform/httpx/offline.go:158.302,166.21 2 1
orbyte/internal/platform/httpx/offline.go:167.18,168.100 1 1
orbyte/internal/platform/httpx/offline.go:169.15,170.101 1 0
orbyte/internal/platform/httpx/offline.go:171.10,173.16 2 0
orbyte/internal/platform/httpx/offline.go:177.274,179.9 2 1
orbyte/internal/platform/httpx/offline.go:179.9,182.3 2 0
orbyte/internal/platform/httpx/offline.go:183.2,183.43 1 1
orbyte/internal/platform/httpx/offline.go:184.16,186.36 2 1
orbyte/internal/platform/httpx/offline.go:186.36,188.4 1 1
orbyte/internal/platform/httpx/offline.go:189.3,189.46 1 1
orbyte/internal/platform/httpx/offline.go:189.46,193.4 3 0
orbyte/internal/platform/httpx/offline.go:194.3,204.108 3 1
orbyte/internal/platform/httpx/offline.go:204.108,207.4 2 0
orbyte/internal/platform/httpx/offline.go:208.3,209.17 2 1
orbyte/internal/platform/httpx/offline.go:209.17,212.4 2 0
orbyte/internal/platform/httpx/offline.go:213.3,217.16 5 1
orbyte/internal/platform/httpx/offline.go:218.16,220.36 2 1
orbyte/internal/platform/httpx/offline.go:220.36,222.4 1 1
orbyte/internal/platform/httpx/offline.go:223.3,223.46 1 1
orbyte/internal/platform/httpx/offline.go:223.46,227.4 3 0
orbyte/internal/platform/httpx/offline.go:228.3,229.17 2 1
orbyte/internal/platform/httpx/offline.go:229.17,232.4 2 0
orbyte/internal/platform/httpx/offline.go:233.3,233.106 1 1
orbyte/internal/platform/httpx/offline.go:233.106,236.4 2 0
orbyte/internal/platform/httpx/offline.go:237.3,238.24 2 1
orbyte/internal/platform/httpx/offline.go:238.24,240.4 1 1
orbyte/internal/platform/httpx/offline.go:240.9,243.4 2 0
orbyte/internal/platform/httpx/offline.go:244.3,244.17 1 1
orbyte/internal/platform/httpx/offline.go:244.17,252.4 2 1
orbyte/internal/platform/httpx/offline.go:253.3,257.16 5 0
orbyte/internal/platform/httpx/offline.go:258.10,260.16 2 0
orbyte/internal/platform/httpx/offline.go:264.269,266.9 2 0
orbyte/internal/platform/httpx/offline.go:266.9,269.3 2 0
orbyte/internal/platform/httpx/offline.go:270.2,271.9 2 0
orbyte/internal/platform/httpx/offline.go:271.9,274.3 2 0
orbyte/internal/platform/httpx/offline.go:275.2,275.43 1 0
orbyte/internal/platform/httpx/offline.go:276.16,278.36 2 0
orbyte/internal/platform/httpx/offline.go:278.36,280.4 1 0
orbyte/internal/platform/httpx/offline.go:281.3,281.46 1 0
orbyte/internal/platform/httpx/offline.go:281.46,285.4 3 0
orbyte/internal/platform/httpx/offline.go:286.3,286.105 1 0
orbyte/internal/platform/httpx/offline.go:286.105,289.4 2 0
orbyte/internal/platform/httpx/offline.go:290.3,292.26 3 0
orbyte/internal/platform/httpx/offline.go:292.26,294.4 1 0
orbyte/internal/platform/httpx/offline.go:294.9,296.4 1 0
orbyte/internal/platform/httpx/offline.go:297.3,297.17 1 0
orbyte/internal/platform/httpx/offline.go:297.17,300.4 2 0
orbyte/internal/platform/httpx/offline.go:301.3,304.16 4 0
orbyte/internal/platform/httpx/offline.go:305.16,307.36 2 0
orbyte/internal/platform/httpx/offline.go:307.36,309.4 1 0
orbyte/internal/platform/httpx/offline.go:310.3,310.46 1 0
orbyte/internal/platform/httpx/offline.go:310.46,314.4 3 0
orbyte/internal/platform/httpx/offline.go:315.3,316.17 2 0
orbyte/internal/platform/httpx/offline.go:316.17,319.4 2 0
orbyte/internal/platform/httpx/offline.go:320.3,320.105 1 0
orbyte/internal/platform/httpx/offline.go:320.105,323.4 2 0
orbyte/internal/platform/httpx/offline.go:324.3,330.26 3 0
orbyte/internal/platform/httpx/offline.go:330.26,332.4 1 0
orbyte/internal/platform/httpx/offline.go:332.9,334.4 1 0
orbyte/internal/platform/httpx/offline.go:335.3,335.17 1 0
orbyte/internal/platform/httpx/offline.go:335.17,341.4 2 0
orbyte/internal/platform/httpx/offline.go:342.3,345.16 4 0
orbyte/internal/platform/httpx/offline.go:346.10,348.16 2 0
orbyte/internal/platform/httpx/offline.go:352.94,353.37 1 1
orbyte/internal/platform/httpx/offline.go:353.37,356.3 2 0
orbyte/internal/platform/httpx/offline.go:357.2,358.9 2 1
orbyte/internal/platform/httpx/offline.go:358.9,361.3 2 0
orbyte/internal/platform/httpx/offline.go:362.2,362.16 1 1
orbyte/internal/platform/httpx/offline.go:365.70,366.41 1 1
orbyte/internal/platform/httpx/offline.go:366.41,368.3 1 1
orbyte/internal/platform/httpx/offline.go:369.2,369.47 1 1
orbyte/internal/platform/httpx/offline.go:372.120,374.34 2 1
orbyte/internal/platform/httpx/offline.go:374.34,375.46 1 1
orbyte/internal/platform/httpx/offline.go:375.46,380.4 4 1
orbyte/internal/platform/httpx/offline.go:381.3,382.16 2 0
orbyte/internal/platform/httpx/offline.go:384.2,385.15 2 0
orbyte/internal/platform/httpx/offline.go:388.75,393.2 4 1
orbyte/internal/platform/httpx/ops.go:23.363,24.87 1 1
orbyte/internal/platform/httpx/ops.go:24.87,25.86 1 1
orbyte/internal/platform/httpx/ops.go:25.86,27.4 1 0
orbyte/internal/platform/httpx/ops.go:28.3,28.74 1 1
orbyte/internal/platform/httpx/ops.go:31.2,31.81 1 1
orbyte/internal/platform/httpx/ops.go:31.81,32.88 1 1
orbyte/internal/platform/httpx/ops.go:32.88,34.4 1 0
orbyte/internal/platform/httpx/ops.go:35.3,35.83 1 1
orbyte/internal/platform/httpx/ops.go:38.2,38.92 1 1
orbyte/internal/platform/httpx/ops.go:38.92,39.88 1 0
orbyte/internal/platform/httpx/ops.go:39.88,41.4 1 0
orbyte/internal/platform/httpx/ops.go:42.3,42.87 1 0
orbyte/internal/platform/httpx/ops.go:45.2,45.91 1 1
orbyte/internal/platform/httpx/ops.go:45.91,46.96 1 1
orbyte/internal/platform/httpx/ops.go:46.96,48.4 1 0
orbyte/internal/platform/httpx/ops.go:49.3,50.17 2 1
orbyte/internal/platform/httpx/ops.go:50.17,53.4 2 0
orbyte/internal/platform/httpx/ops.go:54.3,54.69 1 1
orbyte/internal/platform/httpx/ops.go:57.2,57.83 1 1
orbyte/internal/platform/httpx/ops.go:57.83,59.10 2 0
orbyte/internal/platform/httpx/ops.go:59.10,62.4 2 0
orbyte/internal/platform/httpx/ops.go:63.3,63.96 1 0
orbyte/internal/platform/httpx/ops.go:63.96,65.4 1 0
orbyte/internal/platform/httpx/ops.go:66.3,66.17 1 0
orbyte/internal/platform/httpx/ops.go:67.16,69.18 2 0
orbyte/internal/platform/httpx/ops.go:69.18,72.5 2 0
orbyte/internal/platform/httpx/ops.go:73.4,73.39 1 0
orbyte/internal/platform/httpx/ops.go:74.11,75.63 1 0
orbyte/internal/platform/httpx/ops.go:79.2,79.94 1 1
orbyte/internal/platform/httpx/ops.go:79.94,81.10 2 0
orbyte/internal/platform/httpx/ops.go:81.10,84.4 2 0
orbyte/internal/platform/httpx/ops.go:85.3,85.96 1 0
orbyte/internal/platform/httpx/ops.go:85.96,87.4 1 0
orbyte/internal/platform/httpx/ops.go:88.3,88.17 1 0
orbyte/internal/platform/httpx/ops.go:89.16,91.18 2 0
orbyte/internal/platform/httpx/ops.go:91.18,94.5 2 0
orbyte/internal/platform/httpx/ops.go:95.4,95.39 1 0
orbyte/internal/platform/httpx/ops.go:96.11,97.72 1 0
orbyte/internal/platform/httpx/ops.go:101.2,101.88 1 1
orbyte/internal/platform/httpx/ops.go:101.88,102.86 1 1
orbyte/internal/platform/httpx/ops.go:102.86,104.4 1 0
orbyte/internal/platform/httpx/ops.go:105.3,105.83 1 1
orbyte/internal/platform/httpx/ops.go:108.2,108.87 1 1
orbyte/internal/platform/httpx/ops.go:108.87,109.96 1 1
orbyte/internal/platform/httpx/ops.go:109.96,111.4 1 0
orbyte/internal/platform/httpx/ops.go:112.3,112.88 1 1
orbyte/internal/platform/httpx/ops.go:115.2,115.80 1 1
orbyte/internal/platform/httpx/ops.go:115.80,116.96 1 1
orbyte/internal/platform/httpx/ops.go:116.96,118.4 1 0
orbyte/internal/platform/httpx/ops.go:119.3,120.20 2 1
orbyte/internal/platform/httpx/ops.go:120.20,122.4 1 1
orbyte/internal/platform/httpx/ops.go:123.3,123.20 1 1
orbyte/internal/platform/httpx/ops.go:123.20,128.4 1 1
orbyte/internal/platform/httpx/ops.go:129.3,133.41 2 1
orbyte/internal/platform/httpx/ops.go:136.2,136.81 1 1
orbyte/internal/platform/httpx/ops.go:136.81,138.10 2 1
orbyte/internal/platform/httpx/ops.go:138.10,141.4 2 0
orbyte/internal/platform/httpx/ops.go:142.3,142.96 1 1
orbyte/internal/platform/httpx/ops.go:142.96,144.4 1 0
orbyte/internal/platform/httpx/ops.go:145.3,145.20 1 1
orbyte/internal/platform/httpx/ops.go:145.20,148.4 2 0
orbyte/internal/platform/httpx/ops.go:149.3,149.17 1 1
orbyte/internal/platform/httpx/ops.go:150.18,152.18 2 1
orbyte/internal/platform/httpx/ops.go:152.18,155.5 2 0
orbyte/internal/platform/httpx/ops.go:156.4,156.39 1 1
orbyte/internal/platform/httpx/ops.go:157.11,158.60 1 0
orbyte/internal/platform/httpx/ops.go:162.2,162.78 1 1
orbyte/internal/platform/httpx/ops.go:162.78,163.90 1 1
orbyte/internal/platform/httpx/ops.go:163.90,165.4 1 1
orbyte/internal/platform/httpx/ops.go:166.3,168.20 3 1
orbyte/internal/platform/httpx/ops.go:168.20,170.4 1 1
orbyte/internal/platform/httpx/ops.go:171.3,171.31 1 1
orbyte/internal/platform/httpx/ops.go:174.2,174.84 1 1
orbyte/internal/platform/httpx/ops.go:174.84,175.96 1 1
orbyte/internal/platform/httpx/ops.go:175.96,177.4 1 1
orbyte/internal/platform/httpx/ops.go:178.3,178.57 1 1
orbyte/internal/platform/httpx/ops.go:181.2,181.84 1 1
orbyte/internal/platform/httpx/ops.go:181.84,182.94 1 1
orbyte/internal/platform/httpx/ops.go:182.94,184.4 1 0
orbyte/internal/platform/httpx/ops.go:185.3,185.57 1 1
orbyte/internal/platform/httpx/ops.go:188.2,188.95 1 1
orbyte/internal/platform/httpx/ops.go:188.95,189.114 1 1
orbyte/internal/platform/httpx/ops.go:189.114,191.4 1 0
orbyte/internal/platform/httpx/ops.go:192.3,193.17 2 1
orbyte/internal/platform/httpx/ops.go:193.17,196.4 2 0
orbyte/internal/platform/httpx/ops.go:197.3,197.47 1 1
orbyte/internal/platform/httpx/ops.go:200.2,200.94 1 1
orbyte/internal/platform/httpx/ops.go:200.94,201.94 1 1
orbyte/internal/platform/httpx/ops.go:201.94,203.4 1 0
orbyte/internal/platform/httpx/ops.go:204.3,204.87 1 1
orbyte/internal/platform/httpx/ops.go:207.2,207.91 1 1
orbyte/internal/platform/httpx/ops.go:207.91,208.94 1 1
orbyte/internal/platform/httpx/ops.go:208.94,210.4 1 0
orbyte/internal/platform/httpx/ops.go:211.3,212.17 2 1
orbyte/internal/platform/httpx/ops.go:212.17,215.4 2 0
orbyte/internal/platform/httpx/ops.go:216.3,216.92 1 1
orbyte/internal/platform/httpx/ops.go:219.2,219.90 1 1
orbyte/internal/platform/httpx/ops.go:219.90,220.94 1 1
orbyte/internal/platform/httpx/ops.go:220.94,222.4 1 0
orbyte/internal/platform/httpx/ops.go:223.3,224.17 2 1
orbyte/internal/platform/httpx/ops.go:224.17,227.4 2 0
orbyte/internal/platform/httpx/ops.go:228.3,228.93 1 1
orbyte/internal/platform/httpx/ops.go:231.2,231.104 1 1
orbyte/internal/platform/httpx/ops.go:231.104,232.94 1 1
orbyte/internal/platform/httpx/ops.go:232.94,234.4 1 0
orbyte/internal/platform/httpx/ops.go:235.3,236.17 2 1
orbyte/internal/platform/httpx/ops.go:236.17,239.4 2 0
orbyte/internal/platform/httpx/ops.go:240.3,241.20 2 1
orbyte/internal/platform/httpx/ops.go:241.20,243.4 1 0
orbyte/internal/platform/httpx/ops.go:244.3,245.10 2 1
orbyte/internal/platform/httpx/ops.go:245.10,248.4 2 0
orbyte/internal/platform/httpx/ops.go:249.3,249.85 1 1
orbyte/internal/platform/httpx/ops.go:252.2,252.92 1 1
orbyte/internal/platform/httpx/ops.go:252.92,253.94 1 1
orbyte/internal/platform/httpx/ops.go:253.94,255.4 1 0
orbyte/internal/platform/httpx/ops.go:256.3,257.24 2 1
orbyte/internal/platform/httpx/ops.go:257.24,259.4 1 0
orbyte/internal/platform/httpx/ops.go:260.3,261.51 2 1
orbyte/internal/platform/httpx/ops.go:261.51,263.18 2 1
orbyte/internal/platform/httpx/ops.go:263.18,266.5 2 0
orbyte/internal/platform/httpx/ops.go:267.4,267.18 1 1
orbyte/internal/platform/httpx/ops.go:269.3,269.103 1 1
orbyte/internal/platform/httpx/ops.go:272.2,272.112 1 1
orbyte/internal/platform/httpx/ops.go:272.112,273.94 1 1
orbyte/internal/platform/httpx/ops.go:273.94,275.4 1 0
orbyte/internal/platform/httpx/ops.go:276.3,277.24 2 1
orbyte/internal/platform/httpx/ops.go:277.24,279.4 1 0
orbyte/internal/platform/httpx/ops.go:280.3,281.20 2 1
orbyte/internal/platform/httpx/ops.go:281.20,283.4 1 0
orbyte/internal/platform/httpx/ops.go:284.3,285.51 2 1
orbyte/internal/platform/httpx/ops.go:285.51,287.18 2 0
orbyte/internal/platform/httpx/ops.go:287.18,290.5 2 0
orbyte/internal/platform/httpx/ops.go:291.4,291.18 1 0
orbyte/internal/platform/httpx/ops.go:293.3,294.10 2 1
orbyte/internal/platform/httpx/ops.go:294.10,297.4 2 0
orbyte/internal/platform/httpx/ops.go:298.3,298.113 1 1
orbyte/internal/platform/httpx/ops.go:301.2,301.92 1 1
orbyte/internal/platform/httpx/ops.go:301.92,302.94 1 1
orbyte/internal/platform/httpx/ops.go:302.94,304.4 1 0
orbyte/internal/platform/httpx/ops.go:305.3,306.17 2 1
orbyte/internal/platform/httpx/ops.go:306.17,309.4 2 0
orbyte/internal/platform/httpx/ops.go:310.3,311.10 2 1
orbyte/internal/platform/httpx/ops.go:311.10,314.4 2 0
orbyte/internal/platform/httpx/ops.go:315.3,315.44 1 1
orbyte/internal/platform/httpx/ops.go:318.2,318.90 1 1
orbyte/internal/platform/httpx/ops.go:318.90,319.94 1 1
orbyte/internal/platform/httpx/ops.go:319.94,321.4 1 0
orbyte/internal/platform/httpx/ops.go:322.3,323.17 2 1
orbyte/internal/platform/httpx/ops.go:323.17,326.4 2 0
orbyte/internal/platform/httpx/ops.go:327.3,328.68 2 1
orbyte/internal/platform/httpx/ops.go:331.2,331.104 1 1
orbyte/internal/platform/httpx/ops.go:331.104,332.94 1 0
orbyte/internal/platform/httpx/ops.go:332.94,334.4 1 0
orbyte/internal/platform/httpx/ops.go:335.3,336.17 2 0
orbyte/internal/platform/httpx/ops.go:336.17,339.4 2 0
orbyte/internal/platform/httpx/ops.go:340.3,341.22 2 0
orbyte/internal/platform/httpx/ops.go:341.22,343.4 1 0
orbyte/internal/platform/httpx/ops.go:344.3,345.136 2 0
orbyte/internal/platform/httpx/ops.go:348.2,348.111 1 1
orbyte/internal/platform/httpx/ops.go:348.111,349.94 1 1
orbyte/internal/platform/httpx/ops.go:349.94,351.4 1 0
orbyte/internal/platform/httpx/ops.go:352.3,353.17 2 1
orbyte/internal/platform/httpx/ops.go:353.17,356.4 2 0
orbyte/internal/platform/httpx/ops.go:357.3,358.22 2 1
orbyte/internal/platform/httpx/ops.go:358.22,360.4 1 0
orbyte/internal/platform/httpx/ops.go:361.3,363.19 3 1
orbyte/internal/platform/httpx/ops.go:363.19,365.4 1 1
orbyte/internal/platform/httpx/ops.go:366.3,367.17 2 1
orbyte/internal/platform/httpx/ops.go:368.15,369.81 1 1
orbyte/internal/platform/httpx/ops.go:370.14,371.80 1 1
orbyte/internal/platform/httpx/ops.go:372.11,373.80 1 1
orbyte/internal/platform/httpx/ops.go:375.3,375.17 1 1
orbyte/internal/platform/httpx/ops.go:375.17,378.4 2 0
orbyte/internal/platform/httpx/ops.go:379.3,379.23 1 1
orbyte/internal/platform/httpx/ops.go:379.23,382.4 2 1
orbyte/internal/platform/httpx/ops.go:382.9,382.29 1 1
orbyte/internal/platform/httpx/ops.go:382.29,385.4 2 1
orbyte/internal/platform/httpx/ops.go:385.9,388.4 2 1
orbyte/internal/platform/httpx/ops.go:389.3,390.26 2 1
orbyte/internal/platform/httpx/ops.go:393.2,393.93 1 1
orbyte/internal/platform/httpx/ops.go:393.93,394.114 1 1
orbyte/internal/platform/httpx/ops.go:394.114,396.4 1 0
orbyte/internal/platform/httpx/ops.go:397.3,409.17 3 1
orbyte/internal/platform/httpx/ops.go:409.17,412.4 2 0
orbyte/internal/platform/httpx/ops.go:413.3,413.42 1 1
orbyte/internal/platform/httpx/ops.go:416.2,416.92 1 1
orbyte/internal/platform/httpx/ops.go:416.92,417.94 1 1
orbyte/internal/platform/httpx/ops.go:417.94,419.4 1 0
orbyte/internal/platform/httpx/ops.go:420.3,420.95 1 1
orbyte/internal/platform/httpx/ops.go:423.2,423.96 1 1
orbyte/internal/platform/httpx/ops.go:423.96,424.94 1 1
orbyte/internal/platform/httpx/ops.go:424.94,426.4 1 0
orbyte/internal/platform/httpx/ops.go:427.3,427.88 1 1
orbyte/internal/platform/httpx/ops.go:430.2,430.101 1 1
orbyte/internal/platform/httpx/ops.go:430.101,431.94 1 1
orbyte/internal/platform/httpx/ops.go:431.94,433.4 1 0
orbyte/internal/platform/httpx/ops.go:434.3,434.93 1 1
orbyte/internal/platform/httpx/ops.go:437.2,437.102 1 1
orbyte/internal/platform/httpx/ops.go:437.102,438.94 1 1
orbyte/internal/platform/httpx/ops.go:438.94,440.4 1 0
orbyte/internal/platform/httpx/ops.go:441.3,441.94 1 1
orbyte/internal/platform/httpx/ops.go:444.2,444.113 1 1
orbyte/internal/platform/httpx/ops.go:444.113,445.94 1 1
orbyte/internal/platform/httpx/ops.go:445.94,447.4 1 0
orbyte/internal/platform/httpx/ops.go:448.3,448.103 1 1
orbyte/internal/platform/httpx/ops.go:451.2,451.102 1 1
orbyte/internal/platform/httpx/ops.go:451.102,452.94 1 1
orbyte/internal/platform/httpx/ops.go:452.94,454.4 1 0
orbyte/internal/platform/httpx/ops.go:455.3,456.23 2 1
orbyte/internal/platform/httpx/ops.go:456.23,459.4 2 0
orbyte/internal/platform/httpx/ops.go:460.3,461.10 2 1
orbyte/internal/platform/httpx/ops.go:461.10,464.4 2 0
orbyte/internal/platform/httpx/ops.go:465.3,468.35 4 1
orbyte/internal/platform/httpx/ops.go:471.2,471.110 1 1
orbyte/internal/platform/httpx/ops.go:471.110,472.116 1 1
orbyte/internal/platform/httpx/ops.go:472.116,474.4 1 0
orbyte/internal/platform/httpx/ops.go:475.3,479.17 5 1
orbyte/internal/platform/httpx/ops.go:479.17,482.4 2 0
orbyte/internal/platform/httpx/ops.go:483.3,483.47 1 1
orbyte/internal/platform/httpx/ops.go:486.2,486.109 1 1
orbyte/internal/platform/httpx/ops.go:486.109,487.116 1 1
orbyte/internal/platform/httpx/ops.go:487.116,489.4 1 0
orbyte/internal/platform/httpx/ops.go:490.3,494.17 5 1
orbyte/internal/platform/httpx/ops.go:494.17,497.4 2 0
orbyte/internal/platform/httpx/ops.go:498.3,498.47 1 1
orbyte/internal/platform/httpx/ops.go:501.2,501.110 1 1
orbyte/internal/platform/httpx/ops.go:501.110,502.114 1 1
orbyte/internal/platform/httpx/ops.go:502.114,504.4 1 0
orbyte/internal/platform/httpx/ops.go:505.3,506.19 2 1
orbyte/internal/platform/httpx/ops.go:506.19,509.4 2 0
orbyte/internal/platform/httpx/ops.go:510.3,511.17 2 1
orbyte/internal/platform/httpx/ops.go:511.17,514.4 2 0
orbyte/internal/platform/httpx/ops.go:515.3,515.64 1 1
orbyte/internal/platform/httpx/ops.go:515.64,518.4 2 0
orbyte/internal/platform/httpx/ops.go:519.3,519.74 1 1
orbyte/internal/platform/httpx/ops.go:522.2,522.97 1 1
orbyte/internal/platform/httpx/ops.go:522.97,523.114 1 1
orbyte/internal/platform/httpx/ops.go:523.114,525.4 1 0
orbyte/internal/platform/httpx/ops.go:526.3,527.60 2 1
orbyte/internal/platform/httpx/ops.go:527.60,528.26 1 1
orbyte/internal/platform/httpx/ops.go:528.26,529.13 1 0
orbyte/internal/platform/httpx/ops.go:531.4,532.18 2 1
orbyte/internal/platform/httpx/ops.go:532.18,535.5 2 0
orbyte/internal/platform/httpx/ops.go:536.4,537.10 2 1
orbyte/internal/platform/httpx/ops.go:539.3,539.66 1 0
orbyte/internal/platform/httpx/ops.go:542.2,542.96 1 1
orbyte/internal/platform/httpx/ops.go:542.96,543.99 1 1
orbyte/internal/platform/httpx/ops.go:543.99,545.4 1 0
orbyte/internal/platform/httpx/ops.go:546.3,546.84 1 1
orbyte/internal/platform/httpx/ops.go:549.2,549.98 1 1
orbyte/internal/platform/httpx/ops.go:549.98,550.96 1 1
orbyte/internal/platform/httpx/ops.go:550.96,552.4 1 0
orbyte/internal/platform/httpx/ops.go:553.3,553.75 1 1
orbyte/internal/platform/httpx/ops.go:556.2,556.124 1 1
orbyte/internal/platform/httpx/ops.go:556.124,557.96 1 1
orbyte/internal/platform/httpx/ops.go:557.96,559.4 1 0
orbyte/internal/platform/httpx/ops.go:560.3,560.20 1 1
orbyte/internal/platform/httpx/ops.go:560.20,563.4 2 0
orbyte/internal/platform/httpx/ops.go:564.3,566.17 3 1
orbyte/internal/platform/httpx/ops.go:566.17,569.4 2 0
orbyte/internal/platform/httpx/ops.go:570.3,570.43 1 1
orbyte/internal/platform/httpx/ops.go:573.2,573.96 1 1
orbyte/internal/platform/httpx/ops.go:573.96,574.94 1 1
orbyte/internal/platform/httpx/ops.go:574.94,576.4 1 0
orbyte/internal/platform/httpx/ops.go:577.3,577.60 1 1
orbyte/internal/platform/httpx/ops.go:580.2,580.105 1 1
orbyte/internal/platform/httpx/ops.go:580.105,581.114 1 1
orbyte/internal/platform/httpx/ops.go:581.114,583.4 1 0
orbyte/internal/platform/httpx/ops.go:584.3,584.20 1 1
orbyte/internal/platform/httpx/ops.go:584.20,587.4 2 0
orbyte/internal/platform/httpx/ops.go:588.3,589.17 2 1
orbyte/internal/platform/httpx/ops.go:589.17,592.4 2 0
orbyte/internal/platform/httpx/ops.go:593.3,593.43 1 1
orbyte/internal/platform/httpx/ops.go:596.2,596.80 1 1
orbyte/internal/platform/httpx/ops.go:596.80,597.96 1 1
orbyte/internal/platform/httpx/ops.go:597.96,599.4 1 0
orbyte/internal/platform/httpx/ops.go:600.3,600.20 1 1
orbyte/internal/platform/httpx/ops.go:600.20,603.4 2 0
orbyte/internal/platform/httpx/ops.go:604.3,606.25 3 1
orbyte/internal/platform/httpx/ops.go:606.25,609.4 2 0
orbyte/internal/platform/httpx/ops.go:610.3,610.37 1 1
orbyte/internal/platform/httpx/ops.go:613.2,613.89 1 1
orbyte/internal/platform/httpx/ops.go:613.89,614.96 1 1
orbyte/internal/platform/httpx/ops.go:614.96,616.4 1 0
orbyte/internal/platform/httpx/ops.go:617.3,617.82 1 1
orbyte/internal/platform/httpx/ops.go:620.2,620.93 1 1
orbyte/internal/platform/httpx/ops.go:620.93,621.96 1 1
orbyte/internal/platform/httpx/ops.go:621.96,623.4 1 0
orbyte/internal/platform/httpx/ops.go:624.3,624.86 1 1
orbyte/internal/platform/httpx/ops.go:628.62,631.85 3 0
orbyte/internal/platform/httpx/ops.go:631.85,633.3 1 0
orbyte/internal/platform/httpx/ops.go:634.2,634.33 1 0
orbyte/internal/platform/httpx/ops.go:637.70,640.57 3 0
orbyte/internal/platform/httpx/ops.go:640.57,642.3 1 0
orbyte/internal/platform/httpx/ops.go:643.2,643.33 1 0
orbyte/internal/platform/httpx/ops.go:646.59,649.57 3 1
orbyte/internal/platform/httpx/ops.go:649.57,651.3 1 0
orbyte/internal/platform/httpx/ops.go:652.2,652.33 1 1
orbyte/internal/platform/httpx/ops.go:655.67,656.30 1 1
orbyte/internal/platform/httpx/ops.go:656.30,658.3 1 1
orbyte/internal/platform/httpx/ops.go:659.2,670.17 2 0
orbyte/internal/platform/httpx/ops.go:673.51,675.62 2 1
orbyte/internal/platform/httpx/ops.go:675.62,677.3 1 0
orbyte/internal/platform/httpx/ops.go:678.2,678.27 1 1
orbyte/internal/platform/httpx/ops.go:681.74,683.51 2 1
orbyte/internal/platform/httpx/ops.go:683.51,685.17 2 0
orbyte/internal/platform/httpx/ops.go:685.17,687.4 1 0
orbyte/internal/platform/httpx/ops.go:688.3,688.18 1 0
orbyte/internal/platform/httpx/ops.go:690.2,690.45 1 1
orbyte/internal/platform/httpx/ops.go:690.45,692.17 2 0
orbyte/internal/platform/httpx/ops.go:692.17,694.4 1 0
orbyte/internal/platform/httpx/ops.go:695.3,695.16 1 0
orbyte/internal/platform/httpx/ops.go:697.2,697.54 1 1
orbyte/internal/platform/httpx/ops.go:697.54,699.17 2 1
orbyte/internal/platform/httpx/ops.go:699.17,701.4 1 0
orbyte/internal/platform/httpx/ops.go:702.3,702.19 1 1
orbyte/internal/platform/httpx/ops.go:704.2,704.15 1 1
orbyte/internal/platform/httpx/router.go:42.703,47.20 5 1
orbyte/internal/platform/httpx/router.go:47.20,48.43 1 1
orbyte/internal/platform/httpx/router.go:48.43,50.4 1 1
orbyte/internal/platform/httpx/router.go:52.2,52.25 1 1
orbyte/internal/platform/httpx/router.go:52.25,54.3 1 1
orbyte/internal/platform/httpx/router.go:55.2,152.4 1 1
orbyte/internal/platform/httpx/router.go:155.48,157.34 2 1
orbyte/internal/platform/httpx/router.go:157.34,159.3 1 0
orbyte/internal/platform/httpx/router.go:160.2,160.38 1 1
orbyte/internal/platform/httpx/router.go:160.38,162.3 1 0
orbyte/internal/platform/httpx/router.go:163.2,163.41 1 1
orbyte/internal/platform/httpx/router.go:163.41,165.3 1 0
orbyte/internal/platform/httpx/router.go:166.2,180.184 14 1
orbyte/internal/platform/httpx/router.go:183.107,185.25 2 1
orbyte/internal/platform/httpx/router.go:185.25,187.3 1 1
orbyte/internal/platform/httpx/router.go:188.2,188.22 1 1
orbyte/internal/platform/httpx/router.go:191.103,192.74 1 1
orbyte/internal/platform/httpx/router.go:192.74,194.3 1 1
orbyte/internal/platform/httpx/router.go:196.2,196.78 1 1
orbyte/internal/platform/httpx/router.go:196.78,201.3 1 1
orbyte/internal/platform/httpx/router.go:203.2,203.77 1 1
orbyte/internal/platform/httpx/router.go:203.77,205.20 2 1
orbyte/internal/platform/httpx/router.go:205.20,209.4 3 1
orbyte/internal/platform/httpx/router.go:210.3,211.22 2 1
orbyte/internal/platform/httpx/router.go:211.22,213.4 1 1
orbyte/internal/platform/httpx/router.go:214.3,214.35 1 1
orbyte/internal/platform/httpx/router.go:217.2,217.87 1 1
orbyte/internal/platform/httpx/router.go:217.87,218.116 1 1
orbyte/internal/platform/httpx/router.go:218.116,220.4 1 1
orbyte/internal/platform/httpx/router.go:221.3,228.5 1 1
orbyte/internal/platform/httpx/router.go:232.66,236.2 3 1
orbyte/internal/platform/httpx/router.go:238.53,244.34 5 1
orbyte/internal/platform/httpx/router.go:244.34,247.27 3 1
orbyte/internal/platform/httpx/router.go:248.30,249.34 1 1
orbyte/internal/platform/httpx/router.go:250.28,251.32 1 1
orbyte/internal/platform/httpx/router.go:252.29,253.33 1 1
orbyte/internal/platform/httpx/router.go:254.32,255.36 1 1
orbyte/internal/platform/httpx/router.go:256.28,257.32 1 1
orbyte/internal/platform/httpx/router.go:261.2,266.4 1 1
orbyte/internal/platform/httpx/router.go:269.109,270.16 1 1
orbyte/internal/platform/httpx/router.go:270.16,272.3 1 0
orbyte/internal/platform/httpx/router.go:273.2,273.71 1 1
orbyte/internal/platform/httpx/router.go:273.71,276.26 3 1
orbyte/internal/platform/httpx/router.go:276.26,278.4 1 1
orbyte/internal/platform/httpx/router.go:279.3,301.20 18 1
orbyte/internal/platform/httpx/router.go:301.20,309.4 1 1
orbyte/internal/platform/httpx/router.go:313.45,314.9 1 1
orbyte/internal/platform/httpx/router.go:315.47,316.18 1 1
orbyte/internal/platform/httpx/router.go:317.35,318.20 1 1
orbyte/internal/platform/httpx/router.go:319.25,320.20 1 1
orbyte/internal/platform/httpx/router.go:321.26,322.19 1 1
orbyte/internal/platform/httpx/router.go:323.46,324.16 1 1
orbyte/internal/platform/httpx/router.go:325.47,326.17 1 0
orbyte/internal/platform/httpx/router.go:327.45,328.15 1 1
orbyte/internal/platform/httpx/router.go:329.77,330.21 1 1
orbyte/internal/platform/httpx/router.go:331.69,332.18 1 1
orbyte/internal/platform/httpx/router.go:333.69,334.18 1 1
orbyte/internal/platform/httpx/router.go:335.45,336.15 1 1
orbyte/internal/platform/httpx/router.go:337.22,338.15 1 1
orbyte/internal/platform/httpx/router.go:339.49,340.19 1 1
orbyte/internal/platform/httpx/router.go:341.26,342.19 1 0
orbyte/internal/platform/httpx/router.go:343.44,344.14 1 1
orbyte/internal/platform/httpx/router.go:345.10,346.17 1 1
orbyte/internal/platform/httpx/router.go:355.48,358.2 2 1
orbyte/internal/platform/httpx/router.go:360.32,362.9 2 1
orbyte/internal/platform/httpx/router.go:362.9,364.3 1 0
orbyte/internal/platform/httpx/router.go:365.2,365.17 1 1
orbyte/internal/platform/httpx/search.go:14.121,15.85 1 1
orbyte/internal/platform/httpx/search.go:15.85,17.10 2 1
orbyte/internal/platform/httpx/search.go:17.10,19.4 1 0
orbyte/internal/platform/httpx/search.go:20.3,21.52 2 1
orbyte/internal/platform/httpx/search.go:21.52,22.61 1 1
orbyte/internal/platform/httpx/search.go:22.61,24.5 1 1
orbyte/internal/platform/httpx/search.go:26.3,26.64 1 1
orbyte/internal/platform/httpx/search.go:29.2,29.86 1 1
orbyte/internal/platform/httpx/search.go:29.86,30.137 1 0
orbyte/internal/platform/httpx/search.go:30.137,32.11 2 0
orbyte/internal/platform/httpx/search.go:32.11,34.5 1 0
orbyte/internal/platform/httpx/search.go:35.4,37.14 3 0
orbyte/internal/platform/httpx/search.go:37.14,40.5 2 0
orbyte/internal/platform/httpx/search.go:41.4,41.62 1 0
orbyte/internal/platform/httpx/search.go:41.62,44.5 2 0
orbyte/internal/platform/httpx/search.go:45.4,46.10 2 0
orbyte/internal/platform/httpx/search.go:50.2,57.4 1 1
orbyte/internal/platform/httpx/search.go:57.4,59.78 2 1
orbyte/internal/platform/httpx/search.go:59.78,61.11 2 1
orbyte/internal/platform/httpx/search.go:61.11,63.5 1 0
orbyte/internal/platform/httpx/search.go:64.4,66.14 3 1
orbyte/internal/platform/httpx/search.go:66.14,69.5 2 0
orbyte/internal/platform/httpx/search.go:70.4,70.62 1 1
orbyte/internal/platform/httpx/search.go:70.62,73.5 2 0
orbyte/internal/platform/httpx/search.go:74.4,75.21 2 1
orbyte/internal/platform/httpx/search.go:75.21,77.5 1 1
orbyte/internal/platform/httpx/search.go:78.4,80.18 3 1
orbyte/internal/platform/httpx/search.go:80.18,83.5 2 0
orbyte/internal/platform/httpx/search.go:84.4,84.41 1 1
orbyte/internal/platform/httpx/search.go:88.2,88.89 1 1
orbyte/internal/platform/httpx/search.go:88.89,89.92 1 1
orbyte/internal/platform/httpx/search.go:89.92,91.4 1 0
orbyte/internal/platform/httpx/search.go:92.3,92.87 1 1
orbyte/internal/platform/httpx/search.go:95.2,95.90 1 1
orbyte/internal/platform/httpx/search.go:95.90,96.49 1 0
orbyte/internal/platform/httpx/search.go:96.49,97.93 1 0
orbyte/internal/platform/httpx/search.go:97.93,99.5 1 0
orbyte/internal/platform/httpx/search.go:100.4,102.14 3 0
orbyte/internal/platform/httpx/search.go:102.14,105.5 2 0
orbyte/internal/platform/httpx/search.go:106.4,107.10 2 0
orbyte/internal/platform/httpx/search.go:111.2,111.91 1 1
orbyte/internal/platform/httpx/search.go:111.91,112.49 1 1
orbyte/internal/platform/httpx/search.go:112.49,115.4 2 0
orbyte/internal/platform/httpx/search.go:116.3,116.92 1 1
orbyte/internal/platform/httpx/search.go:116.92,118.4 1 0
orbyte/internal/platform/httpx/search.go:119.3,120.20 2 1
orbyte/internal/platform/httpx/search.go:120.20,122.18 2 0
orbyte/internal/platform/httpx/search.go:122.18,125.5 2 0
orbyte/internal/platform/httpx/search.go:126.4,127.10 2 0
orbyte/internal/platform/httpx/search.go:129.3,130.17 2 1
orbyte/internal/platform/httpx/search.go:130.17,133.4 2 0
orbyte/internal/platform/httpx/search.go:134.3,134.43 1 1
orbyte/internal/platform/httpx/search.go:138.49,141.21 3 1
orbyte/internal/platform/httpx/search.go:141.21,143.3 1 0
orbyte/internal/platform/httpx/search.go:144.2,144.36 1 1
orbyte/internal/platform/httpx/search.go:147.53,148.31 1 1
orbyte/internal/platform/httpx/search.go:148.31,150.3 1 1
orbyte/internal/platform/httpx/search.go:151.2,151.22 1 0
orbyte/internal/platform/httpx/templates.go:19.109,20.96 1 1
orbyte/internal/platform/httpx/templates.go:20.96,21.96 1 1
orbyte/internal/platform/httpx/templates.go:21.96,23.4 1 0
orbyte/internal/platform/httpx/templates.go:24.3,35.17 3 1
orbyte/internal/platform/httpx/templates.go:35.17,38.4 2 0
orbyte/internal/platform/httpx/templates.go:39.3,39.105 1 1
orbyte/internal/platform/httpx/templates.go:41.2,41.102 1 1
orbyte/internal/platform/httpx/templates.go:41.102,42.92 1 1
orbyte/internal/platform/httpx/templates.go:42.92,44.4 1 0
orbyte/internal/platform/httpx/templates.go:45.3,45.82 1 1
orbyte/internal/platform/httpx/templates.go:47.2,47.99 1 1
orbyte/internal/platform/httpx/templates.go:47.99,48.92 1 0
orbyte/internal/platform/httpx/templates.go:48.92,50.4 1 0
orbyte/internal/platform/httpx/templates.go:51.3,52.16 2 0
orbyte/internal/platform/httpx/templates.go:52.16,55.4 2 0
orbyte/internal/platform/httpx/templates.go:56.3,56.82 1 0
orbyte/internal/platform/httpx/templates.go:58.2,58.98 1 1
orbyte/internal/platform/httpx/templates.go:58.98,59.92 1 0
orbyte/internal/platform/httpx/templates.go:59.92,61.4 1 0
orbyte/internal/platform/httpx/templates.go:62.3,64.24 3 0
orbyte/internal/platform/httpx/templates.go:64.24,66.31 2 0
orbyte/internal/platform/httpx/templates.go:66.31,67.40 1 0
orbyte/internal/platform/httpx/templates.go:67.40,69.6 1 0
orbyte/internal/platform/httpx/templates.go:71.4,71.20 1 0
orbyte/internal/platform/httpx/templates.go:73.3,73.64 1 0
orbyte/internal/platform/httpx/templates.go:75.2,75.98 1 1
orbyte/internal/platform/httpx/templates.go:75.98,77.10 2 1
orbyte/internal/platform/httpx/templates.go:77.10,79.4 1 0
orbyte/internal/platform/httpx/templates.go:80.3,81.66 2 1
orbyte/internal/platform/httpx/templates.go:81.66,84.4 2 0
orbyte/internal/platform/httpx/templates.go:85.3,87.17 3 1
orbyte/internal/platform/httpx/templates.go:87.17,90.4 2 0
orbyte/internal/platform/httpx/templates.go:91.3,91.66 1 1
orbyte/internal/platform/httpx/templates.go:93.2,93.91 1 1
orbyte/internal/platform/httpx/templates.go:93.91,95.10 2 1
orbyte/internal/platform/httpx/templates.go:95.10,97.4 1 0
orbyte/internal/platform/httpx/templates.go:98.3,99.31 2 1
orbyte/internal/platform/httpx/templates.go:99.31,101.4 1 0
orbyte/internal/platform/httpx/templates.go:102.3,102.20 1 1
orbyte/internal/platform/httpx/templates.go:102.20,104.4 1 0
orbyte/internal/platform/httpx/templates.go:105.3,106.62 2 1
orbyte/internal/platform/httpx/templates.go:106.62,109.4 2 0
orbyte/internal/platform/httpx/templates.go:110.3,111.17 2 1
orbyte/internal/platform/httpx/templates.go:111.17,114.4 2 0
orbyte/internal/platform/httpx/templates.go:115.3,115.66 1 1
orbyte/internal/platform/httpx/templates.go:117.2,117.92 1 1
orbyte/internal/platform/httpx/templates.go:117.92,119.10 2 0
orbyte/internal/platform/httpx/templates.go:119.10,121.4 1 0
orbyte/internal/platform/httpx/templates.go:122.3,123.33 2 0
orbyte/internal/platform/httpx/templates.go:123.33,125.4 1 0
orbyte/internal/platform/httpx/templates.go:126.3,127.35 2 0
orbyte/internal/platform/httpx/templates.go:127.35,130.4 2 0
orbyte/internal/platform/httpx/templates.go:131.3,132.17 2 0
orbyte/internal/platform/httpx/templates.go:132.17,135.4 2 0
orbyte/internal/platform/httpx/templates.go:136.3,136.66 1 0
orbyte/internal/platform/httpx/templates.go:138.2,138.86 1 1
orbyte/internal/platform/httpx/templates.go:138.86,139.96 1 1
orbyte/internal/platform/httpx/templates.go:139.96,141.4 1 0
orbyte/internal/platform/httpx/templates.go:142.3,143.62 2 1
orbyte/internal/platform/httpx/templates.go:143.62,146.4 2 0
orbyte/internal/platform/httpx/templates.go:147.3,148.17 2 1
orbyte/internal/platform/httpx/templates.go:148.17,151.4 2 0
orbyte/internal/platform/httpx/templates.go:152.3,152.102 1 1
orbyte/internal/platform/httpx/templates.go:152.102,155.4 2 1
orbyte/internal/platform/httpx/templates.go:156.3,157.30 2 1
orbyte/internal/platform/httpx/templates.go:157.30,161.4 3 1
orbyte/internal/platform/httpx/templates.go:162.3,162.40 1 0
orbyte/internal/platform/httpx/templates.go:166.92,169.91 3 1
orbyte/internal/platform/httpx/templates.go:169.91,171.3 1 0
orbyte/internal/platform/httpx/templates.go:172.2,173.46 2 1
orbyte/internal/platform/httpx/templates.go:173.46,175.3 1 1
orbyte/internal/platform/httpx/templates.go:176.2,176.47 1 0
orbyte/internal/platform/httpx/templates.go:176.47,178.3 1 0
orbyte/internal/platform/httpx/templates.go:179.2,179.26 1 0
orbyte/internal/platform/httpx/ui.go:24.364,25.73 1 1
orbyte/internal/platform/httpx/ui.go:25.73,28.3 2 1
orbyte/internal/platform/httpx/ui.go:30.2,30.93 1 1
orbyte/internal/platform/httpx/ui.go:30.93,34.3 3 1
orbyte/internal/platform/httpx/ui.go:36.2,36.94 1 1
orbyte/internal/platform/httpx/ui.go:36.94,46.3 1 1
orbyte/internal/platform/httpx/ui.go:48.2,48.79 1 1
orbyte/internal/platform/httpx/ui.go:48.79,52.3 3 1
orbyte/internal/platform/httpx/ui.go:54.2,54.83 1 1
orbyte/internal/platform/httpx/ui.go:54.83,56.10 2 1
orbyte/internal/platform/httpx/ui.go:56.10,58.4 1 1
orbyte/internal/platform/httpx/ui.go:59.3,63.26 5 1
orbyte/internal/platform/httpx/ui.go:63.26,64.40 1 1
orbyte/internal/platform/httpx/ui.go:64.40,65.46 1 1
orbyte/internal/platform/httpx/ui.go:65.46,67.11 2 1
orbyte/internal/platform/httpx/ui.go:71.3,81.5 1 1
orbyte/internal/platform/httpx/ui.go:84.2,84.79 1 1
orbyte/internal/platform/httpx/ui.go:84.79,86.10 2 0
orbyte/internal/platform/httpx/ui.go:86.10,88.4 1 0
orbyte/internal/platform/httpx/ui.go:89.3,90.64 2 0
orbyte/internal/platform/httpx/ui.go:93.2,93.81 1 1
orbyte/internal/platform/httpx/ui.go:93.81,95.10 2 0
orbyte/internal/platform/httpx/ui.go:95.10,97.4 1 0
orbyte/internal/platform/httpx/ui.go:98.3,99.66 2 0
orbyte/internal/platform/httpx/ui.go:102.2,102.88 1 1
orbyte/internal/platform/httpx/ui.go:102.88,104.10 2 1
orbyte/internal/platform/httpx/ui.go:104.10,106.4 1 0
orbyte/internal/platform/httpx/ui.go:107.3,109.39 3 1
orbyte/internal/platform/httpx/ui.go:109.39,112.4 2 0
orbyte/internal/platform/httpx/ui.go:113.3,114.17 2 1
orbyte/internal/platform/httpx/ui.go:114.17,117.4 2 1
orbyte/internal/platform/httpx/ui.go:118.3,119.23 2 0
orbyte/internal/platform/httpx/ui.go:119.23,132.4 1 0
orbyte/internal/platform/httpx/ui.go:133.3,133.42 1 0
orbyte/internal/platform/httpx/ui.go:136.2,136.80 1 1
orbyte/internal/platform/httpx/ui.go:136.80,138.10 2 1
orbyte/internal/platform/httpx/ui.go:138.10,140.4 1 0
orbyte/internal/platform/httpx/ui.go:141.3,142.20 2 1
orbyte/internal/platform/httpx/ui.go:142.20,145.4 2 0
orbyte/internal/platform/httpx/ui.go:146.3,147.30 2 1
orbyte/internal/platform/httpx/ui.go:147.30,148.27 1 1
orbyte/internal/platform/httpx/ui.go:148.27,151.5 2 1
orbyte/internal/platform/httpx/ui.go:153.3,153.53 1 0
orbyte/internal/platform/httpx/ui.go:156.2,156.88 1 1
orbyte/internal/platform/httpx/ui.go:156.88,158.10 2 1
orbyte/internal/platform/httpx/ui.go:158.10,160.4 1 0
orbyte/internal/platform/httpx/ui.go:161.3,162.17 2 1
orbyte/internal/platform/httpx/ui.go:162.17,165.4 2 0
orbyte/internal/platform/httpx/ui.go:166.3,167.10 2 1
orbyte/internal/platform/httpx/ui.go:167.10,170.4 2 1
orbyte/internal/platform/httpx/ui.go:171.3,171.75 1 1
orbyte/internal/platform/httpx/ui.go:171.75,174.4 2 0
orbyte/internal/platform/httpx/ui.go:175.3,175.99 1 1
orbyte/internal/platform/httpx/ui.go:175.99,178.4 2 0
orbyte/internal/platform/httpx/ui.go:179.3,179.113 1 1
orbyte/internal/platform/httpx/ui.go:179.113,182.4 2 0
orbyte/internal/platform/httpx/ui.go:183.3,183.99 1 1
orbyte/internal/platform/httpx/ui.go:183.99,186.4 2 0
orbyte/internal/platform/httpx/ui.go:187.3,187.44 1 1
orbyte/internal/platform/httpx/ui.go:190.2,190.89 1 1
orbyte/internal/platform/httpx/ui.go:190.89,192.10 2 0
orbyte/internal/platform/httpx/ui.go:192.10,194.4 1 0
orbyte/internal/platform/httpx/ui.go:195.3,196.20 2 0
orbyte/internal/platform/httpx/ui.go:196.20,199.4 2 0
orbyte/internal/platform/httpx/ui.go:200.3,201.69 2 0
orbyte/internal/platform/httpx/ui.go:201.69,204.4 2 0
orbyte/internal/platform/httpx/ui.go:205.3,205.38 1 0
orbyte/internal/platform/httpx/ui.go:208.2,208.89 1 1
orbyte/internal/platform/httpx/ui.go:208.89,209.54 1 1
orbyte/internal/platform/httpx/ui.go:209.54,211.4 1 0
orbyte/internal/platform/httpx/ui.go:212.3,213.22 2 1
orbyte/internal/platform/httpx/ui.go:213.22,216.4 2 0
orbyte/internal/platform/httpx/ui.go:217.3,217.41 1 1
orbyte/internal/platform/httpx/ui.go:217.41,218.33 1 1
orbyte/internal/platform/httpx/ui.go:218.33,219.13 1 1
orbyte/internal/platform/httpx/ui.go:221.4,221.51 1 1
orbyte/internal/platform/httpx/ui.go:221.51,222.32 1 1
orbyte/internal/platform/httpx/ui.go:222.32,223.14 1 0
orbyte/internal/platform/httpx/ui.go:225.5,227.11 3 1
orbyte/internal/platform/httpx/ui.go:230.3,230.62 1 1
orbyte/internal/platform/httpx/ui.go:233.2,233.88 1 1
orbyte/internal/platform/httpx/ui.go:233.88,235.10 2 0
orbyte/internal/platform/httpx/ui.go:235.10,237.4 1 0
orbyte/internal/platform/httpx/ui.go:238.3,238.63 1 0
orbyte/internal/platform/httpx/ui.go:238.63,241.4 2 0
orbyte/internal/platform/httpx/ui.go:242.3,247.30 6 0
orbyte/internal/platform/httpx/ui.go:247.30,248.63 1 0
orbyte/internal/platform/httpx/ui.go:248.63,249.13 1 0
orbyte/internal/platform/httpx/ui.go:251.4,251.57 1 0
orbyte/internal/platform/httpx/ui.go:251.57,252.13 1 0
orbyte/internal/platform/httpx/ui.go:254.4,254.100 1 0
orbyte/internal/platform/httpx/ui.go:254.100,255.13 1 0
orbyte/internal/platform/httpx/ui.go:257.4,268.6 1 0
orbyte/internal/platform/httpx/ui.go:270.3,270.44 1 0
orbyte/internal/platform/httpx/ui.go:270.44,273.19 3 0
orbyte/internal/platform/httpx/ui.go:274.18,275.62 1 0
orbyte/internal/platform/httpx/ui.go:276.22,277.81 1 0
orbyte/internal/platform/httpx/ui.go:278.12,279.54 1 0
orbyte/internal/platform/httpx/ui.go:282.3,282.67 1 0
orbyte/internal/platform/httpx/ui.go:285.2,285.89 1 1
orbyte/internal/platform/httpx/ui.go:285.89,287.10 2 1
orbyte/internal/platform/httpx/ui.go:287.10,289.4 1 0
orbyte/internal/platform/httpx/ui.go:290.3,290.63 1 1
orbyte/internal/platform/httpx/ui.go:290.63,293.4 2 0
orbyte/internal/platform/httpx/ui.go:294.3,295.23 2 1
orbyte/internal/platform/httpx/ui.go:295.23,298.4 2 0
orbyte/internal/platform/httpx/ui.go:299.3,300.17 2 1
orbyte/internal/platform/httpx/ui.go:300.17,303.4 2 0
orbyte/internal/platform/httpx/ui.go:304.3,304.117 1 1
orbyte/internal/platform/httpx/ui.go:304.117,307.4 2 0
orbyte/internal/platform/httpx/ui.go:308.3,312.94 5 1
orbyte/internal/platform/httpx/ui.go:312.94,313.38 1 1
orbyte/internal/platform/httpx/ui.go:313.38,318.5 4 1
orbyte/internal/platform/httpx/ui.go:319.4,319.27 1 1
orbyte/internal/platform/httpx/ui.go:321.3,328.5 1 1
orbyte/internal/platform/httpx/ui.go:331.2,331.100 1 1
orbyte/internal/platform/httpx/ui.go:331.100,333.10 2 0
orbyte/internal/platform/httpx/ui.go:333.10,335.4 1 0
orbyte/internal/platform/httpx/ui.go:336.3,336.63 1 0
orbyte/internal/platform/httpx/ui.go:336.63,339.4 2 0
orbyte/internal/platform/httpx/ui.go:340.3,342.30 3 0
orbyte/internal/platform/httpx/ui.go:342.30,343.100 1 0
orbyte/internal/platform/httpx/ui.go:343.100,344.13 1 0
orbyte/internal/platform/httpx/ui.go:346.4,357.6 1 0
orbyte/internal/platform/httpx/ui.go:359.3,359.67 1 0
orbyte/internal/platform/httpx/ui.go:362.2,362.97 1 1
orbyte/internal/platform/httpx/ui.go:362.97,364.10 2 0
orbyte/internal/platform/httpx/ui.go:364.10,366.4 1 0
orbyte/internal/platform/httpx/ui.go:367.3,367.64 1 0
orbyte/internal/platform/httpx/ui.go:367.64,370.4 2 0
orbyte/internal/platform/httpx/ui.go:371.3,371.57 1 0
orbyte/internal/platform/httpx/ui.go:374.2,374.97 1 1
orbyte/internal/platform/httpx/ui.go:374.97,376.10 2 0
orbyte/internal/platform/httpx/ui.go:376.10,378.4 1 0
orbyte/internal/platform/httpx/ui.go:379.3,379.65 1 0
orbyte/internal/platform/httpx/ui.go:379.65,382.4 2 0
orbyte/internal/platform/httpx/ui.go:383.3,383.57 1 0
orbyte/internal/platform/httpx/ui.go:386.2,386.85 1 1
orbyte/internal/platform/httpx/ui.go:386.85,388.10 2 1
orbyte/internal/platform/httpx/ui.go:388.10,390.4 1 0
orbyte/internal/platform/httpx/ui.go:391.3,393.13 3 1
orbyte/internal/platform/httpx/ui.go:393.13,396.4 2 0
orbyte/internal/platform/httpx/ui.go:397.3,397.69 1 1
orbyte/internal/platform/httpx/ui.go:397.69,400.4 2 0
orbyte/internal/platform/httpx/ui.go:401.3,410.93 2 1
orbyte/internal/platform/httpx/ui.go:410.93,413.4 2 0
orbyte/internal/platform/httpx/ui.go:414.3,415.17 2 1
orbyte/internal/platform/httpx/ui.go:415.17,418.4 2 0
orbyte/internal/platform/httpx/ui.go:419.3,420.99 2 1
orbyte/internal/platform/httpx/ui.go:423.2,423.86 1 1
orbyte/internal/platform/httpx/ui.go:423.86,425.10 2 1
orbyte/internal/platform/httpx/ui.go:425.10,427.4 1 0
orbyte/internal/platform/httpx/ui.go:428.3,429.28 2 1
orbyte/internal/platform/httpx/ui.go:429.28,432.4 2 0
orbyte/internal/platform/httpx/ui.go:433.3,434.13 2 1
orbyte/internal/platform/httpx/ui.go:434.13,437.4 2 0
orbyte/internal/platform/httpx/ui.go:438.3,438.69 1 1
orbyte/internal/platform/httpx/ui.go:438.69,441.4 2 0
orbyte/internal/platform/httpx/ui.go:442.3,443.17 2 1
orbyte/internal/platform/httpx/ui.go:443.17,446.4 2 0
orbyte/internal/platform/httpx/ui.go:447.3,450.42 4 1
orbyte/internal/platform/httpx/ui.go:450.42,452.18 2 1
orbyte/internal/platform/httpx/ui.go:452.18,454.32 2 1
orbyte/internal/platform/httpx/ui.go:454.32,456.6 1 0
orbyte/internal/platform/httpx/ui.go:457.5,457.39 1 1
orbyte/internal/platform/httpx/ui.go:459.4,459.71 1 1
orbyte/internal/platform/httpx/ui.go:459.71,461.5 1 1
orbyte/internal/platform/httpx/ui.go:463.3,464.41 2 1
orbyte/internal/platform/httpx/ui.go:467.2,467.98 1 1
orbyte/internal/platform/httpx/ui.go:467.98,469.10 2 0
orbyte/internal/platform/httpx/ui.go:469.10,471.4 1 0
orbyte/internal/platform/httpx/ui.go:472.3,472.64 1 0
orbyte/internal/platform/httpx/ui.go:472.64,475.4 2 0
orbyte/internal/platform/httpx/ui.go:476.3,477.23 2 0
orbyte/internal/platform/httpx/ui.go:477.23,480.4 2 0
orbyte/internal/platform/httpx/ui.go:481.3,484.100 4 0
orbyte/internal/platform/httpx/ui.go:484.100,486.14 2 0
orbyte/internal/platform/httpx/ui.go:486.14,489.5 2 0
orbyte/internal/platform/httpx/ui.go:490.4,492.18 3 0
orbyte/internal/platform/httpx/ui.go:492.18,495.5 2 0
orbyte/internal/platform/httpx/ui.go:496.9,496.111 1 0
orbyte/internal/platform/httpx/ui.go:496.111,498.22 2 0
orbyte/internal/platform/httpx/ui.go:498.22,503.19 5 0
orbyte/internal/platform/httpx/ui.go:503.19,506.6 2 0
orbyte/internal/platform/httpx/ui.go:507.5,507.29 1 0
orbyte/internal/platform/httpx/ui.go:507.29,508.47 1 0
orbyte/internal/platform/httpx/ui.go:508.47,510.7 1 0
orbyte/internal/platform/httpx/ui.go:512.5,512.27 1 0
orbyte/internal/platform/httpx/ui.go:512.27,513.45 1 0
orbyte/internal/platform/httpx/ui.go:513.45,515.7 1 0
orbyte/internal/platform/httpx/ui.go:519.3,527.17 2 0
orbyte/internal/platform/httpx/ui.go:527.17,530.4 2 0
orbyte/internal/platform/httpx/ui.go:531.3,531.41 1 0
orbyte/internal/platform/httpx/ui.go:534.2,534.96 1 1
orbyte/internal/platform/httpx/ui.go:534.96,536.10 2 0
orbyte/internal/platform/httpx/ui.go:536.10,538.4 1 0
orbyte/internal/platform/httpx/ui.go:539.3,539.64 1 0
orbyte/internal/platform/httpx/ui.go:539.64,542.4 2 0
orbyte/internal/platform/httpx/ui.go:543.3,544.21 2 0
orbyte/internal/platform/httpx/ui.go:544.21,547.4 2 0
orbyte/internal/platform/httpx/ui.go:548.3,549.13 2 0
orbyte/internal/platform/httpx/ui.go:549.13,552.4 2 0
orbyte/internal/platform/httpx/ui.go:553.3,554.17 2 0
orbyte/internal/platform/httpx/ui.go:554.17,557.4 2 0
orbyte/internal/platform/httpx/ui.go:558.3,567.17 2 0
orbyte/internal/platform/httpx/ui.go:567.17,570.4 2 0
orbyte/internal/platform/httpx/ui.go:571.3,571.41 1 0
orbyte/internal/platform/httpx/ui.go:574.2,574.94 1 1
orbyte/internal/platform/httpx/ui.go:574.94,576.10 2 1
orbyte/internal/platform/httpx/ui.go:576.10,578.4 1 0
orbyte/internal/platform/httpx/ui.go:579.3,579.64 1 1
orbyte/internal/platform/httpx/ui.go:579.64,582.4 2 0
orbyte/internal/platform/httpx/ui.go:583.3,584.19 2 1
orbyte/internal/platform/httpx/ui.go:584.19,587.4 2 0
orbyte/internal/platform/httpx/ui.go:588.3,591.43 4 1
orbyte/internal/platform/httpx/ui.go:591.43,594.14 3 1
orbyte/internal/platform/httpx/ui.go:594.14,597.5 2 0
orbyte/internal/platform/httpx/ui.go:598.4,600.18 3 1
orbyte/internal/platform/httpx/ui.go:600.18,603.5 2 1
orbyte/internal/platform/httpx/ui.go:604.9,604.35 1 1
orbyte/internal/platform/httpx/ui.go:604.35,606.22 2 1
orbyte/internal/platform/httpx/ui.go:606.22,609.19 3 1
orbyte/internal/platform/httpx/ui.go:609.19,612.6 2 1
orbyte/internal/platform/httpx/ui.go:615.3,624.17 2 1
orbyte/internal/platform/httpx/ui.go:624.17,627.4 2 0
orbyte/internal/platform/httpx/ui.go:628.3,628.41 1 1
orbyte/internal/platform/httpx/ui.go:632.114,633.41 1 0
orbyte/internal/platform/httpx/ui.go:633.41,634.34 1 0
orbyte/internal/platform/httpx/ui.go:634.34,635.12 1 0
orbyte/internal/platform/httpx/ui.go:637.3,638.17 2 0
orbyte/internal/platform/httpx/ui.go:638.17,640.4 1 0
orbyte/internal/platform/httpx/ui.go:641.3,641.15 1 0
orbyte/internal/platform/httpx/ui.go:643.2,643.12 1 0
orbyte/internal/platform/httpx/ui.go:646.36,648.19 2 1
orbyte/internal/platform/httpx/ui.go:648.19,650.3 1 0
orbyte/internal/platform/httpx/ui.go:651.2,653.29 3 1
orbyte/internal/platform/httpx/ui.go:653.29,655.17 2 1
orbyte/internal/platform/httpx/ui.go:655.17,657.4 1 1
orbyte/internal/platform/httpx/ui.go:659.2,659.12 1 1
orbyte/internal/platform/httpx/ui.go:662.92,663.37 1 1
orbyte/internal/platform/httpx/ui.go:663.37,666.3 2 0
orbyte/internal/platform/httpx/ui.go:667.2,668.9 2 1
orbyte/internal/platform/httpx/ui.go:668.9,671.3 2 1
orbyte/internal/platform/httpx/ui.go:672.2,672.29 1 1
orbyte/internal/platform/httpx/ui.go:672.29,675.3 2 0
orbyte/internal/platform/httpx/ui.go:676.2,676.16 1 1
orbyte/internal/platform/httpx/ui.go:679.90,680.41 1 1
orbyte/internal/platform/httpx/ui.go:680.41,681.42 1 1
orbyte/internal/platform/httpx/ui.go:681.42,682.12 1 0
orbyte/internal/platform/httpx/ui.go:684.3,684.103 1 1
orbyte/internal/platform/httpx/ui.go:684.103,686.4 1 0
orbyte/internal/platform/httpx/ui.go:688.2,688.13 1 1
orbyte/internal/platform/httpx/ui.go:691.257,702.40 10 1
orbyte/internal/platform/httpx/ui.go:702.40,703.32 1 1
orbyte/internal/platform/httpx/ui.go:703.32,704.12 1 1
orbyte/internal/platform/httpx/ui.go:706.3,706.59 1 1
orbyte/internal/platform/httpx/ui.go:706.59,707.48 1 1
orbyte/internal/platform/httpx/ui.go:707.48,708.13 1 1
orbyte/internal/platform/httpx/ui.go:710.4,710.65 1 1
orbyte/internal/platform/httpx/ui.go:710.65,711.13 1 0
orbyte/internal/platform/httpx/ui.go:713.4,713.29 1 1
orbyte/internal/platform/httpx/ui.go:714.34,715.29 1 1
orbyte/internal/platform/httpx/ui.go:715.29,717.72 2 1
orbyte/internal/platform/httpx/ui.go:717.72,718.15 1 0
orbyte/internal/platform/httpx/ui.go:720.6,720.29 1 1
orbyte/internal/platform/httpx/ui.go:720.29,723.7 2 1
orbyte/internal/platform/httpx/ui.go:725.33,727.66 2 1
orbyte/internal/platform/httpx/ui.go:727.66,728.145 1 1
orbyte/internal/platform/httpx/ui.go:728.145,730.32 2 1
orbyte/internal/platform/httpx/ui.go:730.32,733.8 2 1
orbyte/internal/platform/httpx/ui.go:734.7,734.12 1 1
orbyte/internal/platform/httpx/ui.go:737.5,737.22 1 1
orbyte/internal/platform/httpx/ui.go:737.22,738.14 1 0
orbyte/internal/platform/httpx/ui.go:740.31,742.65 2 1
orbyte/internal/platform/httpx/ui.go:742.65,743.135 1 1
orbyte/internal/platform/httpx/ui.go:743.135,745.30 2 1
orbyte/internal/platform/httpx/ui.go:745.30,748.8 2 1
orbyte/internal/platform/httpx/ui.go:749.7,749.12 1 1
orbyte/internal/platform/httpx/ui.go:752.5,752.21 1 1
orbyte/internal/platform/httpx/ui.go:752.21,753.14 1 0
orbyte/internal/platform/httpx/ui.go:756.4,756.31 1 1
orbyte/internal/platform/httpx/ui.go:756.31,759.5 2 1
orbyte/internal/platform/httpx/ui.go:763.2,763.40 1 1
orbyte/internal/platform/httpx/ui.go:763.40,764.32 1 1
orbyte/internal/platform/httpx/ui.go:764.32,765.12 1 1
orbyte/internal/platform/httpx/ui.go:767.3,767.58 1 1
orbyte/internal/platform/httpx/ui.go:767.58,768.49 1 1
orbyte/internal/platform/httpx/ui.go:768.49,769.13 1 1
orbyte/internal/platform/httpx/ui.go:771.4,771.100 1 1
orbyte/internal/platform/httpx/ui.go:771.100,772.13 1 0
orbyte/internal/platform/httpx/ui.go:774.4,774.48 1 1
orbyte/internal/platform/httpx/ui.go:778.2,778.47 1 1
orbyte/internal/platform/httpx/ui.go:778.47,779.53 1 1
orbyte/internal/platform/httpx/ui.go:779.53,781.4 1 0
orbyte/internal/platform/httpx/ui.go:782.3,782.55 1 1
orbyte/internal/platform/httpx/ui.go:784.2,784.49 1 1
orbyte/internal/platform/httpx/ui.go:784.49,784.105 1 1
orbyte/internal/platform/httpx/ui.go:785.2,785.47 1 1
orbyte/internal/platform/httpx/ui.go:785.47,785.99 1 1
orbyte/internal/platform/httpx/ui.go:786.2,786.49 1 1
orbyte/internal/platform/httpx/ui.go:786.49,786.105 1 0
orbyte/internal/platform/httpx/ui.go:787.2,787.47 1 1
orbyte/internal/platform/httpx/ui.go:787.47,787.99 1 0
orbyte/internal/platform/httpx/ui.go:789.2,789.81 1 1
orbyte/internal/platform/httpx/ui.go:792.67,794.21 2 1
orbyte/internal/platform/httpx/ui.go:794.21,796.3 1 1
orbyte/internal/platform/httpx/ui.go:797.2,797.58 1 1
orbyte/internal/platform/httpx/ui.go:797.58,799.3 1 0
orbyte/internal/platform/httpx/ui.go:800.2,800.68 1 1
orbyte/internal/platform/httpx/ui.go:803.42,805.38 2 1
orbyte/internal/platform/httpx/ui.go:805.38,807.3 1 0
orbyte/internal/platform/httpx/ui.go:808.2,808.60 1 1
orbyte/internal/platform/httpx/ui.go:811.44,813.38 2 1
orbyte/internal/platform/httpx/ui.go:813.38,815.3 1 0
orbyte/internal/platform/httpx/ui.go:816.2,816.87 1 1
orbyte/internal/platform/httpx/ui.go:3198.38,3353.2 1 1
